Id,Name,Lat,Lon,Type,Icon,City,District
3153,台3丙線1197-1,23.814006,120.732973,郵局,📮,南投縣,竹山鎮
29136,台7丙線68-86號,24.662282,121.628302,公車站,🚌,宜蘭縣,三星鄉
29160,中興路二段,24.694036,121.687816,餐廳,🍴,宜蘭縣,三星鄉
29165,健富路二段407,24.697543,121.683714,大學&學院,🎓,宜蘭縣,三星鄉
29181,三星,24.666702,121.650612,公園,🌳,宜蘭縣,三星鄉
29872,五濱路二段201號,24.686864,121.820833,水邊,🌊,宜蘭縣,五結鄉
29906,傳藝大橋,24.682791,121.82539,橋樑,🌉,宜蘭縣,五結鄉
30227,宜26鄉道141-1,24.687147,121.74001,便利店,🏪,宜蘭縣,冬山鄉
30849,大通路146-6號,24.46611,121.796032,主題樂園,🎡,宜蘭縣,南澳鄉
32402,吉祥路101-69號,24.760076,121.755425,義式餐廳,🍝,宜蘭縣,宜蘭市
32835,抹茶山下,24.820879,121.757326,咖啡杯,☕,宜蘭縣,礁溪鄉
34160,中山路二段162巷8,24.606368,121.830688,森林,🌲,宜蘭縣,蘇澳鎮
34606,合興路66,24.932145,121.885807,海灘,🏖️,宜蘭縣,合興里
35581,中正路505巷2號,22.6915,120.49993,美術館,🖼️,屏東縣,北勢頭
39573,屏東,22.668451,120.489851,路邊,🛣️,屏東縣,屏東市
39596,廣東路744-786,22.687265,120.492261,壽司,🍣,屏東縣,屏東市
49788,屏85鄉道116-1,22.586665,120.544538,拉麵店,🍜,屏東縣,竹田鄉
89657,錦順街53-46號,25.051168,121.285255,服裝店,👕,桃園市,蘆竹區
101039,大同路一段,25.058754,121.636381,墨西哥餐廳,🌮,新北市,汐止區
126088,富愛街6號,23.654745,121.451471,五金行,🔧,花蓮縣,光復鄉
126488,南海九街202巷2-,23.945005,121.586636,路邊,🛣️,花蓮縣,吉安鄉
129072,草林,24.118637,121.638678,自助洗衣店&乾洗店,🧺,花蓮縣,新城鄉
129210,路邊,24.057789,121.609028,路邊,🛣️,花蓮縣,新城鄉
129485,花蓮縣瑞穗鄉公所,23.491918,121.446214,路邊,🛣️,花蓮縣,瑞穗鄉
130140,花蓮縣原住民族野菜學,23.992093,121.611207,森林,🌲,花蓮縣,花蓮市
160073,建武路157-147,22.643878,120.330083,咖哩,🍛,高雄市,三民區
163715,機場,22.784503,120.261233,機場,✈️,高雄市,岡山區
180531,民雄,23.557611,120.419192,公園,🌳,嘉義縣,民雄鄉
180534,八股路366-370,25.053044,121.253185,機場,✈️,桃園市,蘆竹區
180536,民義街68巷25-2,25.089925,121.474121,便利店,🏪,新北市,蘆洲區
180537,民族路227巷29號,25.088787,121.476325,公園,🌳,新北市,蘆洲區
180538,鯤鯓路127之11號,22.957953,120.169475,森林,🌲,臺南市,南區
180543,中正路421-409,23.228366,120.350883,餐廳,🍴,臺南市,六甲區
180546,和緯路五段89巷99,23.004019,120.184444,餐廳,🍴,臺南市,中西區
180547,成章三街33-23號,24.9787,121.257037,公車站,🚌,桃園市,中壢區
180549,彰195鄉道50-6,24.105797,120.53153,水邊,🌊,彰化縣,和美鎮
180550,文化路324-378,23.711941,120.553658,自助洗衣店&乾洗店,🧺,雲林縣,斗六市
180551,學府路一段,23.451862,120.293093,大學&學院,🎓,嘉義縣,太保市
180552,嘉57鄉道,23.529859,120.289097,麵包店,🥐,嘉義縣,六腳鄉
180553,媽祖大橋,23.568988,120.292216,橋樑,🌉,雲林縣,北港鎮
180554,新北市特二號快速道路,25.048398,121.442009,公園,🌳,新北市,新莊區
180557,南泰路3-4號,25.036697,121.416559,森林,🌲,新北市,泰山區
180563,155縣道198-2,23.578442,120.294708,便利店,🏪,雲林縣,北港鎮
180564,中央公路271-23,23.579151,120.298177,路邊,🛣️,雲林縣,北港鎮
180568,長春二路104-23,24.977781,121.246275,麵包店,🥐,桃園市,中壢區
180570,金馬路三段539巷4,24.078923,120.532593,水邊,🌊,彰化縣,彰化市
180571,嘉113鄉道,23.504236,120.531533,車站,🚉,嘉義縣,竹崎鄉
180572,士商路150號,25.094855,121.516523,公車站,🚌,臺北市,士林區
180575,光輝二街48-52號,24.963645,121.218568,水邊,🌊,桃園市,中壢區
180580,忠孝街94-84號,23.759154,120.347167,美術館,🖼️,雲林縣,崙背鄉
180587,鹿工路,24.077199,120.400381,海灘,🏖️,彰化縣,鹿港鎮
180589,拌健康-夏威夷拌飯A,22.560708,120.539057,服裝店,👕,屏東縣,潮州鎮
180593,嘉105鄉道51號,23.562723,120.449191,麵包店,🥐,嘉義縣,民雄鄉
180594,廣福街5號,24.994324,121.456145,公園,🌳,新北市,板橋區
180595,昌平路三段50巷11,24.20239,120.675855,咖哩,🍛,臺中市,北屯區
180599,林家宅宅,23.513461,120.476112,服裝店,👕,嘉義縣,民雄鄉
180601,宏毅一路8巷5號之1,22.703109,120.296646,水邊,🌊,高雄市,楠梓區
180602,世運大道100,22.70269,120.293749,體育館,🏋️,高雄市,左營區
180604,德正街27巷29弄6,24.972179,121.545342,公園,🌳,新北市,新店區
180605,中山路一段255-2,23.236646,120.266309,超市,🛒,臺南市,下營區
180606,金城路三段,24.98735,121.467574,服裝店,👕,新北市,土城區
180607,文雅街60巷57-7,24.244176,120.549557,路邊,🛣️,臺中市,梧棲區
180611,八德路73-59號,23.483752,120.430783,拉麵店,🍜,嘉義市,西區
180612,敦化南路一段80巷1,25.046774,121.547724,咖啡杯,☕,臺北市,松山區
180616,長沙街22-30號,23.714616,120.533214,路邊,🛣️,雲林縣,斗六市
180618,介壽路25號,24.780528,121.020393,飯店,🏨,新竹市,東區
180620,內山公路357號,23.872021,120.692767,公車站,🚌,南投縣,名間鄉
180621,彰南路256巷,23.855596,120.696333,公園,🌳,南投縣,名間鄉
180622,大同路一段336-3,23.963566,120.579599,咖啡杯,☕,彰化縣,員林市
180623,德化街620-636,24.161618,120.665677,便利店,🏪,臺中市,北區
180628,民生路703-653,23.895605,120.589046,超市,🛒,彰化縣,社頭鄉
180630,漢生東路193巷97,25.012,121.473191,咖啡杯,☕,新北市,板橋區
180633,民雄,23.560706,120.474411,大學&學院,🎓,嘉義縣,民雄鄉
180634,和平路16號,24.994426,121.459778,公車站,🚌,新北市,板橋區
180636,中山高速公路,22.65814,120.332646,橋樑,🌉,高雄市,鳥松區
180638,小叮噹傾斜屋,24.871634,120.979271,主題樂園,🎡,新竹縣,新豐鄉
180640,朴子三路16-6號,23.456606,120.28824,公園,🌳,嘉義縣,朴子市
180643,海清路2-16號,23.652693,120.157041,公園,🌳,雲林縣,四湖鄉
180645,吉安路二段96,23.972595,121.562206,公園,🌳,花蓮縣,吉安鄉
180647,中央公路137-13,23.955706,120.481636,餐廳,🍴,彰化縣,溪湖鎮
180649,黎明路三段171-1,24.174644,120.637724,飯店,🏨,臺中市,西屯區
180654,竹圍路190-194,23.486269,120.427189,飯店,🏨,嘉義市,西區
180659,華南路一段49-41,24.869327,121.216103,麵包店,🥐,桃園市,龍潭區
180664,自強南路80號,24.087054,120.535511,便利店,🏪,彰化縣,彰化市
180666,蜊埤路27號,24.754334,121.700595,路邊,🛣️,宜蘭縣,員山鄉
180667,自強路109巷117,24.09013,120.541007,咖啡杯,☕,彰化縣,彰化市
180669,安平街2-60號,24.089514,120.54589,水邊,🌊,彰化縣,彰化市
180670,泰安二街212-22,24.09331,120.545958,公園,🌳,彰化縣,彰化市
180671,茄南街80-82號,24.093245,120.543779,超市,🛒,彰化縣,彰化市
180675,六合北路25-3號,23.973108,120.977016,山丘,⛰️,南投縣,埔里鎮
180678,民揚路42-60號,22.636561,120.388327,水邊,🌊,高雄市,大寮區
180681,203縣道,23.574464,119.501525,水邊,🌊,澎湖縣,西嶼鄉
180682,九華山天空步道,24.458509,120.754262,森林,🌲,苗栗縣,通霄鎮
180683,中華路51-49號,23.304776,120.311959,拉麵店,🍜,臺南市,新營區
180684,福達路二段628號,24.984033,121.165397,水邊,🌊,桃園市,中壢區
180685,嘉112鄉道155-,23.481088,120.453906,拉麵店,🍜,嘉義市,東區
180686,文七五街13-7號,25.05298,121.362206,服裝店,👕,桃園市,龜山區
180688,文昌路,22.791389,121.122476,公園,🌳,臺東縣,臺東市
180689,新興路,22.79356,121.124652,飯店,🏨,臺東縣,臺東市
180690,高雄橋頭新市鎮郵局,22.737942,120.305374,郵局,📮,高雄市,橋頭區
180691,保生街278-282,23.556422,120.425476,便利店,🏪,嘉義縣,民雄鄉
180692,文化路35巷28-4,23.55348,120.42813,餐廳,🍴,嘉義縣,民雄鄉
180694,富林路三段,24.775676,121.073143,義式餐廳,🍝,新竹縣,新竹縣芎林鄉
180695,鳳林公路47-3號,22.50797,120.396159,超市,🛒,高雄市,林園區
180696,新化茄苳坑保濟宮,23.036066,120.355867,公車站,🚌,臺南市,新化區
180702,忠孝東路六段278巷,25.048096,121.590342,餐廳,🍴,臺北市,南港區
180703,農權路三段160-1,24.750418,121.737991,服裝店,👕,宜蘭縣,宜蘭市
180704,大德街180-190,24.787675,121.183067,公園,🌳,新竹縣,關西鎮
180706,中山路307-295,22.755661,121.150854,拉麵店,🍜,臺東縣,臺東市
180711,景華街176巷55-,24.995729,121.549341,森林,🌲,臺北市,文山區
180713,中山路一段93巷19,23.966434,121.588092,超市,🛒,花蓮縣,吉安鄉
180715,中央路二段21巷11,24.979805,121.444259,公車站,🚌,新北市,土城區
180717,清水岩路299巷,23.904029,120.590599,水邊,🌊,彰化縣,社頭鄉
180719,興豐路645-625,24.931071,121.294986,服裝店,👕,桃園市,八德區
180720,文心南七路206-2,24.129457,120.648212,拉麵店,🍜,臺中市,南屯區
180721,益民路一段94-11,24.108895,120.693804,便利店,🏪,臺中市,大里區
180722,僑中一街80巷22-,25.013493,121.44827,公園,🌳,新北市,板橋區
180724,中山街440-450,23.985513,120.684067,郵局,📮,南投縣,草屯鎮
180725,宜19鄉道406-4,24.749779,121.767923,義式餐廳,🍝,宜蘭縣,宜蘭市
180726,博愛街,24.986333,121.42374,公車站,🚌,新北市,樹林區
180729,平等街,24.070654,120.527453,壽司,🍣,彰化縣,彰化市
180730,仁義街171-147,24.125726,120.67284,公園,🌳,臺中市,南區
180734,五峰路,24.82714,121.759854,森林,🌲,宜蘭縣,礁溪鄉
180735,柏綸股份有限公司,23.726797,120.497524,主題樂園,🎡,雲林縣,虎尾鎮
180737,市道177甲線249,22.972117,120.297531,圖書館,📚,臺南市,歸仁區
180738,文化街一段98號,22.969882,120.297387,餐廳,🍴,臺南市,歸仁區
180739,大鶯路346巷43之,24.900926,121.293843,公園,🌳,桃園市,大溪區
180740,桃60鄉道460-4,24.906417,121.295078,公車站,🚌,桃園市,大溪區
180741,桃60鄉道441-4,24.90532,121.294209,路邊,🛣️,桃園市,大溪區
180744,苗2鄉道1036-1,24.710346,120.893969,超市,🛒,苗栗縣,竹南鎮
180745,花蓮,23.994537,121.591809,公車站,🚌,花蓮縣,花蓮市
180747,彰6鄉道91-15號,24.10834,120.527977,咖啡杯,☕,彰化縣,和美鎮
180749,向上路六段,24.185842,120.573695,森林,🌲,臺中市,龍井區
180751,中華南路一段313-,24.96176,121.113561,水邊,🌊,桃園市,新屋區
180753,雲50鄉道,23.769491,120.504848,電器行,🔌,雲林縣,莿桐鄉
180756,維新路55-47號,22.737055,120.553209,超市,🛒,屏東縣,鹽埔鄉
180758,九如二路,22.640578,120.313095,公車站,🚌,高雄市,三民區
180759,青峰路一段,25.013848,121.218133,服裝店,👕,桃園市,中壢區
180762,民享路30-86號,24.274063,120.56249,麵包店,🥐,臺中市,清水區
180763,智仁街114-132,22.860409,120.263107,路邊,🛣️,高雄市,路竹區
180764,大同路218巷11-,22.861044,120.265918,公園,🌳,高雄市,路竹區
180765,一甲路9-1號,22.871073,120.27219,公車站,🚌,高雄市,路竹區
180766,公所路289-207,23.893422,120.528885,郵局,📮,彰化縣,田尾鄉
180769,宜42鄉道41-27,24.618012,121.833181,便利店,🏪,宜蘭縣,蘇澳鎮
180771,寶中路86-90號,24.980374,121.548662,郵局,📮,新北市,新店區
180772,內山公路,24.45617,120.878496,森林,🌲,苗栗縣,獅潭鄉
180778,美溪路一段36-62,23.94474,120.478086,水邊,🌊,彰化縣,溪湖鎮
180780,員鹿路一段731-5,23.953702,120.497707,路邊,🛣️,彰化縣,溪湖鎮
180781,田河路7號,23.951873,120.466919,橋樑,🌉,彰化縣,溪湖鎮
180784,大仁路322-330,22.871152,120.270697,便利店,🏪,高雄市,路竹區
180787,中興路,23.974401,120.687626,餐廳,🍴,南投縣,草屯鎮
180788,中潭公路,23.978673,120.702044,便利店,🏪,南投縣,草屯鎮
180790,永美路一段,24.770742,121.80965,公園,🌳,宜蘭縣,壯圍鄉
180791,健康路399-349,25.054714,121.568899,公園,🌳,臺北市,松山區
180792,彰興街,24.061747,120.538656,公園,🌳,彰化縣,彰化市
180793,斗苑東路727-68,23.889658,120.474442,便利店,🏪,彰化縣,彰化縣埤頭鄉
180796,吉興路一段299-2,23.964094,121.573289,飯店,🏨,花蓮縣,吉安鄉
180799,五福路18號,22.545295,120.535778,五金行,🔧,屏東縣,潮州鎮
180801,豐田三路50-82號,24.92858,121.288242,路邊,🛣️,桃園市,八德區
180805,122縣道524-5,24.707219,121.097137,公車站,🚌,新竹縣,竹東鎮
180811,精誠路245-217,22.752702,121.155593,圖書館,📚,臺東縣,台東市
180813,赤崁南路,22.73558,120.248629,便利店,🏪,高雄市,梓官區
180816,慈康路2-52號,24.873959,121.286498,咖啡杯,☕,桃園市,大溪區
180817,國豐五街15號,24.960711,121.292291,餐廳,🍴,桃園市,八德區
180818,國際一路185之20,24.963538,121.289785,公園,🌳,桃園市,八德區
180823,莊敬路274-294,23.703251,120.546204,便利店,🏪,雲林縣,斗六市
180826,早知路,23.621055,120.460154,大學&學院,🎓,嘉義縣,大林鎮
180828,台9線1211號,22.775325,121.128457,咖啡杯,☕,臺東縣,臺東市
180829,志航路一段,22.777449,121.127077,郵局,📮,臺東縣,臺東市
180830,新華路一段699-6,24.996602,121.116196,超市,🛒,桃園市,觀音區
180831,東龍路200巷11-,24.864548,121.215266,圖書館,📚,桃園市,龍潭區
180832,中正二街617-46,23.033296,120.240548,服裝店,👕,臺南市,永康區
180833,東南街53巷47-4,24.799376,120.974841,公園,🌳,新竹市,東區
180835,成泰路一段98巷16,25.071117,121.443901,橋樑,🌉,新北市,五股區
180841,中山路86-98號,24.733793,121.095361,餐廳,🍴,新竹縣,竹東鎮
180843,北興路一段300號,24.728226,121.099636,公車站,🚌,新竹縣,竹東鎮
180844,龍鳳路16-26號,24.728881,121.093914,公園,🌳,新竹縣,竹東鎮
180845,公園路12-84號,24.734516,121.085922,森林,🌲,新竹縣,竹東鎮
180846,公園路10號,24.735403,121.086909,路邊,🛣️,新竹縣,竹東鎮
180847,公園路13-1號,24.735943,121.087515,餐廳,🍴,新竹縣,竹東鎮
180848,世界街57-17號,24.736719,121.085266,森林,🌲,新竹縣,竹東鎮
180849,忠孝路55-69號,23.051788,121.161448,拉麵店,🍜,臺東縣,關山鎮
180850,力學路,23.108472,121.201256,咖啡杯,☕,臺東縣,池上鄉
180855,中正路141-131,23.603855,120.395484,郵局,📮,嘉義縣,溪口鄉
180856,馬公,23.560557,119.598147,路邊,🛣️,澎湖縣,馬公市
180857,大智路一段,24.251552,120.553845,服裝店,👕,臺中市,梧棲區
180858,大學路一段,23.561326,120.465178,甜點店,🍰,嘉義縣,民雄鄉
180859,"No. 67-29,",23.606873,120.451882,路邊,🛣️,嘉義縣,大林鎮
180861,內埔,22.623157,120.557157,拉麵店,🍜,屏東縣,內埔鄉
180862,187縣道563-4,22.635439,120.596943,超市,🛒,屏東縣,內埔鄉
180863,187縣道43-33,22.642911,120.595952,拉麵店,🍜,屏東縣,內埔鄉
180865,西平南巷2號,24.196269,120.619738,公園,🌳,臺中市,西屯區
180869,中科路,24.193771,120.654956,公園,🌳,臺中市,西屯區
180870,鮮田,24.778175,121.699363,森林,🌲,宜蘭縣,員山鄉
180874,世賢路二段,23.471102,120.421954,便利店,🏪,嘉義市,西區
180877,埔心街92巷1-31,24.704691,121.050893,路邊,🛣️,新竹縣,北埔鄉
180878,民安西路173巷35,25.016064,121.427432,公園,🌳,新北市,新莊區
180879,中山路,24.704352,121.052112,拉麵店,🍜,新竹縣,北埔鄉
180881,公館路168-220,23.852456,120.586395,麵包店,🥐,彰化縣,田中鎮
180882,福安路261巷55-,23.862102,120.58728,美容院,💅,彰化縣,田中鎮
180883,文中街41-15號,23.853941,120.591342,公園,🌳,彰化縣,田中鎮
180884,仙爺路536,24.719639,121.042716,水邊,🌊,新竹縣,寶山鄉
180885,新生街2-30號,23.859835,120.588949,咖啡杯,☕,彰化縣,田中鎮
180886,大同路240-288,23.477133,120.427241,路邊,🛣️,嘉義市,西區
180887,興業西路,23.468415,120.434526,公園,🌳,嘉義市,西區
180888,三興路87巷,25.012872,121.393612,森林,🌲,新北市,樹林區
180889,重慶路315-285,23.46332,120.432558,橋樑,🌉,嘉義市,西區
180891,廣州街12-14號,23.462263,120.435561,美容院,💅,嘉義市,西區
180895,大山路120號,24.306202,120.729128,公園,🌳,臺中市,后里區
180897,108縣道166-1,25.066098,121.484662,公車站,🚌,新北市,三重區
180899,縱貫公路160-21,23.041578,120.244163,飯店,🏨,臺南市,永康區
180900,真理街3巷1-19號,25.175509,121.437193,水邊,🌊,新北市,淡水區
180901,愛國路228-71號,24.931763,121.374713,超市,🛒,新北市,三峽區
180902,中山高速公路,22.995699,120.248448,路邊,🛣️,臺南市,永康區
180903,中山高速公路,22.977113,120.248922,水邊,🌊,臺南市,仁德區
180904,中山路80-98號,22.970069,120.265674,公車站,🚌,臺南市,仁德區
180905,中山路,22.969754,120.268381,路邊,🛣️,臺南市,仁德區
180906,中正南路一段,22.942372,120.276991,橋樑,🌉,臺南市,歸仁區
180907,中正南路二段５巷43,22.935091,120.278829,水邊,🌊,臺南市,歸仁區
180909,通霄鎮,24.492134,120.678533,車站,🚉,苗栗縣,通霄鎮
180910,新埔里57之1號,24.540995,120.695568,車站,🚉,苗栗縣,通霄鎮
180911,福德巷359號,23.894462,120.536019,公園,🌳,彰化縣,田尾鄉
180912,內山公路467-33,23.69828,120.544324,服裝店,👕,雲林縣,斗六市
180914,環東大道,25.059524,121.585745,公車站,🚌,臺北市,內湖區
180915,龍安街198巷64-,25.123547,121.739321,森林,🌲,基隆市,仁愛區
180917,新溪街175巷106,24.83058,120.990801,水邊,🌊,新竹縣,竹北市
180918,西安街36-50號,23.706195,120.432958,路邊,🛣️,雲林縣,虎尾鎮
180919,正發路54號,24.569506,120.819757,水邊,🌊,苗栗縣,苗栗市
180920,中華東街207-19,24.582247,120.825908,橋樑,🌉,苗栗縣,苗栗市
180921,游家肥貓動物友善餐廳,24.895757,121.265372,拉麵店,🍜,桃園市,大溪區
180922,桃72鄉道309-2,24.936847,121.167342,便利店,🏪,桃園市,楊梅區
180923,鯉魚路,23.97282,120.990112,森林,🌲,南投縣,埔里鎮
180925,達摩祖師廟,24.771819,121.709913,森林,🌲,宜蘭縣,員山鄉
180926,南安路768號,23.967581,120.953389,餐廳,🍴,南投縣,埔里鎮
180927,二結路24號,24.784122,121.69465,水邊,🌊,宜蘭縣,員山鄉
180929,花東縱谷公路,22.899025,121.102851,飯店,🏨,臺東縣,鹿野鄉
180932,枕山路114號,24.774131,121.7209,森林,🌲,宜蘭縣,員山鄉
180933,宜5鄉道56號,24.780309,121.738245,森林,🌲,宜蘭縣,宜蘭市
180934,宜興路三段,24.770296,121.759085,森林,🌲,宜蘭縣,宜蘭市
180935,宜興路二段76-10,24.759935,121.759751,超市,🛒,宜蘭縣,宜蘭市
180936,宜5鄉道61-59號,24.780631,121.734886,麵包店,🥐,宜蘭縣,員山鄉
180938,內山公路142-14,24.897634,121.27924,公車站,🚌,桃園市,大溪區
180941,宜17鄉道44號,24.741463,121.746912,麵包店,🥐,宜蘭縣,宜蘭市
180943,文心南六路254-2,24.130695,120.647681,飯店,🏨,臺中市,南屯區
180945,環東大道,25.058407,121.583516,公園,🌳,臺北市,內湖區
180946,中山路三段25-19,23.974243,121.577546,公車站,🚌,花蓮縣,吉安鄉
180947,民富二街8巷20-6,25.006804,121.319284,路邊,🛣️,桃園市,桃園區
180948,水岸七街96-100,25.030737,121.297276,服裝店,👕,桃園市,桃園區
180949,自強路467-447,23.984728,121.590376,森林,🌲,花蓮縣,吉安鄉
180950,漳福路23巷,24.789009,121.740271,路邊,🛣️,宜蘭縣,礁溪鄉
180953,縣政三街11巷24-,24.822525,121.012376,便利店,🏪,新竹縣,竹北市
180955,東大路二段,24.819253,120.962414,公車站,🚌,新竹市,北區
180956,忠孝路96-98號,22.673836,120.485236,韓國餐廳,🥘,屏東縣,屏東市
180957,漁港北路,25.119385,121.245407,海灘,🏖️,桃園市,大園區
180958,富祥街111-97號,23.992797,121.593399,餐廳,🍴,花蓮縣,花蓮市
180960,六腳鄉,23.488111,120.292083,路邊,🛣️,嘉義縣,六腳鄉
180962,友和路80號,23.480726,120.43228,韓國餐廳,🥘,嘉義市,西區
180963,桃68-1鄉道,24.830937,121.201445,森林,🌲,桃園市,龍潭區
180964,內山公路,24.792194,121.187882,水邊,🌊,新竹縣,關西鎮
180965,公車站,24.760124,121.173078,路邊,🛣️,新竹縣,關西鎮
180967,金門街122-126,24.991484,121.432902,餐廳,🍴,新北市,板橋區
180969,臺東,22.742258,121.137914,超市,🛒,臺東縣,台東市
180972,中正東路,25.05831,121.21475,橋樑,🌉,桃園市,大園區
180974,教忠街25巷33-2,25.135147,121.777373,公園,🌳,基隆市,信義區
180976,延平路三段411巷1,24.930294,121.198841,路邊,🛣️,桃園市,平鎮區
180977,南平路二段596-6,24.922976,121.189416,公園,🌳,桃園市,平鎮區
180981,和平街2巷,24.99133,121.509689,車站,🚉,新北市,中和區
180982,白石腳路150-15,24.840339,121.781436,森林,🌲,宜蘭縣,礁溪鄉
180983,環福街149-145,23.072331,120.222979,咖啡杯,☕,臺南市,安南區
180985,泉源路224號,25.141436,121.526917,山丘,⛰️,臺北市,北投區
180989,新德路8-64號,23.584364,120.300755,路邊,🛣️,雲林縣,北港鎮
180990,159縣道1358-,23.492263,120.397309,便利店,🏪,嘉義市,西區
180992,育英北街123-11,23.715944,120.551096,餐廳,🍴,雲林縣,斗六市
180994,平德路121-97號,24.927415,121.196327,森林,🌲,桃園市,平鎮區
180997,竹林路201巷22弄,25.009359,121.523024,便利店,🏪,新北市,永和區
181003,鯤鯓路162巷13弄,22.9616,120.171245,藥局,💊,臺南市,南區
181004,大發路83-103號,22.868853,120.193419,水邊,🌊,高雄市,茄萣區
181005,竹崎,23.49608,120.495622,拉麵店,🍜,嘉義縣,竹崎鄉
181009,延平路397-371,24.063002,120.542382,超市,🛒,彰化縣,彰化市
181011,新莊街217巷3-1,24.789326,121.017848,水邊,🌊,新竹市,東區
181014,中正路二段476-5,22.874891,120.536078,甜點店,🍰,高雄市,美濃區
181015,高102鄉道,22.861513,120.556104,水邊,🌊,高雄市,美濃區
181016,棒球十三街82-84,23.717339,120.532852,路邊,🛣️,雲林縣,斗六市
181018,汐止五股高架段,25.072043,121.548427,機場,✈️,臺北市,中山區
181019,恆公路1014-10,22.010575,120.741893,電器行,🔌,屏東縣,恆春鎮
181020,長春街172巷2-1,24.110701,120.639825,公園,🌳,臺中市,烏日區
181022,新埔,24.829182,121.066142,公車站,🚌,新竹縣,新埔鎮
181023,東大路三段,24.831734,120.954733,機場,✈️,新竹市,北區
181024,武陵路61巷,24.818967,120.964305,拉麵店,🍜,新竹市,北區
181025,東富街144-186,24.129281,120.701805,便利店,🏪,臺中市,東區
181030,北興街16-20號,24.163905,120.690846,拉麵店,🍜,臺中市,北屯區
181032,清水路25號,24.980069,121.454639,服裝店,👕,新北市,土城區
181034,彰濱產業園區,24.105973,120.410643,路邊,🛣️,彰化縣,鹿港鎮
181035,彰濱產業園區,24.110134,120.410637,路邊,🛣️,彰化縣,鹿港鎮
181036,彰濱產業園區,24.063999,120.400572,海灘,🏖️,彰化縣,鹿港鎮
181038,尖豐公路,24.717156,120.905845,路邊,🛣️,苗栗縣,竹南鎮
181041,光復北路,25.061572,121.55459,機場,✈️,臺北市,松山區
181043,中華路二段159-1,24.807009,120.979618,超市,🛒,新竹市,東區
181047,中清路五段,24.242435,120.622706,機場,✈️,臺中市,大雅區
181048,文三二街66巷37-,25.05721,121.359739,路邊,🛣️,桃園市,龜山區
181052,二聖一路107巷63,22.610392,120.32363,藥局,💊,高雄市,前鎮區
181054,廣東三街46-70號,22.609084,120.319902,咖啡杯,☕,高雄市,前鎮區
181055,光明八街75-41號,24.829357,121.004451,公車站,🚌,新竹縣,竹北市
181056,斗六,23.701963,120.545639,水邊,🌊,雲林縣,斗六市
181057,中山路二段,25.006764,121.145863,公車站,🚌,桃園市,觀音區
181058,鶯桃路296巷47-,24.961424,121.335727,公園,🌳,新北市,鶯歌區
181061,機場北路,22.682466,120.471433,機場,✈️,屏東縣,屏東市
181062,機場北路53-8號,22.680384,120.472528,藥局,💊,屏東縣,屏東市
181064,122縣道57-35,24.765718,121.057592,郵局,📮,新竹縣,竹東鎮
181065,福興東路二段208-,24.813364,121.029798,路邊,🛣️,新竹縣,竹北市
181066,自治路328-368,24.568004,120.815688,路邊,🛣️,苗栗縣,苗栗市
181069,光復路一段268巷3,24.783271,121.021654,便利店,🏪,新竹市,東區
181071,竹中路288號,24.78103,121.033424,橋樑,🌉,新竹縣,竹東鎮
181072,金山東街35-61號,24.778562,121.027687,水邊,🌊,新竹市,東區
181074,自立街31巷17-5,24.691227,120.904452,路邊,🛣️,苗栗縣,頭份市
181077,長和路一段,23.05926,120.231861,體育館,🏋️,臺南市,安南區
181078,北71鄉道291-2,25.011927,121.42642,公車站,🚌,新北市,新莊區
181079,和平路28-62號,23.498346,120.388744,餐廳,🍴,嘉義縣,太保市
181080,和平路,23.499679,120.388386,服裝店,👕,嘉義縣,太保市
181082,健行路155-103,24.109551,120.600162,公園,🌳,臺中市,烏日區
181085,景福街98-108號,24.998412,121.536967,咖啡杯,☕,臺北市,文山區
181087,南興路130-136,23.466569,120.458981,麵包店,🥐,嘉義市,東區
181090,羅東,24.675405,121.778705,壽司,🍣,宜蘭縣,羅東鎮
181091,中正路96-138號,22.64706,120.52456,路邊,🛣️,屏東縣,麟洛鄉
181094,世賢路四段,23.464937,120.451477,咖啡杯,☕,嘉義市,東區
181095,嘉12鄉道41-37,23.463375,120.4476,橋樑,🌉,嘉義市,西區
181096,西門街,23.470455,120.443859,壽司,🍣,嘉義市,西區
181097,志昇街42-48號,23.46921,120.44449,便利店,🏪,嘉義市,西區
181099,怡安路二段462-4,23.044346,120.197359,郵局,📮,臺南市,安南區
181100,桃57鄉道774-7,24.957502,121.317814,路邊,🛣️,桃園市,八德區
181101,松園六路123號,22.570141,120.368227,公園,🌳,高雄市,小港區
181102,松園一路102號,22.57009,120.369243,超市,🛒,高雄市,小港區
181103,汐止五股高架段,25.076618,121.495859,公園,🌳,新北市,三重區
181105,彰61鄉道29-27,23.95399,120.543987,郵局,📮,彰化縣,埔心鄉
181106,埔心鄉新館綠動公園,23.937717,120.531023,公園,🌳,彰化縣,埔心鄉
181110,關東路90-144號,24.784462,121.022245,便利店,🏪,新竹市,東區
181116,汐止五股高架段,25.072398,121.544601,橋樑,🌉,臺北市,中山區
181118,隆頂街12-76號,24.707248,120.926537,飯店,🏨,苗栗縣,頭份市
181119,隆頂街12-76號,24.707131,120.92661,水邊,🌊,苗栗縣,竹南鎮
181120,鼎強街254-278,22.668472,120.322062,郵局,📮,高雄市,三民區
181123,維新路134巷39-,23.485499,120.459984,餐廳,🍴,嘉義市,東區
181124,孝義路,25.114763,121.449776,路邊,🛣️,新北市,新北市五股區
181126,關東路60-74號,24.783376,121.022648,便利店,🏪,新竹市,東區
181127,長文街509,22.910072,120.338469,森林,🌲,臺南市,關廟區
181131,鼎中路,22.672205,120.3211,公園,🌳,高雄市,三民區
181136,建興路271-291,24.146776,120.492824,便利店,🏪,彰化縣,伸港鄉
181137,建興路549-559,24.149057,120.488227,自助洗衣店&乾洗店,🧺,彰化縣,伸港鄉
181138,建興路291-323,24.14773,120.492921,服裝店,👕,彰化縣,伸港鄉
181140,麻善大橋,23.167975,120.265298,橋樑,🌉,臺南市,善化區
181141,彰4鄉道423-45,24.147888,120.478207,公車站,🚌,彰化縣,伸港鄉
181143,永強街67-57號,24.970357,121.258605,車站,🚉,桃園市,中壢區
181146,臺北,25.044496,121.55871,電影院,🎬,臺北市,信義區
181147,崙新南路85-61號,22.519715,120.57276,超市,🛒,屏東縣,潮州鎮
181150,西盛街,25.012824,121.427979,便利店,🏪,新北市,新莊區
181153,學府路,24.799306,120.986388,義式餐廳,🍝,新竹市,東區
181154,北大路166巷36-,24.81168,120.966255,自助洗衣店&乾洗店,🧺,新竹市,北區
181155,軍輝路155-133,23.455857,120.460371,餐廳,🍴,嘉義市,東區
181156,環河東路二段88-9,25.010513,121.524118,公園,🌳,新北市,永和區
181157,榮濱路24-46號,24.840766,120.929993,餐廳,🍴,新竹市,北區
181158,聖軍路40-68號,24.842167,120.929221,便利店,🏪,新竹市,北區
181160,埔頂一路,24.789589,121.016575,水邊,🌊,新竹市,東區
181163,光明六路東二段9號,24.811713,121.037342,公園,🌳,新竹縣,竹北市
181164,富林路一段375-3,23.97319,120.696435,森林,🌲,南投縣,草屯鎮
181165,藍昌路255-231,22.719497,120.290672,路邊,🛣️,高雄市,楠梓區
181167,南134鄉道,23.089318,120.261775,森林,🌲,臺南市,新市區
181168,竹22鄉道,24.789401,121.073227,森林,🌲,新竹縣,芎林鄉
181169,未命名的道路,24.749333,121.094183,橋樑,🌉,新竹縣,芎林鄉
181171,擬餌,23.472142,120.482341,水邊,🌊,嘉義市,東區
181172,番路,23.446211,120.585876,咖啡杯,☕,嘉義縣,番路鄉
181173,新華路一段492號,24.993542,121.11223,便利店,🏪,桃園市,觀音區
181174,中山路一段549-5,24.735588,121.762072,咖啡杯,☕,宜蘭縣,宜蘭市
181175,介壽北路156-17,24.070953,120.548035,水邊,🌊,彰化縣,彰化市
181176,中興路100巷29-,24.070408,120.546034,便利店,🏪,彰化縣,彰化市
181177,曉陽路17-13號,24.072166,120.541766,拉麵店,🍜,彰化縣,彰化市
181178,中山路二段382巷2,24.074062,120.545024,義式餐廳,🍝,彰化縣,彰化市
181181,京吉二路53-33號,22.68391,120.343373,咖啡杯,☕,高雄市,仁武區
181183,正南三路26-38號,23.026534,120.232879,公車站,🚌,臺南市,永康區
181185,府安路五段267巷3,23.021494,120.193194,電器行,🔌,臺南市,安南區
181186,延平路,23.904588,120.546572,水邊,🌊,彰化縣,永靖鄉
181187,海佃路一段158巷1,23.025531,120.199181,公園,🌳,臺南市,安南區
181188,信義路,23.572799,119.568595,拉麵店,🍜,澎湖縣,馬公市
181189,馬公,23.575565,119.581486,大學&學院,🎓,澎湖縣,馬公市
181191,文學路,23.567471,119.582702,便利店,🏪,澎湖縣,馬公市
181192,文光路135巷42-,23.57836,119.570117,飯店,🏨,澎湖縣,馬公市
181193,文安路160號,23.562326,119.580988,飯店,🏨,澎湖縣,馬公市
181196,202縣道,23.569732,119.607371,森林,🌲,澎湖縣,馬公市
181197,永安橋,23.623468,119.605067,橋樑,🌉,澎湖縣,白沙鄉
181198,馬公,23.564855,119.585691,餐廳,🍴,澎湖縣,馬公市
181200,白沙,23.650639,119.605299,主題樂園,🎡,澎湖縣,白沙鄉
181201,澎湖童樂園,23.56008,119.612319,森林,🌲,澎湖縣,湖西鄉
181203,白沙,23.660223,119.597384,路邊,🛣️,澎湖縣,白沙鄉
181204,跨海大橋,23.644464,119.543504,橋樑,🌉,澎湖縣,西嶼鄉
181205,馬公,23.570355,119.573495,郵局,📮,澎湖縣,馬公市
181206,澎5鄉道,23.599405,119.510749,郵局,📮,澎湖縣,西嶼鄉
181207,文山路10-30號,23.563596,119.584981,藥局,💊,澎湖縣,馬公市
181209,新店路525-479,23.563429,119.584269,飯店,🏨,澎湖縣,馬公市
181210,白沙,23.647863,119.599427,餐廳,🍴,澎湖縣,白沙鄉
181212,光復路,24.858161,121.016291,橋樑,🌉,新竹縣,湖口工業區
181213,大聖路168號,23.056374,120.22049,藥局,💊,臺南市,安南區
181215,金城街65號,24.911586,121.210084,超市,🛒,桃園市,平鎮區
181216,中正路1307巷20,24.969779,121.200888,電器行,🔌,桃園市,中壢區
181220,少年街104巷9-1,24.806129,120.957046,五金行,🔧,新竹市,北區
181221,榮華街47-33號,24.975639,121.322056,飯店,🏨,桃園市,桃園區
181223,忠義一街64-62號,23.996088,121.632981,飯店,🏨,花蓮縣,花蓮市
181224,社頭,23.887311,120.614021,森林,🌲,彰化縣,社頭鄉
181226,寧夏東一街24-38,24.168723,120.661838,自助洗衣店&乾洗店,🧺,臺中市,西屯區
181232,怡安路2段591巷,23.044436,120.19428,超市,🛒,臺南市,安南區
181233,通樹路99號,22.756347,120.304185,超市,🛒,高雄市,橋頭區
181234,台2乙線47-39號,25.080942,121.512995,公車站,🚌,臺北市,士林區
181235,竹光路35巷2-40,24.813562,120.961185,公車站,🚌,新竹市,北區
181236,鑫富安居麗景接待會館,24.334446,120.730729,公車站,🚌,臺中市,后里區
181237,田中,23.875325,120.587918,公車站,🚌,彰化縣,田中鎮
181238,漁港路1780,23.9703,120.324814,水邊,🌊,彰化縣,芳苑鄉
181239,貝林古堡 • 菲尼克,23.878196,120.501124,水邊,🌊,彰化縣,埤頭鄉
181240,花東縱谷公路,23.219682,121.281936,水邊,🌊,花蓮縣,富里鄉
181250,華山路,24.160291,120.571344,森林,🌲,臺中市,大肚區
181254,竹14鄉道143-9,24.834971,121.056138,公車站,🚌,新竹縣,新埔鎮
181255,宜33鄉道272-3,24.666059,121.743131,便利店,🏪,宜蘭縣,冬山鄉
181258,科專七路219-18,24.705374,120.903095,公園,🌳,苗栗縣,竹南鎮
181260,林口高架橋,25.117657,121.290077,海灘,🏖️,新北市,林口區
181262,安和路四段36巷41,23.051182,120.220246,服裝店,👕,臺南市,安南區
181264,民族路358-380,24.019181,120.625843,咖啡杯,☕,彰化縣,芬園鄉
181270,雲215鄉道,23.692905,120.568834,便利店,🏪,雲林縣,斗六市
181277,義教街770-784,23.498738,120.452122,服裝店,👕,嘉義市,東區
181278,高鐵南路六段,24.957615,121.155432,橋樑,🌉,桃園市,中壢區
181279,新生路307-297,24.928946,121.259904,森林,🌲,桃園市,中壢區
181282,南濱路,23.935588,121.593824,路邊,🛣️,花蓮縣,吉安鄉
181285,南濱路,23.96562,121.607738,公園,🌳,花蓮縣,花蓮市
181286,化成路630巷,25.055292,121.467596,服裝店,👕,新北市,新莊區
181288,建昌路88-114號,23.987768,121.594245,公園,🌳,花蓮縣,花蓮市
181290,林尾路156之12號,24.818436,121.73757,森林,🌲,宜蘭縣,礁溪鄉
181293,湖口,24.865729,121.012441,森林,🌲,新竹縣,湖口鄉
181294,枋寮公路203-18,24.835931,121.053984,餐廳,🍴,新竹縣,新埔鎮
181295,圓通路296巷,24.990512,121.488404,森林,🌲,新北市,中和區
181298,龍江路253號,24.929174,121.257404,拉麵店,🍜,桃園市,平鎮區
181301,鹿和路一段46-48,24.068341,120.45335,壽司,🍣,彰化縣,鹿港鎮
181302,泰林路二段414-4,25.064351,121.427208,森林,🌲,新北市,泰山區
181303,平原路246-286,24.117199,120.492623,服裝店,👕,彰化縣,和美鎮
181304,臺東,22.762412,121.134004,水邊,🌊,臺東縣,台東市
181306,大裕路112-130,22.656009,120.32856,公車站,🚌,高雄市,三民區
181307,水湳街275-115,25.092427,121.469551,路邊,🛣️,新北市,蘆洲區
181309,新昊貿易煙火批發零售,24.929826,121.007132,水邊,🌊,新竹縣,新豐鄉
181311,沙田路二段132巷9,24.141908,120.554179,服裝店,👕,臺中市,大肚區
181315,寶中路97巷,24.980747,121.549674,韓國餐廳,🥘,新北市,新店區
181316,嘉豐一街75-33號,24.816247,121.028687,公園,🌳,新竹縣,竹北市
181317,永科三路16-18號,23.04113,120.277502,水邊,🌊,臺南市,永康區
181319,共和村魚池52,23.869299,121.524777,水邊,🌊,花蓮縣,壽豐鄉
181320,勝利路212-218,24.547762,120.819448,義式餐廳,🍝,苗栗縣,苗栗市
181321,敬軍路53-47號,22.693131,120.485094,公園,🌳,屏東縣,屏東市
181324,中興路117-115,24.97025,121.101296,公車站,🚌,桃園市,新屋區
181326,中山路114-138,23.553089,120.347397,公園,🌳,嘉義縣,新港鄉
181328,芳華道,23.896322,121.534517,大學&學院,🎓,花蓮縣,壽豐鄉
181329,甲后路一段227巷3,24.308246,120.727734,郵局,📮,臺中市,后里區
181332,國光路28號,25.009198,121.518329,拉麵店,🍜,新北市,永和區
181333,化成路113巷35-,25.047317,121.462772,公園,🌳,新北市,新莊區
181335,祥和二路西段52-6,23.458672,120.285325,餐廳,🍴,嘉義縣,朴子市
181336,大仁路503號,22.870925,120.267098,公園,🌳,高雄市,路竹區
181337,"No. 47-43,",22.865364,120.265314,便利店,🏪,高雄市,路竹區
181338,大富路,23.466906,120.414945,公園,🌳,嘉義市,西區
181345,內山公路,24.274627,120.78663,橋樑,🌉,臺中市,石岡區
181347,明德路580-582,24.251925,120.575851,森林,🌲,臺中市,沙鹿區
181349,圓通路252巷13-,24.992094,121.492277,森林,🌲,新北市,中和區
181353,友愛路119-105,23.479498,120.434241,電器行,🔌,嘉義市,西區
181354,國光街21-11號,24.811116,120.961452,便利店,🏪,新竹市,北區
181361,長安街285巷20-,25.083856,121.457128,路邊,🛣️,新北市,蘆洲區
181362,中山二路272-28,25.078232,121.469027,公車站,🚌,新北市,蘆洲區
181365,南投,23.902543,120.689476,自助洗衣店&乾洗店,🧺,南投縣,南投市
181366,大享街,24.969172,121.187763,大學&學院,🎓,桃園市,中壢區
181367,南投,23.950442,120.694928,圖書館,📚,南投縣,南投市
181368,中興會堂,23.949355,120.696498,公園,🌳,南投縣,南投市
181369,智仁街267-247,22.858158,120.265112,餐廳,🍴,高雄市,路竹區
181370,執信一街93-79號,24.945912,121.22788,藥局,💊,桃園市,中壢區
181371,中興路234-282,22.857083,120.263065,餐廳,🍴,高雄市,路竹區
181373,成都路22-40號,24.951184,121.231268,超市,🛒,桃園市,中壢區
181374,衡陽街42-48號,24.949844,121.230454,公車站,🚌,桃園市,中壢區
181376,東林二街35-17號,24.949754,121.22834,拉麵店,🍜,桃園市,中壢區
181377,國昌路78-84號,22.854523,120.258765,公車站,🚌,高雄市,路竹區
181379,延平路191-173,22.858096,120.255547,藥局,💊,高雄市,路竹區
181380,民族街180-67號,24.997256,121.518309,水邊,🌊,新北市,永和區
181382,中央公路,23.44224,120.245474,便利店,🏪,嘉義縣,朴子市
181383,嘉62鄉道152-1,23.499459,120.371057,公車站,🚌,嘉義縣,太保市
181385,安和路五段171巷1,23.06484,120.21574,服裝店,👕,臺南市,安南區
181390,大林,23.600978,120.453941,路邊,🛣️,嘉義縣,大林鎮
181392,民族東路177-11,25.068202,121.540378,機場,✈️,臺北市,中山區
181396,南華大學-社會科學院,23.56906,120.495055,大學&學院,🎓,嘉義縣,大林鎮
181402,信義路233-247,23.895881,120.367141,公車站,🚌,彰化縣,二林鎮
181403,斗苑路五段345-3,23.900491,120.365252,郵局,📮,彰化縣,二林鎮
181404,165縣道315-3,23.439444,120.453725,公車站,🚌,嘉義縣,中埔鄉
181406,東西向快速公路南寮竹,24.828495,120.962935,水邊,🌊,新竹市,北區
181407,東西向快速公路南寮竹,24.82764,120.965827,路邊,🛣️,新竹市,北區
181408,中華路435-413,24.580087,120.82461,拉麵店,🍜,苗栗縣,苗栗市
181411,文化街36-52號,24.253584,120.72855,水邊,🌊,臺中市,豐原區
181412,鈺泰冷凍空調設備材料,23.709912,120.444947,超市,🛒,雲林縣,虎尾鎮
181413,金山街195-171,24.910209,121.159919,公園,🌳,桃園市,楊梅區
181414,振興路,25.03595,121.38382,大學&學院,🎓,桃園市,龜山區
181415,中山北路一段390巷,24.910417,121.158603,公園,🌳,桃園市,楊梅區
181416,北63-1鄉道103,25.054347,121.456497,路邊,🛣️,新北市,新莊區
181417,景隆街23-21號,24.999829,121.541667,公園,🌳,臺北市,文山區
181419,撫遠街,25.066253,121.565502,機場,✈️,臺北市,松山區
181425,藝文街223-131,25.021587,121.451224,公園,🌳,新北市,板橋區
181427,女中路二段,24.747566,121.760895,公園,🌳,宜蘭縣,宜蘭市
181428,宜14鄉道270-2,24.742084,121.748854,咖啡杯,☕,宜蘭縣,宜蘭市
181430,長興路一段103-9,25.061439,121.292982,飯店,🏨,桃園市,蘆竹區
181434,尖豐公路1152-1,24.712601,120.902556,超市,🛒,苗栗縣,竹南鎮
181435,縱貫公路1252-1,24.693353,120.915104,漢堡,🍔,苗栗縣,頭份市
181437,北64鄉道350-3,25.091149,121.484021,路邊,🛣️,新北市,蘆洲區
181439,撫遠街403巷2-1,25.066102,121.566144,公車站,🚌,臺北市,松山區
181442,廠橫路21巷7-9號,22.572043,120.356181,公園,🌳,高雄市,小港區
181443,宏平路606-646,22.569991,120.352616,拉麵店,🍜,高雄市,小港區
181444,民義街35-37號,22.570706,120.350127,公園,🌳,高雄市,小港區
181447,二美街18-40號,22.564252,120.347666,便利店,🏪,高雄市,小港區
181448,宮田街27-25號,22.560464,120.351185,公園,🌳,高雄市,小港區
181449,南北路54-68號,22.56161,120.354777,公園,🌳,高雄市,小港區
181450,中鋼路,22.559296,120.3543,餐廳,🍴,高雄市,小港區
181452,161縣道132-1,23.46292,120.230421,路邊,🛣️,嘉義縣,朴子市
181454,四維路二段261巷3,23.45818,120.236455,路邊,🛣️,嘉義縣,朴子市
181455,中興路233-185,23.459706,120.242157,便利店,🏪,嘉義縣,朴子市
181456,167縣道20號,23.462804,120.247881,公園,🌳,嘉義縣,朴子市
181459,中興路261-235,23.459713,120.241579,餐廳,🍴,嘉義縣,朴子市
181461,石牌路二段343巷8,25.124403,121.523427,森林,🌲,臺北市,北投區
181463,匹克王 PICKLE,24.147665,120.621745,水邊,🌊,臺中市,南屯區
181466,文昌路107巷67號,23.127364,120.289087,餐廳,🍴,臺南市,善化區
181467,彰87-1鄉道83-,23.915781,120.542884,服裝店,👕,彰化縣,永靖鄉
181468,五福巷19弄6號,23.906067,120.538698,路邊,🛣️,彰化縣,永靖鄉
181469,興業東路89-71號,23.469099,120.449607,森林,🌲,嘉義市,西區
181470,國華街21-17號,23.470708,120.449405,餐廳,🍴,嘉義市,西區
181472,國華街75-61號,23.47258,120.449293,便利店,🏪,嘉義市,西區
181473,大學路三段301-2,23.694697,120.526565,體育館,🏋️,雲林縣,斗六市
181475,和平新路,24.245198,120.636198,機場,✈️,臺中市,大雅區
181476,三陽路,25.058966,121.482089,體育館,🏋️,新北市,三重區
181478,自強路四段32-24,25.076814,121.488902,公車站,🚌,新北市,三重區
181480,縱貫公路195-15,23.757909,120.496353,便利店,🏪,雲林縣,莿桐鄉
181481,北平路8-24號,23.759032,120.500201,路邊,🛣️,雲林縣,莿桐鄉
181482,新埔八街56-130,25.021068,121.298252,公園,🌳,桃園市,桃園區
181485,正南三路166-22,23.030952,120.235299,便利店,🏪,臺南市,永康區
181486,臺西,23.690661,120.20724,公園,🌳,雲林縣,台西鄉
181487,民族路30巷55號,23.697738,120.194726,橋樑,🌉,雲林縣,台西鄉
181488,民生路45-1號,23.699082,120.199738,藥局,💊,雲林縣,台西鄉
181495,新春街125巷,25.18321,121.440501,森林,🌲,新北市,淡水區
181496,民生路一段577-5,23.907775,120.524983,便利店,🏪,彰化縣,田尾鄉
181497,福來路,23.800902,120.450021,路邊,🛣️,雲林縣,西螺鎮
181499,新莊路550-586,25.032902,121.444323,服裝店,👕,新北市,新莊區
181500,中山路125-29號,23.699664,120.20108,拉麵店,🍜,雲林縣,台西鄉
181502,五福路138-168,23.581455,119.575148,便利店,🏪,澎湖縣,馬公市
181503,大安路,24.99872,121.423022,公車站,🚌,新北市,樹林區
181504,中正一路503-50,24.964991,121.380848,森林,🌲,新北市,樹林區
181508,壽文路26-56號,23.875585,121.513238,咖啡杯,☕,花蓮縣,壽豐鄉
181511,青山路3號,25.012107,121.218456,美容院,💅,桃園市,中壢區
181517,振興路,25.008749,121.354363,森林,🌲,桃園市,龜山區
181518,世賢路一段,23.485822,120.424036,路邊,🛣️,嘉義市,西區
181521,永樂街38巷19弄4,25.08952,121.45678,公園,🌳,新北市,蘆洲區
181525,斗南,23.685262,120.443279,公園,🌳,雲林縣,斗南鎮
181526,高發二路282號,22.925981,120.290059,公園,🌳,臺南市,歸仁區
181527,大武路一段,22.920029,120.291961,公車站,🚌,臺南市,歸仁區
181528,歸仁十五路,22.921567,120.290034,公園,🌳,臺南市,歸仁區
181532,富農街一段131巷4,22.982017,120.233402,拉麵店,🍜,臺南市,東區
181534,復興路227巷28弄,25.091313,121.479217,森林,🌲,新北市,蘆洲區
181538,民族路408巷22-,25.093384,121.474448,便利店,🏪,新北市,蘆洲區
181541,中興街112-128,25.089184,121.482167,路邊,🛣️,新北市,蘆洲區
181544,過勇路65-57號,22.586583,120.36266,便利店,🏪,高雄市,鳳山區
181545,華陽路,23.929884,120.678377,主題樂園,🎡,南投縣,南投市
181550,苗27鄉道19-1號,24.552259,120.818321,拉麵店,🍜,苗栗縣,苗栗市
181551,公車站,23.612372,120.440068,公車站,🚌,嘉義縣,大林鎮
181552,中航路三段,24.263664,120.578878,森林,🌲,臺中市,沙鹿區
181555,光復路28-58號,22.540914,120.535476,橋樑,🌉,屏東縣,潮州鎮
181558,擬餌,22.777871,120.303021,水邊,🌊,高雄市,岡山區
181560,桃林鐵馬道,25.017522,121.312125,拉麵店,🍜,桃園市,桃園區
181563,鹿港,24.108261,120.459562,郵局,📮,彰化縣,鹿港鎮
181567,遊園南路314巷96,24.17945,120.57918,服裝店,👕,臺中市,龍井區
181568,市道177甲線133,22.969286,120.299996,公車站,🚌,臺南市,歸仁區
181570,大德三街68號,25.017294,121.317511,水邊,🌊,桃園市,桃園區
181571,仁華街75-101號,25.083025,121.485363,服裝店,👕,新北市,三重區
181572,興隆路五段358巷,24.795533,121.047468,水邊,🌊,新竹縣,竹北市
181575,復興路65巷2-1號,24.986796,121.534935,路邊,🛣️,新北市,新店區
181579,神清路86號,24.290067,120.633156,水邊,🌊,臺中市,清水區
181582,173縣道168-1,23.120682,120.198839,麵包店,🥐,臺南市,西港區
181583,公學路五段511,23.071696,120.16188,路邊,🛣️,臺南市,善化區
181585,全聯福利中心 台南生,22.965366,120.225259,超市,🛒,臺南市,東區
181586,福德巷439-435,23.898749,120.536802,服裝店,👕,彰化縣,田尾鄉
181588,民權路61巷,25.08751,121.473009,餐廳,🍴,新北市,蘆洲區
181589,竹圍四路,23.489914,120.428955,圖書館,📚,嘉義市,西區
181592,中正南路52巷46弄,23.019418,120.217866,水邊,🌊,臺南市,永康區
181593,永二街288巷6-2,23.018672,120.250048,餐廳,🍴,臺南市,永康區
181596,福建街150-172,23.969336,121.601463,美容院,💅,花蓮縣,花蓮市
181602,大同街604-632,23.015998,120.265244,藥局,💊,臺南市,永康區
181603,永大路三段80-94,23.030151,120.260296,義式餐廳,🍝,臺南市,永康區
181604,中灣一街,23.010192,120.265578,餐廳,🍴,臺南市,永康區
181605,正信路2號,25.129787,121.761015,圖書館,📚,基隆市,信義區
181606,萬丹路一段,22.594616,120.488536,公園,🌳,屏東縣,萬丹鄉
181608,105縣道228-2,25.076511,121.380075,義式餐廳,🍝,新北市,林口區
181609,園林大街45-1號,23.951882,120.56801,美容院,💅,彰化縣,員林市
181610,環山路,23.95515,120.691986,森林,🌲,南投縣,南投市
181611,明成街32號,24.991391,121.34511,森林,🌲,桃園市,龜山區
181619,祥和二路西段6號,23.457834,120.289652,郵局,📮,嘉義縣,朴子市
181624,崇孝街42巷54-7,25.09907,121.71006,水邊,🌊,基隆市,七堵區
181625,福德巷523-529,23.900364,120.538014,餐廳,🍴,彰化縣,田尾鄉
181626,彰154鄉道62-1,23.892565,120.526667,圖書館,📚,彰化縣,田尾鄉
181628,斯耐雅工作室,22.760079,121.091063,飯店,🏨,臺東縣,台東市
181630,三民路52-58號,25.068838,121.359203,餐廳,🍴,新北市,林口區
181636,民有三街540-61,25.014811,121.313328,韓國餐廳,🥘,桃園市,桃園區
181637,高工路185-165,24.113284,120.660515,餐廳,🍴,臺中市,南區
181642,中正路二段152-1,25.188025,121.424916,路邊,🛣️,新北市,淡水區
181647,淡海路,25.187625,121.418162,車站,🚉,新北市,淡水區
181652,培英路81-55號,24.677318,121.76106,義式餐廳,🍝,宜蘭縣,羅東鎮
181653,電信街27-23號,24.971287,121.108974,公車站,🚌,桃園市,新屋區
181658,縣政五街,24.725505,121.761761,飯店,🏨,宜蘭縣,宜蘭市
181660,牛仔莊園,25.263441,121.498172,森林,🌲,新北市,三芝區
181661,135縣道457-3,24.073624,120.518331,餐廳,🍴,彰化縣,彰化市
181662,靜修東路71-43號,23.96315,120.5757,拉麵店,🍜,彰化縣,員林市
181667,桃37鄉道139-3,25.015663,121.134328,圖書館,📚,桃園市,觀音區
181669,裕民路214巷24-,24.983436,121.452298,路邊,🛣️,新北市,土城區
181670,裕民路214巷20-,24.9838,121.452634,咖啡杯,☕,新北市,土城區
181671,中央路一段189巷2,24.986992,121.446277,便利店,🏪,新北市,土城區
181673,大智路,23.024214,120.289912,橋樑,🌉,臺南市,新化區
181674,大智路64號,23.028984,120.29411,公車站,🚌,臺南市,新化區
181675,中灣五街31-13號,23.007062,120.269532,路邊,🛣️,臺南市,永康區
181677,公道五路二段443-,24.803994,120.995288,路邊,🛣️,新竹市,東區
181680,公道五路五段,24.83513,120.948237,車站,🚉,新竹市,北區
181681,富美路35-1號,24.840931,120.938975,森林,🌲,新竹市,北區
181682,辭修北路167巷57,24.093103,120.540162,餐廳,🍴,彰化縣,彰化市
181683,民生二街47-33號,23.967446,120.684317,餐廳,🍴,南投縣,草屯鎮
181684,八德路29-36號,24.952639,121.334981,森林,🌲,新北市,鶯歌區
181686,力行一路12-18號,24.770818,121.017129,公車站,🚌,新竹市,東區
181687,新福一路,24.970777,121.107305,公車站,🚌,桃園市,新屋區
181688,中興路二段186-1,24.97261,121.548012,路邊,🛣️,新北市,新店區
181689,壽豐路二段32巷24,23.87153,121.512981,橋樑,🌉,花蓮縣,壽豐鄉
181693,光復路595-585,23.889532,120.533458,餐廳,🍴,彰化縣,田尾鄉
181694,高3鄉道29號,22.907055,120.180608,水邊,🌊,高雄市,茄萣區
181695,中學路二段151-8,23.8933,120.53334,公園,🌳,彰化縣,田尾鄉
181696,光復路二段698-7,23.891422,120.530285,路邊,🛣️,彰化縣,田尾鄉
181697,縱貫公路386-46,23.890782,120.527964,路邊,🛣️,彰化縣,田尾鄉
181698,四維巷,23.882762,120.524897,水邊,🌊,彰化縣,北斗鎮
181699,縱貫公路446-45,23.880854,120.521945,公車站,🚌,彰化縣,北斗鎮
181700,獅二路7號,24.924783,121.173342,藥局,💊,桃園市,楊梅區
181701,內新路28-38號,25.069561,121.286476,便利店,🏪,桃園市,蘆竹區
181703,集和街51-25號,24.804836,120.961768,服裝店,👕,新竹市,北區
181704,北65鄉道201-2,25.067465,121.477167,便利店,🏪,新北市,三重區
181708,憲政路232-240,22.636617,120.321545,拉麵店,🍜,高雄市,苓雅區
181709,十全路23號,22.644482,120.316593,水邊,🌊,高雄市,三民區
181710,民生路141巷53-,24.845899,121.228043,飯店,🏨,桃園市,龍潭區
181713,四維路一段,23.458255,120.244228,電器行,🔌,嘉義縣,朴子市
181715,公園,23.565612,120.345632,路邊,🛣️,嘉義縣,新港鄉
181717,嘉北街16-40號,23.493701,120.455344,主題樂園,🎡,嘉義市,東區
181719,牛埔東路,24.793045,120.935034,五金行,🔧,新竹市,香山區
181720,保忠一街231-16,23.512672,120.450849,化妝品,💄,嘉義市,東區
181722,福音街86-90號,24.147376,120.680215,拉麵店,🍜,臺中市,中區
181724,苗13鄉道120-1,24.613884,120.814633,便利店,🏪,苗栗縣,後龍鎮
181728,虎林街36-90號,24.807139,120.939702,路邊,🛣️,新竹市,香山區
181732,六腳鄉,23.485276,120.294361,橋樑,🌉,嘉義縣,六腳鄉
181733,民族路,23.47505,120.438847,橋樑,🌉,嘉義市,西區
181734,嘉朴公路,23.459578,120.297408,公車站,🚌,嘉義縣,太保市
181735,保鐵六路,23.457261,120.325395,車站,🚉,嘉義縣,太保市
181736,三民路18號,24.971139,121.538907,路邊,🛣️,新北市,新店區
181738,斗六,23.69723,120.530847,公園,🌳,雲林縣,斗六市
181740,大武路77-5號,22.656722,120.477193,便利店,🏪,屏東縣,屏東市
181742,南74鄉道85號,23.331082,120.336439,橋樑,🌉,臺南市,後壁區
181743,春日路,25.023471,121.306842,服裝店,👕,桃園市,桃園區
181746,平和南路35巷,23.789718,120.449643,路邊,🛣️,雲林縣,西螺鎮
181748,蘇花路三段,24.494364,121.835035,森林,🌲,宜蘭縣,蘇澳鎮
181750,新文路126號,24.974258,121.110114,森林,🌲,桃園市,新屋區
181752,文化路86-88號,23.016521,120.259687,餐廳,🍴,臺南市,永康區
181753,富和路31-21號,23.443049,120.471725,甜點店,🍰,嘉義縣,中埔鄉
181762,貴和街191-167,24.138992,120.66716,路邊,🛣️,臺中市,西區
181767,台灣大道八段,24.245082,120.549994,餐廳,🍴,臺中市,梧棲區
181770,縣政七街,24.827302,121.012155,公園,🌳,新竹縣,竹北市
181774,新原路20-82號,24.84066,121.194259,山丘,⛰️,桃園市,龍潭區
181775,大學&學院,22.655395,120.513099,大學&學院,🎓,屏東縣,屏東市
181776,民生北路,23.602932,120.448245,路邊,🛣️,嘉義縣,大林鎮
181777,農權路二段,24.748569,121.743559,咖啡杯,☕,宜蘭縣,宜蘭市
181784,南寮魚鱗天梯,24.852115,120.923802,海灘,🏖️,新竹市,北區
181786,市民大道八段485號,25.053988,121.61118,公園,🌳,臺北市,南港區
181787,利民路1巷10-20,22.770731,121.054811,森林,🌲,臺東縣,卑南鄉
181789,市13鄉道140-1,23.452367,120.442078,超市,🛒,嘉義市,西區
181790,樹德三巷61-85號,24.112658,120.64832,水邊,🌊,臺中市,南區
181791,自強南路221-20,24.083705,120.534642,藥局,💊,彰化縣,彰化市
181792,學府路196-366,24.950479,121.379568,公車站,🚌,新北市,樹林區
181794,國道路二段115-1,25.074681,121.470571,水邊,🌊,新北市,蘆洲區
181795,建興街45-37號,24.975852,121.538575,公園,🌳,新北市,新店區
181796,正言街76巷2弄13,22.792189,120.285717,路邊,🛣️,高雄市,岡山區
181797,太原路三段1207-,24.161952,120.724458,飯店,🏨,臺中市,北屯區
181804,建六路,25.002171,121.485544,路邊,🛣️,新北市,中和區
181805,中山路二段366巷1,25.004187,121.491843,車站,🚉,新北市,中和區
181807,斗六三路,23.719257,120.537426,體育館,🏋️,雲林縣,斗六市
181808,莿桐鄉,23.754191,120.4961,公園,🌳,雲林縣,莿桐鄉
181813,神龍路451-405,24.857114,121.216063,義式餐廳,🍝,桃園市,龍潭區
181814,學府路二段112-1,24.979202,121.446661,路邊,🛣️,新北市,土城區
181819,中豐路,24.938696,121.2163,公園,🌳,桃園市,平鎮區
181821,中興路93-69號,24.971488,121.102499,圖書館,📚,桃園市,新屋區
181825,桃84鄉道388-4,25.008836,121.133906,拉麵店,🍜,桃園市,觀音區
181828,中華路22-36號,23.530109,120.453629,超市,🛒,嘉義縣,民雄鄉
181829,光明二街215-19,23.529065,120.452283,公園,🌳,嘉義縣,民雄鄉
181830,辭修北路167巷57,24.092743,120.539563,超市,🛒,彰化縣,彰化市
181832,三西和產業道路,22.482682,120.47606,森林,🌲,屏東縣,東港鎮
181833,中山路15-7號,23.523387,120.447517,郵局,📮,嘉義縣,民雄鄉
181834,中山路19-17號,23.524867,120.44972,藥局,💊,嘉義縣,民雄鄉
181836,中華五路,22.596725,120.30809,公園,🌳,高雄市,前鎮區
181838,博愛路290號,23.463041,120.296522,公園,🌳,嘉義縣,太保市
181843,機場路588號,22.94311,120.21679,機場,✈️,臺南市,仁德區
181845,竹文街95-87號,23.482326,120.440777,餐廳,🍴,嘉義市,西區
181846,甲樹路1186巷8號,22.738017,120.300224,便利店,🏪,高雄市,橋頭區
181848,新厝路,22.560297,120.395361,森林,🌲,高雄市,大寮區
181852,桃37鄉道10-19,25.053653,121.105569,森林,🌲,桃園市,觀音區
181854,義山路二段,25.19611,121.438623,路邊,🛣️,新北市,淡水區
181855,福德街267-143,25.045925,121.13684,超市,🛒,桃園市,觀音區
181865,快3網路旗艦店,22.94831,120.219583,電器行,🔌,臺南市,仁德區
181877,臺東,22.74992,121.1356,便利店,🏪,臺東縣,台東市
181878,花東縱谷公路,23.057811,121.167867,機場,✈️,臺東縣,關山鎮
181879,寮子廍,23.189267,120.278305,便利店,🏪,臺南市,麻豆區
181880,東8-1鄉道143-,23.047603,121.158028,美術館,🖼️,臺東縣,關山鎮
181882,新民路,23.474122,120.439672,拉麵店,🍜,嘉義市,西區
181883,廣東三街,22.614565,120.321303,郵局,📮,高雄市,前鎮區
181885,旗津二路650-98,22.586738,120.287271,公車站,🚌,高雄市,旗津區
181887,旗津一路,22.56128,120.306501,橋樑,🌉,高雄市,旗津區
181888,中洲三路95巷9號,22.597529,120.280009,餐廳,🍴,高雄市,旗津區
181890,新豐,24.879582,121.005099,路邊,🛣️,新竹縣,新豐鄉
181891,工業七路,25.046823,121.111379,森林,🌲,桃園市,觀音區
181892,麻太路222-238,23.497224,120.362436,便利店,🏪,嘉義縣,太保市
181893,新文路1391巷73,24.99334,121.124855,美術館,🖼️,桃園市,新屋區
181894,國聖五街8號,24.986929,121.286515,圖書館,📚,桃園市,桃園區
181895,成功路100-114,22.653407,120.525681,路邊,🛣️,屏東縣,麟洛鄉
181896,中山路高架道路,25.055197,121.494967,橋樑,🌉,新北市,三重區
181898,民雄交流道聯絡道,23.549268,120.434447,餐廳,🍴,嘉義縣,民雄鄉
181899,安和路四段533巷6,23.060599,120.217467,自助洗衣店&乾洗店,🧺,臺南市,安南區
181901,新興路108-120,23.462427,120.243679,便利店,🏪,嘉義縣,朴子市
181903,新榮路117巷33-,23.461772,120.243708,餐廳,🍴,嘉義縣,朴子市
181904,新榮路117巷33-,23.461737,120.244138,超市,🛒,嘉義縣,朴子市
181906,新明街1-55號,24.937329,121.082947,餐廳,🍴,桃園市,楊梅區
181909,大同路一段275巷9,22.982002,120.213404,拉麵店,🍜,臺南市,東區
181910,夯臭豆腐（頭份總店）,24.677283,120.882568,水邊,🌊,苗栗縣,頭份市
181911,興邦路46號,24.980152,121.326291,水邊,🌊,桃園市,桃園區
181915,珍源食品行,24.704708,121.764227,服裝店,👕,宜蘭縣,五結鄉
181923,關東路169-151,24.78935,121.020236,超市,🛒,新竹市,東區
181930,光復路一段385巷1,24.782544,121.016495,甜點店,🍰,新竹市,東區
181933,數理大道,25.041692,121.615503,森林,🌲,臺北市,南港區
181934,榮安十四街2-20號,24.960553,121.259271,服裝店,👕,桃園市,中壢區
181936,新豐,24.891074,120.989732,路邊,🛣️,新竹縣,新豐鄉
181939,民生路一段123-7,23.90362,120.535942,藥局,💊,彰化縣,田尾鄉
181940,民族路一段178-1,23.897517,120.531645,公園,🌳,彰化縣,田尾鄉
181941,民航路,22.755157,121.109262,機場,✈️,臺東縣,台東市
181942,總安街一段77-61,23.050873,120.217258,餐廳,🍴,臺南市,安南區
181946,平等大道,22.641388,120.321709,公園,🌳,高雄市,三民區
181947,後營523號之3,23.137149,120.20354,水邊,🌊,臺南市,西港區
181948,中清路四段,24.234153,120.637119,拉麵店,🍜,臺中市,大雅區
181950,新中街213-203,23.038148,120.242844,甜點店,🍰,臺南市,永康區
181952,嘉58鄉道500號,23.471231,120.313526,森林,🌲,嘉義縣,太保市
181953,四川路二段,24.993746,121.447917,森林,🌲,新北市,板橋區
181956,花22鄉道352-3,23.984672,121.597833,五金行,🔧,花蓮縣,花蓮市
181958,永靖街225巷24-,23.924025,120.5446,美容院,💅,彰化縣,永靖鄉
181960,智昌街240-282,22.720229,120.285224,甜點店,🍰,高雄市,楠梓區
181962,高27鄉道85-55,22.78994,120.281799,便利店,🏪,高雄市,岡山區
181963,仁愛路87-21號,24.993731,121.293945,便利店,🏪,桃園市,桃園區
181969,四維路112-125,24.978064,121.424047,森林,🌲,新北市,樹林區
181972,後港一路156巷,25.025684,121.430389,公園,🌳,新北市,新莊區
181976,豐北街120-124,24.261011,120.717339,體育館,🏋️,臺中市,豐原區
181977,過洋路,24.2175,120.571643,超市,🛒,臺中市,沙鹿區
181979,北屯總站,24.188911,120.708773,車站,🚉,臺中市,北屯區
181982,蓮潭北三街220-2,23.118373,120.305736,橋樑,🌉,臺南市,善化區
181988,南山路513-441,24.988019,121.507881,森林,🌲,新北市,中和區
181990,文聖街86-98號,25.029065,121.477863,拉麵店,🍜,新北市,板橋區
181993,德化街620-636,24.161761,120.666056,自助洗衣店&乾洗店,🧺,臺中市,北區
181995,桃園環線,24.970936,121.315805,橋樑,🌉,桃園市,八德區
181996,中興路50巷,24.986643,121.331232,森林,🌲,桃園市,龜山區
181998,龍德路72號,22.654173,120.301894,水邊,🌊,高雄市,鼓山區
182003,吉祥街9巷,25.080568,121.6677,超市,🛒,新北市,汐止區
182004,總安街一段317-3,23.052522,120.2127,公車站,🚌,臺南市,安南區
182006,培安四街22-50號,23.049051,120.213632,公園,🌳,臺南市,安南區
182007,開安路63巷2-78,23.047576,120.222699,便利店,🏪,臺南市,安南區
182008,開安路63巷71-6,23.04851,120.220217,藥局,💊,臺南市,安南區
182009,愛子日式幼兒園 新總,24.17673,120.703804,路邊,🛣️,臺中市,北屯區
182017,東福路461-333,24.973637,121.075823,公車站,🚌,桃園市,新屋區
182021,忠孝街331-285,23.982849,120.680069,超市,🛒,南投縣,草屯鎮
182022,通校路,22.785612,120.281302,大學&學院,🎓,高雄市,岡山區
182023,海山路15號,24.985125,121.448579,車站,🚉,新北市,土城區
182025,高鐵站前東路一段33,25.012882,121.217347,超市,🛒,桃園市,中壢區
182026,彰192鄉道786-,24.138582,120.457073,服裝店,👕,彰化縣,線西鄉
182027,自強路216-252,24.144589,120.482344,美容院,💅,彰化縣,伸港鄉
182030,興南路一段93巷67,24.986799,121.510126,路邊,🛣️,新北市,中和區
182033,谷築石苑,23.845728,121.505525,路邊,🛣️,花蓮縣,壽豐鄉
182034,內山公路,24.981661,121.441076,公車站,🚌,新北市,土城區
182035,福祥街97-77號,24.981305,121.441422,服裝店,👕,新北市,土城區
182037,國民路165巷38-,22.966476,120.211696,機場,✈️,臺南市,南區
182041,榮典路,23.454358,120.403915,機場,✈️,嘉義市,西區
182042,仁愛路3-1號,24.870205,121.013519,郵局,📮,新竹縣,湖口鄉
182044,北門路二段210-2,23.006006,120.214326,咖啡杯,☕,臺南市,北區
182050,環中東路415-38,24.960294,121.252722,森林,🌲,桃園市,中壢區
182052,民權路三段75巷55,24.972183,121.212959,餐廳,🍴,桃園市,中壢區
182054,民權路174巷,25.090823,121.472831,電器行,🔌,新北市,蘆洲區
182059,上海路26-42號,24.909915,121.206516,服裝店,👕,桃園市,平鎮區
182060,台9線517號,22.603265,121.001209,公車站,🚌,臺東縣,太麻里鄉
182062,南龍路23-13號,24.864172,121.213412,咖啡杯,☕,桃園市,龍潭區
182064,玉峰街8號,23.980206,120.687896,公園,🌳,南投縣,草屯鎮
182065,大成街72-78號,23.977449,120.687744,咖啡杯,☕,南投縣,草屯鎮
182073,自強路86-122號,24.742924,121.749819,公車站,🚌,宜蘭縣,宜蘭市
182077,正新路341巷32-,23.039493,120.301348,森林,🌲,臺南市,新化區
182087,文化一路103號,25.04857,121.385656,便利店,🏪,桃園市,龜山區
182093,東港路二段342巷3,24.754399,121.76414,咖啡杯,☕,宜蘭縣,宜蘭市
182097,瑞溪路一段63-23,24.907128,121.167908,超市,🛒,桃園市,楊梅區
182101,桃林鐵馬道,25.024081,121.309562,森林,🌲,桃園市,桃園區
182103,國際路二段,25.088329,121.227025,機場,✈️,桃園市,大園區
182107,定寧路14-32號,24.993201,121.249516,公車站,🚌,桃園市,中壢區
182108,吉林北路,24.991503,121.250723,服裝店,👕,桃園市,中壢區
182114,和平新路98-132,24.242841,120.633311,機場,✈️,臺中市,大雅區
182122,松竹路三段1133號,24.199884,120.669775,咖啡杯,☕,臺中市,北屯區
182123,松竹路三段1093-,24.198607,120.670616,橋樑,🌉,臺中市,北屯區
182127,陳平路60巷19弄1,24.184567,120.669504,便利店,🏪,臺中市,北屯區
182137,忠二路185號,24.996204,121.298334,路邊,🛣️,桃園市,桃園區
182141,崇德十二路400-4,24.190536,120.689397,餐廳,🍴,臺中市,北屯區
182143,小港區淨園農場前的雷達站,22.579207,120.34651,機場,✈️,高雄市,小港區
182144,高雄市立澄清湖棒球場,22.654225,120.35933,體育館,🏋️,高雄市,鳥松區
182145,三條崙海水浴場,23.660856,120.153597,森林,🌲,雲林縣,崙北村
182147,7-ELEVEN武嶺門市隔壁巷子,22.622231,120.334024,五金行,🔧,高雄市,苓雅區
182150,百世莊園®️/幸福天,22.757966,120.313628,主題樂園,🎡,高雄市,橋南里
182157,十全二路19-1號,22.645641,120.3025,電影院,🎬,高雄市,三民區
182160,西部濱海公路,22.656265,120.29201,韓國餐廳,🥘,高雄市,龍水里
182162,文橫一路57-41號,22.626257,120.302675,飯店,🏨,高雄市,新興區
182164,藍昌路231-213,22.718861,120.290517,麵包店,🥐,高雄市,宏昌里
182165,文英路,22.637262,120.360018,麵包店,🥐,高雄市,文英里
182171,民安街235-227,22.636459,120.398842,麵包店,🥐,高雄市,中庄里
182174,永靖街,22.620072,120.315243,咖啡杯,☕,高雄市,普天里
182177,青海路59-57號,22.651361,120.290903,咖啡杯,☕,高雄市,龍水里
182179,天津街253-241,22.648826,120.301224,咖啡杯,☕,高雄市,安泰里
182181,鳳東路423-385,22.621484,120.376945,漢堡,🍔,高雄市,誠智里
182186,樂善街47-39號,22.635095,120.325693,咖啡杯,☕,高雄市,民主里
182187,福祥街65-45號,22.591771,120.325243,麵包店,🥐,高雄市,福祥里
182188,大昌路575-555,22.65783,120.335292,壽司,🍣,高雄市,大華里
182190,光和路17-1號,22.554042,120.340869,海灘,🏖️,高雄市,鳳宮里
182191,光明路147巷88-,22.730957,120.248805,海灘,🏖️,高雄市,禮蚵里
182192,中芸路67-72號,22.483664,120.395297,海灘,🏖️,高雄市,中芸里
182193,貝殼,22.516962,120.311172,海灘,🏖️,高雄市,鳳森里
182204,苓雅一路43-33號,22.622103,120.313885,水邊,🌊,高雄市,林富里
182207,名湖街833巷32-,22.69066,120.348826,水邊,🌊,高雄市,灣內里
182209,縱貫公路,22.635644,120.373982,水邊,🌊,高雄市,北門里
182212,松仁街,22.559003,120.371116,水邊,🌊,高雄市,山明里
182213,大智路223巷,22.664771,120.360602,水邊,🌊,高雄市,鳥松里
182214,內坑路,22.590712,120.390904,水邊,🌊,高雄市,會社里
182216,水邊,22.616211,120.270022,水邊,🌊,高雄市,鼓山區
182228,高鐵橋下台南段道路,22.898462,120.299726,橋樑,🌉,高雄市,中路里
182234,縱貫公路,22.666957,120.316403,義式餐廳,🍝,高雄市,鼎泰里
182238,宏毅二路,22.71593,120.304848,拉麵店,🍜,高雄市,宏榮里
182240,崇愛街23-25號,22.570926,120.352092,拉麵店,🍜,高雄市,山東里
182241,桂明街121-99號,22.58205,120.356267,拉麵店,🍜,高雄市,桂林里
182245,德民路1417-13,22.716293,120.280637,拉麵店,🍜,高雄市,盛昌里
182246,崗山南街511-55,22.599845,120.32779,拉麵店,🍜,高雄市,瑞南里
182247,店仔頂路2-6號,22.682545,120.290579,拉麵店,🍜,高雄市,城南里
182248,建國一路122-12,22.632339,120.330765,拉麵店,🍜,高雄市,苓雅區
182253,民生一路,22.627509,120.303382,餐廳,🍴,高雄市,汉民里
182254,崗山東街202巷4號,22.608661,120.333987,餐廳,🍴,高雄市,瑞華里
182271,中正路30-42號,22.625344,120.359662,餐廳,🍴,高雄市,光明里
182273,廣州二街31-11號,22.616244,120.319781,餐廳,🍴,高雄市,光華里
182275,北汕巷50號,22.593786,120.286227,海灘,🏖️,高雄市,南汕里
182279,廣西路238-272,22.615388,120.316005,拉麵店,🍜,高雄市,忠孝里
182282,西部濱海公路,22.576733,120.332085,機場,✈️,高雄市,前鎮區
182283,啟昌街159-131,22.710702,120.282606,機場,✈️,高雄市,久昌里
182288,飛機路309-307,22.573679,120.355654,機場,✈️,高雄市,青島里
182293,北一路7號,22.606155,120.288038,公車站,🚌,高雄市,鎮北里
182298,臥龍路23巷33-1,22.637944,120.32907,路邊,🛣️,高雄市,寶盛里
182307,糖北路13號,22.754922,120.31357,車站,🚉,高雄市,橋南里
182309,馬卡道路,22.648276,120.282006,車站,🚉,高雄市,龍水里
182311,中山高速公路,22.64161,120.337658,飯店,🏨,高雄市,寶國里
182313,鳳東路140-170,22.626172,120.378205,飯店,🏨,高雄市,鳳東里
182315,前峰路75-69號,22.795684,120.286717,飯店,🏨,高雄市,前峰里
182316,八德二路,22.701214,120.323876,公車站,🚌,高雄市,五和里
182317,中山路172-180,22.877224,120.327816,公車站,🚌,高雄市,南蓮里
182320,建興三巷,22.642986,120.325082,車站,🚉,高雄市,寶中里
182334,高雄市動物保護教育園,22.637126,120.278051,森林,🌲,高雄市,興宗里
182340,南昌巷309-249,22.694126,120.380025,森林,🌲,高雄市,烏林里
182359,建國街66巷11號,22.906852,120.213004,公園,🌳,高雄市,中賢里
182362,天文宮,22.535594,120.379765,森林,🌲,高雄市,坪頂里
182375,高雄,22.647889,120.292477,麵包店,🥐,高雄市,安邦里
182378,子華路104-106,22.676073,120.311073,自助洗衣店&乾洗店,🧺,高雄市,菜公里
182379,宏毅一路自強巷3號,22.706898,120.300305,自助洗衣店&乾洗店,🧺,高雄市,宏南里
182380,五甲二路3號,22.604752,120.345726,自助洗衣店&乾洗店,🧺,高雄市,中崙里
182382,中民路495-479,22.79323,120.364805,自助洗衣店&乾洗店,🧺,高雄市,南燕里
182383,重和路226-260,22.686216,120.310394,自助洗衣店&乾洗店,🧺,高雄市,菜公里
182384,德民路,22.725439,120.306297,自助洗衣店&乾洗店,🧺,高雄市,瑞屏里
182387,仁慈八街31-27號,22.67516,120.35811,咖哩,🍛,高雄市,仁慈里
182389,武松街102-142,22.638583,120.363815,自助洗衣店&乾洗店,🧺,高雄市,武松里
182390,佛道路105-59號,22.575051,120.32292,五金行,🔧,高雄市,草衙里
182392,重和路226-260,22.686512,120.310509,五金行,🔧,高雄市,菜公里
182394,建德路91-87號,22.647266,120.32448,藥局,💊,高雄市,寶龍里
182396,政德路93-75號,22.675325,120.298407,藥局,💊,高雄市,新下里
182397,西部濱海公路53-3,22.56904,120.349162,藥局,💊,高雄市,大苓里
182399,埤北路,22.631085,120.381244,藥局,💊,高雄市,埤頂里
182400,仁春街127號,22.704838,120.350425,藥局,💊,高雄市,仁武里
182403,武信街,22.619692,120.333368,藥局,💊,高雄市,福地里
182404,武功街79-71號,22.907923,120.222987,藥局,💊,高雄市,公舘里
182405,頂庄路328-382,22.588627,120.356749,藥局,💊,高雄市,過埤里
182406,後昌路47巷25號,22.720126,120.313216,美容院,💅,高雄市,錦屏里
182411,中正一路,22.630154,120.324846,美容院,💅,高雄市,正言里
182413,高18鄉道218-2,22.85624,120.25529,服裝店,👕,高雄市,文南里
182414,大華一路34號,22.604853,120.291065,服裝店,👕,高雄市,鎮北里
182415,興業路,22.590298,120.43433,服裝店,👕,高雄市,大寮里
182418,重慶街45-35號,22.642626,120.301987,服裝店,👕,高雄市,精華里
182419,西部濱海公路,22.644351,120.291297,服裝店,👕,高雄市,德西里
182420,鳳仁路272號,22.701129,120.345976,服裝店,👕,高雄市,仁武里
182422,八德南路590-60,22.675164,120.3412,服裝店,👕,高雄市,大灣里
182424,德松路29-33號,22.765043,120.305346,服裝店,👕,高雄市,德松里
182426,三民路232-236,22.62421,120.359006,服裝店,👕,高雄市,成功里
182428,台28線360-37,22.880726,120.334215,服裝店,👕,高雄市,阿蓮里
182431,高雄,22.653151,120.313446,服裝店,👕,高雄市,灣興里
182438,玉山景觀公路水里玉山,22.695304,120.434174,藥局,💊,高雄市,檨腳里
182443,凱歌路104-120,22.636327,120.317617,便利店,🏪,高雄市,博惠里
182445,三誠路96-98號,22.593825,120.324775,便利店,🏪,高雄市,福誠里
182462,復興路325-317,22.847684,120.274011,便利店,🏪,高雄市,鴨寮里
182464,遼寧一街2-20號,22.641923,120.313266,便利店,🏪,高雄市,同德里
182468,中正路二段49-39,22.908471,120.213241,便利店,🏪,高雄市,文賢里
182485,廣州一街81-69號,22.620807,120.318233,超市,🛒,高雄市,林中里
182486,桂華街124-142,22.583214,120.357581,郵局,📮,高雄市,桂林里
182487,中山路221-201,22.891077,120.482171,郵局,📮,高雄市,竹峰里
182488,高雄,22.621455,120.31241,郵局,📮,高雄市,晴朗里
182489,勝利路50號,22.633763,120.37453,郵局,📮,高雄市,海光里
182490,自由路91巷2-20,22.615066,120.388382,郵局,📮,高雄市,中興里
182491,中庸街153號,22.637869,120.28878,郵局,📮,高雄市,千秋里
182492,鳳林三路528-56,22.606703,120.395307,郵局,📮,高雄市,永芳里
182494,中華街143-119,22.906611,120.223898,圖書館,📚,高雄市,公舘里
182502,高雄,22.678945,120.306582,圖書館,📚,高雄市,新光里
182505,台28線426-44,22.879662,120.324024,超市,🛒,高雄市,阿蓮區
182511,文南街2-20號,22.636433,120.359918,電器行,🔌,高雄市,文英里
182522,德松路2號,22.761624,120.30822,體育館,🏋️,高雄市,橋頭里
182529,義大路1號,22.764737,120.362585,大學&學院,🎓,高雄市,角宿里
182534,建武路144-170,22.643253,120.329387,體育館,🏋️,高雄市,寶興里
182535,建興路99巷12-2,22.642209,120.328227,電器行,🔌,高雄市,寶興里
182537,臺北,25.189017,121.416147,海灘,🏖️,新北市,沙崙里
182538,東海街,25.140168,121.753547,海灘,🏖️,基隆市,中正區
182540,平一路27巷1,25.16008,121.762979,海灘,🏖️,基隆市,社寮里
182541,臺北,25.198933,121.418286,海灘,🏖️,新北市,崁頂里
182543,北部濱海公路,25.173171,121.708395,海灘,🏖️,基隆市,內寮里
182544,臺北,25.039111,121.539167,森林,🌲,臺北市,義村里
182545,民族路336巷38-,25.091248,121.478051,森林,🌲,新北市,復興里
182546,內山公路,24.946882,121.405998,森林,🌲,新北市,溪北里
182547,俊興街,25.010118,121.41629,森林,🌲,新北市,獇寮里
182548,臺北,25.055943,121.426389,森林,🌲,新北市,同榮里
182549,麗園二街48-54號,25.068951,121.380851,森林,🌲,新北市,東勢里
182551,自強五街,25.077146,121.398745,森林,🌲,新北市,東林里
182552,成功路二段456巷1,25.0739,121.58648,森林,🌲,臺北市,湖興里
182553,僑中一街2-10號,25.011254,121.448762,森林,🌲,新北市,浮洲里
182554,北70鄉道337-3,25.022963,121.430585,森林,🌲,新北市,西盛里
182555,民權東路,25.070041,121.603307,森林,🌲,臺北市,金湖里
182557,東新街6巷51-47,25.091995,121.715586,森林,🌲,基隆市,長興里
182558,北76鄉道3-1號,25.062694,121.415776,森林,🌲,新北市,大科里
182559,濱海路三段152號,25.19167,121.423255,森林,🌲,新北市,沙崙里
182560,復興街46號,25.126256,121.75257,森林,🌲,基隆市,林泉里
182561,延和路105巷,24.991385,121.467075,森林,🌲,新北市,平和里
182562,新豐街329巷34-,25.134183,121.785507,森林,🌲,基隆市,新富里
182563,水碓街,25.061975,121.661688,森林,🌲,新北市,秀山里
182564,南新街2-36號,25.123001,121.743994,森林,🌲,基隆市,吉仁里
182565,內湖路三段,25.089861,121.58346,森林,🌲,臺北市,內湖區
182568,臺北,25.017207,121.492508,公園,🌳,臺北市,萬華區
182571,環河西路五段,25.017249,121.445175,公園,🌳,新北市,華中里
182572,中研院步道,25.044079,121.613938,公園,🌳,臺北市,中研里
182573,環堤大道,25.086106,121.455478,公園,🌳,新北市,成功里
182574,東園街35巷,25.027018,121.497718,公園,🌳,臺北市,日善里
182575,福德南路152-88,25.058505,121.500537,公園,🌳,新北市,光輝里
182576,松柏路53-35號,25.091144,121.379462,公園,🌳,新北市,中湖里
182577,文化二路二段,25.079572,121.377327,公園,🌳,新北市,湖南里
182578,隆林街30-54號,25.075384,121.387802,公園,🌳,新北市,西林里
182579,四號越堤道,25.077504,121.457839,公園,🌳,新北市,更寮里
182580,中央路,25.058736,121.458874,公園,🌳,新北市,昌平里
182581,惠民街30-54號,25.067342,121.357008,公園,🌳,新北市,南勢里
182582,臺北,25.044436,121.439572,公園,🌳,新北市,義仁里
182583,富山街53巷1弄11,25.019661,121.477539,公園,🌳,新北市,雙玉里
182584,忠孝東路五段236巷,25.038704,121.57228,公園,🌳,臺北市,安康里
182585,仁二路137巷,25.126088,121.74663,公園,🌳,基隆市,智仁里
182586,忠孝路616巷16-,25.067409,121.377227,公園,🌳,新北市,東勢里
182587,教孝街五巷1-67號,25.137554,121.774162,公園,🌳,基隆市,孝賢里
182588,臺北,25.09609,121.519813,公園,🌳,臺北市,士林區
182589,大度路三段301巷6,25.121268,121.465773,公園,🌳,臺北市,關渡里
182590,民生街7-1號,25.079501,121.476475,公園,🌳,新北市,溪墘里
182591,基隆港東岸聯外道路,25.130976,121.773697,公園,🌳,基隆市,信義區
182592,中正路,25.027097,121.455228,公園,🌳,新北市,中正里
182593,永富路37-31號,25.099768,121.715629,公園,🌳,基隆市,富民里
182594,實踐路294巷52號,25.087863,121.696499,公園,🌳,基隆市,百福里
182595,大德路38-46號,25.082301,121.68972,公園,🌳,基隆市,堵南里
182596,工建南路5-3號,25.086486,121.701978,公園,🌳,基隆市,六堵里
182597,臺北,25.066341,121.596921,公園,🌳,臺北市,寶湖里
182598,金湖路47巷,25.081788,121.594867,公園,🌳,臺北市,內湖區
182599,大華一路133,25.096163,121.705469,公園,🌳,基隆市,永安里
182600,松勇路53巷40-6,25.034208,121.572508,公園,🌳,臺北市,安康里
182601,東西向快速公路八里新,24.993083,121.507722,橋樑,🌉,新北市,景福里
182602,光武街136-154,25.030102,121.465326,橋樑,🌉,新北市,純翠里
182603,瑞光路76巷66-6,25.06848,121.578633,橋樑,🌉,臺北市,湖元里
182604,中山高速公路,25.065358,121.368688,橋樑,🌉,新北市,麗園里
182605,堤頂交流道,25.070577,121.574839,橋樑,🌉,臺北市,湖元里
182606,中興路三段(五股交流,25.07952,121.448979,橋樑,🌉,新北市,更寮里
182607,新台五路二段,25.066571,121.664042,橋樑,🌉,新北市,福安里
182608,福營路15-9號,25.032514,121.438491,橋樑,🌉,新北市,福營里
182609,"No. 96-98,",25.105598,121.73417,橋樑,🌉,基隆市,八堵里
182610,堤頂交流道,25.066226,121.623639,橋樑,🌉,新北市,環河里
182611,佳興路2號,24.93616,121.389121,橋樑,🌉,新北市,溪南里
182612,長興街二段50巷12,25.081147,121.674681,橋樑,🌉,新北市,保長里
182613,新北環河快速道路,25.070612,121.50382,橋樑,🌉,新北市,錦江里
182614,臺北,25.029996,121.44977,水邊,🌊,新北市,泰豐里
182616,佳興路2號,24.934327,121.387607,水邊,🌊,新北市,溪南里
182617,臺北,24.968124,121.538159,水邊,🌊,新北市,中華里
182619,裕民街103巷26號,25.022461,121.418891,水邊,🌊,新北市,裕民里
182620,仁愛路306巷38-,25.008561,121.502195,水邊,🌊,新北市,保順里
182622,臺北,25.08478,121.379706,水邊,🌊,新北市,湖南里
182625,金華街120號,25.110691,121.731023,水邊,🌊,基隆市,八堵里
182626,源遠路152巷59弄,25.096441,121.75024,路邊,🛣️,基隆市,碇內里
182627,福安街20巷21號,25.064291,121.661778,水邊,🌊,新北市,秀峰里
182628,北部濱海公路368-,25.139571,121.793418,水邊,🌊,基隆市,碧砂里
182629,福民街55巷28-2,25.132233,121.77653,水邊,🌊,基隆市,孝德里
182631,四維路185巷,25.078469,121.460423,水邊,🌊,新北市,更寮里
182633,崇德街,25.012006,121.578934,山丘,⛰️,臺北市,博嘉里
182634,忠孝三路,25.068847,121.363095,山丘,⛰️,新北市,南勢里
182648,北122鄉道143-,25.10515,121.761786,山丘,⛰️,新北市,吉慶里
182656,海灘,25.183948,121.68848,海灘,🏖️,新北市,萬里區
182657,磺港,25.229984,121.644636,海灘,🏖️,新北市,萬壽里
182658,老梅,25.29442,121.53918,海灘,🏖️,新北市,富基里
182659,沙灘,25.287191,121.509929,海灘,🏖️,新北市,德茂里
182661,田寮路,25.271593,121.487948,海灘,🏖️,新北市,三芝區
182662,北部濱海公路,25.284663,121.604437,海灘,🏖️,新北市,草里里
182663,西部濱海快速公路,25.13349,121.359739,海灘,🏖️,新北市,太平里
182664,民安街22巷20號,25.001701,121.479633,森林,🌲,新北市,嘉新里
182666,尖山路166巷39-,24.949,121.345091,公園,🌳,新北市,尖山里
182667,鶯桃路413巷58-,24.963166,121.330259,公園,🌳,新北市,鳳祥里
182668,鶯桃路455巷,24.964653,121.331699,橋樑,🌉,新北市,鳳祥里
182669,愛國西路,25.035244,121.515756,森林,🌲,臺北市,建國里
182670,北寧路31巷39,25.152707,121.774593,海灘,🏖️,基隆市,海濱里
182671,湖海路一段,25.161861,121.731458,海灘,🏖️,基隆市,協和里
182672,長興公園,25.095298,121.71814,公園,🌳,基隆市,長興里
182673,中和路305巷,25.001707,121.507642,水邊,🌊,新北市,雙和里
182674,自重街47-35號,25.047561,121.454415,公園,🌳,新北市,自強里
182675,至善路二段113巷,25.099767,121.547109,水邊,🌊,臺北市,臨溪里
182676,國成街,24.939935,121.372892,森林,🌲,新北市,龍埔里
182677,文化路210巷12號,24.93703,121.368503,森林,🌲,新北市,永舘里
182679,三民街300巷8弄7,25.068098,121.477812,墨西哥餐廳,🌮,新北市,三重區
182687,臺北,25.04038,121.539604,自助洗衣店&乾洗店,🧺,臺北市,義村里
182688,龍安路278巷31-,25.018309,121.421558,自助洗衣店&乾洗店,🧺,新北市,南港里
182689,大智街34-40號,24.991972,121.521667,自助洗衣店&乾洗店,🧺,新北市,秀山里
182692,安樂路143巷20-,24.996944,121.513389,路邊,🛣️,新北市,宜安里
182695,臺北,25.039834,121.570214,麵包店,🥐,臺北市,廣居里
182696,萬壽街60-16號,25.069605,121.500293,麵包店,🥐,新北市,萬壽里
182699,文化路135巷28-,25.014214,121.510764,麵包店,🥐,新北市,文化里
182701,中榮街73-55號,25.052802,121.446249,麵包店,🥐,新北市,中原里
182702,安樂路143巷13-,24.997076,121.51399,壽司,🍣,新北市,宜安里
182704,中正路39巷3-95,25.013202,121.454949,壽司,🍣,新北市,板橋區
182708,思源路,25.047199,121.460122,壽司,🍣,新北市,化成里
182709,劉銘傳路76-104,25.125425,121.750703,麵包店,🥐,基隆市,虹橋里
182710,新豐街329巷11-,25.134469,121.786643,麵包店,🥐,基隆市,新富里
182714,南港路二段118巷,25.053805,121.601701,咖啡杯,☕,臺北市,東明里
182715,延平街12-30號,25.126767,121.748635,咖啡杯,☕,基隆市,智仁里
182716,杭州南路一段111巷,25.036636,121.52641,咖啡杯,☕,臺北市,文祥里
182717,中平路292巷,25.05155,121.446206,咖啡杯,☕,新北市,中平里
182718,新湖一路372-32,25.062573,121.582877,咖啡杯,☕,臺北市,湖元里
182719,文化二路二段7-1號,25.079015,121.376315,咖啡杯,☕,新北市,湖南里
182720,新生街51巷30-3,25.175853,121.440701,咖啡杯,☕,新北市,新義里
182721,長興路221-115,25.085602,121.461717,義式餐廳,🍝,新北市,正義里
182724,和平東路二段76巷,25.022822,121.539105,義式餐廳,🍝,臺北市,龍淵里
182726,南雅西路一段53-4,25.004703,121.453817,義式餐廳,🍝,新北市,湳興里
182728,自強路四段41-45,25.077474,121.489378,義式餐廳,🍝,新北市,福隆里
182731,大智街68-62號,25.065479,121.494459,拉麵店,🍜,新北市,正義里
182732,東西向快速公路八里新,25.004243,121.484685,拉麵店,🍜,新北市,平河里
182733,中正路223-211,25.035783,121.451196,拉麵店,🍜,新北市,興漢里
182734,公園路,25.07151,121.371251,拉麵店,🍜,新北市,仁愛里
182735,福美街108-128,25.057265,121.460441,拉麵店,🍜,新北市,福基里
182736,明水路397巷7弄4,25.078521,121.55079,拉麵店,🍜,臺北市,永安里
182739,開元路92-112號,25.095469,121.71211,拉麵店,🍜,基隆市,正明里
182740,仁愛路64-102號,25.063023,121.661247,拉麵店,🍜,新北市,秀峰里
182741,民族西路303巷55,25.070308,121.510496,拉麵店,🍜,臺北市,鄰江里
182744,港華街95-99號,25.083443,121.573839,餐廳,🍴,臺北市,港華里
182745,大同南路146-13,25.058096,121.49642,拉麵店,🍜,新北市,仁義里
182746,瑞光路76巷111-,25.06772,121.578207,餐廳,🍴,臺北市,湖元里
182747,北66鄉道25-27,25.049029,121.473514,公園,🌳,新北市,五谷里
182749,哈密街23巷19弄5,25.074752,121.518012,餐廳,🍴,臺北市,重慶里
182750,宏國路64巷,25.031818,121.469315,餐廳,🍴,新北市,江翠里
182751,民族路298巷43-,25.090363,121.478549,餐廳,🍴,新北市,復興里
182752,漢生東路193巷26,25.011794,121.472143,餐廳,🍴,新北市,東安里
182754,民權東路三段39巷9,25.065181,121.542615,餐廳,🍴,臺北市,下埤里
182756,文程路18巷39號,25.048164,121.428365,餐廳,🍴,新北市,義仁里
182757,南港路三段16巷18,25.055705,121.591962,餐廳,🍴,臺北市,西新里
182758,仁愛街118巷11-,25.094796,121.46951,餐廳,🍴,新北市,水湳里
182759,杭州南路一段111巷,25.036927,121.526199,餐廳,🍴,臺北市,文祥里
182760,竹林一路127-10,25.086149,121.384962,餐廳,🍴,新北市,中湖里
182761,國道一號五股交流道聯,25.074101,121.436673,餐廳,🍴,新北市,水碓里
182763,新生街46-48號,25.003199,121.483235,餐廳,🍴,新北市,積穗里
182765,雙十路二段130巷2,25.029504,121.475974,餐廳,🍴,新北市,松柏里
182767,臺北,25.067691,121.593633,餐廳,🍴,臺北市,寶湖里
182768,長興路50巷63-5,25.085126,121.465229,路邊,🛣️,新北市,中原里
182769,板新路130-166,25.015751,121.470175,餐廳,🍴,新北市,西安里
182770,永富路105號,25.098231,121.711024,餐廳,🍴,基隆市,永安里
182771,福一街139-111,25.084003,121.694776,餐廳,🍴,基隆市,堵北里
182772,新豐街251巷6弄3,25.135642,121.788877,餐廳,🍴,基隆市,新富里
182773,源遠路152巷59弄,25.097408,121.749549,餐廳,🍴,基隆市,碇和里
182774,金門街24巷24-1,25.022391,121.521943,咖啡杯,☕,臺北市,河堤里
182775,中正一路65巷,24.955739,121.350511,餐廳,🍴,新北市,南鶯里
182776,光明街117-93號,24.95588,121.34498,餐廳,🍴,新北市,建國里
182777,育樂街61-51號,24.954429,121.343828,咖啡杯,☕,新北市,建國里
182779,中山二路54-58號,25.139417,121.739889,咖啡杯,☕,基隆市,仁正里
182780,武隆街188-202,25.158429,121.69373,餐廳,🍴,基隆市,內寮里
182781,長安街22巷31弄1,25.080101,121.464471,餐廳,🍴,新北市,九芎里
182783,景新街92-94號,24.99869,121.504851,拉麵店,🍜,新北市,漳和里
182785,民族路247巷5弄,25.008581,121.469731,體育館,🏋️,新北市,民族里
182787,中正路80巷19號,25.01478,121.457663,體育館,🏋️,新北市,社後里
182788,漢生東路83巷25-,25.016803,121.467529,體育館,🏋️,新北市,新民里
182789,基隆,25.129943,121.75679,體育館,🏋️,基隆市,義和里
182796,景新街91-71號,24.998556,121.505,電器行,🔌,新北市,景文里
182798,西園路二段111巷2,25.030103,121.497281,電器行,🔌,臺北市,雙園里
182800,五工五路20-26號,25.064591,121.452077,電器行,🔌,新北市,興珍里
182803,雙十路二段46巷29,25.028546,121.476229,電器行,🔌,新北市,龍翠里
182805,瑞光路358巷54-,25.076711,121.571882,電器行,🔌,臺北市,港墘里
182811,中華路2號,24.98427,121.425109,電器行,🔌,新北市,樹東里
182813,基隆,25.131887,121.731287,體育館,🏋️,基隆市,安和里
182814,弘道街51-39號,25.048606,121.618045,體育館,🏋️,新北市,橫科里
182820,竹林路119巷22弄,25.011238,121.522267,自助洗衣店&乾洗店,🧺,新北市,桂林里
182821,碧華街296-284,25.083091,121.489781,自助洗衣店&乾洗店,🧺,新北市,富福里
182822,中和街59巷26-3,25.046695,121.446032,自助洗衣店&乾洗店,🧺,新北市,立基里
182826,臺北,25.19957,121.438141,電影院,🎬,新北市,崁頂里
182827,中山北路六段758巷,25.114574,121.528886,漢堡,🍔,臺北市,士林區
182828,新泰路277巷26,23.870278,120.524627,咖啡杯,☕,彰化縣,重慶里
182829,光明街67-41號,24.955915,121.347527,五金行,🔧,新北市,建國里
182830,朱崙街27號,25.05001,121.539213,美容院,💅,臺北市,力行里
182831,北71鄉道330-3,25.011456,121.426846,美容院,💅,新北市,光華里
182832,民權路49巷23-7,24.997421,121.521082,美容院,💅,新北市,民權里
182833,裕民街55-39號,25.024985,121.418826,美容院,💅,新北市,裕民里
182834,長樂路56巷,25.086681,121.463889,美容院,💅,新北市,正義里
182837,俊英街160巷2-1,25.00695,121.427847,服裝店,👕,新北市,圳安里
182838,連城路222巷20號,24.998241,121.490821,服裝店,👕,新北市,碧河里
182839,仁愛街112-100,25.074417,121.49525,服裝店,👕,新北市,崇德里
182841,北72鄉道7-3號,25.034601,121.439498,服裝店,👕,新北市,營盤里
182842,光興街,25.0603,121.499415,服裝店,👕,新北市,光輝里
182843,力行路二段,25.072191,121.481825,服裝店,👕,新北市,永發里
182844,仁華街57-59號,25.082602,121.483727,服裝店,👕,新北市,仁華里
182845,吉林街211-1號,25.076598,121.384244,路邊,🛣️,新北市,西林里
182847,淡海路292-298,25.189075,121.418979,服裝店,👕,新北市,沙崙里
182848,環漢路二段,25.030662,121.449074,服裝店,👕,新北市,泰豐里
182849,中山路二段90巷47,25.014816,121.477449,超市,🛒,新北市,九如里
182850,國光街215巷1弄2,25.001736,121.466463,超市,🛒,新北市,自強里
182852,中正路一段174巷1,24.929061,121.37181,超市,🛒,新北市,安溪里
182853,捷運路183-159,24.991509,121.50583,超市,🛒,新北市,景福里
182854,永和街2巷,24.964222,121.433667,超市,🛒,新北市,永寧里
182856,新生街285-277,24.997781,121.483794,超市,🛒,新北市,平河里
182857,民權路1巷10-16,24.998272,121.521003,超市,🛒,新北市,民權里
182858,成功一路133巷,25.127604,121.735705,超市,🛒,基隆市,朝棟里
182859,大明街25巷,25.002065,121.457969,超市,🛒,新北市,華貴里
182860,安一路246巷3-1,25.133109,121.731735,超市,🛒,基隆市,慈仁里
182861,金門街369巷57弄,24.984223,121.429621,超市,🛒,新北市,溪福里
182862,大業路65巷38-5,25.12306,121.497128,超市,🛒,臺北市,八仙里
182863,大湖街131巷,25.086627,121.600672,超市,🛒,臺北市,大湖里
182864,華亞三路,25.048328,121.38012,超市,🛒,桃園市,文化里
182868,光復路二段87巷,25.057715,121.472726,便利店,🏪,新北市,頂崁里
182869,安一路176巷,25.133131,121.73278,便利店,🏪,基隆市,慈仁里
182870,北64鄉道322號,25.090225,121.481848,便利店,🏪,新北市,樓厝里
182871,中信街37-23號,25.050772,121.450357,便利店,🏪,新北市,中信里
182872,台5線79-75號,25.060622,121.645394,便利店,🏪,新北市,文化里
182873,裕民街56-74號,25.024288,121.418599,便利店,🏪,新北市,裕民里
182874,社子街148-126,25.088209,121.505124,便利店,🏪,臺北市,社新里
182876,二十張路117-10,24.979759,121.536266,便利店,🏪,新北市,江陵里
182877,文化北路二段,25.08604,121.373375,便利店,🏪,新北市,湖南里
182878,中正路220巷19-,25.006805,121.419436,便利店,🏪,新北市,圳民里
182882,臺北,25.060226,121.464153,便利店,🏪,新北市,福基里
182883,正義路88-112號,25.135249,121.748505,便利店,🏪,基隆市,義重里
182884,同安東街1-15號,25.056988,121.497035,便利店,🏪,新北市,仁義里
182885,東信路2-282號,25.129231,121.761871,便利店,🏪,基隆市,信義區
182886,東峰街55-51號,25.132244,121.77458,便利店,🏪,基隆市,信義區
182888,觀海街166-8號,25.138286,121.794067,便利店,🏪,基隆市,砂子里
182889,北111鄉道223-,24.91054,121.369534,便利店,🏪,新北市,嘉添里
182890,尖山路92-122號,24.94909,121.34759,便利店,🏪,新北市,尖山里
182891,民生街105-73號,25.078931,121.473402,便利店,🏪,新北市,民和里
182892,鳳三路60-62號,24.971772,121.334884,服裝店,👕,新北市,鳳鳴里
182893,民權路202巷9弄7,25.016245,121.459159,服裝店,👕,新北市,民權里
182894,中山路三段229巷4,25.005385,121.469061,服裝店,👕,新北市,民生里
182896,和平街2-32號,24.981599,121.422532,美容院,💅,新北市,和平里
182897,臺北,25.057835,121.637097,郵局,📮,新北市,樟樹里
182898,如意街80-132號,24.947064,121.497424,郵局,📮,新北市,吉祥里
182899,思源路,25.046716,121.460125,路邊,🛣️,新北市,化成里
182900,興德路,25.05313,121.472574,郵局,📮,新北市,谷王里
182901,工建北路11-1號,25.087403,121.703724,郵局,📮,基隆市,六堵里
182902,北63-1鄉道253,25.043182,121.454205,郵局,📮,新北市,中美里
182903,林口路279-247,25.08404,121.38665,郵局,📮,新北市,菁湖里
182905,三民路2號,24.962273,121.42136,郵局,📮,新北市,沛陂里
182906,臺北,25.074874,121.512767,圖書館,📚,臺北市,老師里
182907,文化路二段124巷,25.025605,121.471211,圖書館,📚,新北市,莒光里
182909,光華街22號,25.012197,121.453986,圖書館,📚,新北市,光華里
182911,北76鄉道595號,25.068215,121.37771,圖書館,📚,新北市,麗園里
182912,寶慶路,25.040999,121.512356,圖書館,📚,臺北市,建國里
182913,長安路88-144號,25.078427,121.670199,圖書館,📚,新北市,長安里
182914,興南路一段105巷,24.987082,121.509925,圖書館,📚,新北市,忠孝里
182915,源遠路,25.107168,121.733574,圖書館,📚,基隆市,暖暖區
182916,福三街84號,25.083003,121.697684,圖書館,📚,基隆市,百福里
182918,臺北,25.055822,121.42686,路邊,🛣️,新北市,同榮里
182919,領航路,25.039766,121.434131,大學&學院,🎓,新北市,營盤里
182920,五股楊梅高架段,25.066085,121.422096,大學&學院,🎓,新北市,泰山區
182921,桃源街,25.038203,121.509995,大學&學院,🎓,臺北市,建國里
182922,大直街62巷5弄14,25.083932,121.545009,大學&學院,🎓,臺北市,大直里
182923,致遠三路55巷30弄,25.121322,121.510836,大學&學院,🎓,臺北市,東華里
182924,保和街,25.086332,121.470213,大學&學院,🎓,新北市,保和里
182925,辛亥路二段,25.022114,121.535811,大學&學院,🎓,臺北市,學府里
182926,南雅西路二段180巷,25.013555,121.453328,藥局,💊,新北市,光榮里
182927,仁愛路73-57號,24.999633,121.460772,藥局,💊,新北市,仁愛里
182928,五谷王北街26-20,25.048139,121.475533,藥局,💊,新北市,五谷里
182929,基隆路高架道路29-,25.018859,121.546398,大學&學院,🎓,臺北市,學府里
182931,二甲路中心巷11-1,24.93568,121.33762,圖書館,📚,新北市,二甲里
182935,民安街22巷14-2,25.001402,121.479701,韓國餐廳,🥘,新北市,嘉新里
182938,溪崑一街30巷2-1,24.99122,121.429811,餐廳,🍴,新北市,崑崙里
182939,三民路21-19號,24.971741,121.539218,韓國餐廳,🥘,新北市,中正里
182942,臺北,25.066703,121.512204,甜點店,🍰,臺北市,國慶里
182943,四川路一段286巷1,25.000953,121.458358,甜點店,🍰,新北市,鄉雲里
182945,三民路二段245巷3,25.011978,121.480533,餐廳,🍴,新北市,福壽里
182952,忠誠路二段41巷,25.110267,121.532414,主題樂園,🎡,臺北市,三玉里
182955,濱江街866巷21號,25.071212,121.557664,機場,✈️,臺北市,莊敬里
182956,敦化北路405巷,25.063314,121.554205,機場,✈️,臺北市,精忠里
182957,敦化北路405巷12,25.06309,121.55672,機場,✈️,臺北市,精忠里
182959,松江路581巷19號,25.070075,121.538408,機場,✈️,臺北市,大佳里
182960,撫遠街413-421,25.067031,121.564919,機場,✈️,臺北市,莊敬里
182962,北63-1鄉道62-,25.054492,121.463459,公車站,🚌,新北市,頭前里
182963,深澳坑路6巷1-67,25.133334,121.776276,公車站,🚌,基隆市,孝德里
182964,東西向快速公路八里新,25.010813,121.479696,公車站,🚌,新北市,員富里
182965,永安街11-9號,25.006295,121.519064,公車站,🚌,新北市,福和里
182967,成泰路一段123號,25.071856,121.435693,公車站,🚌,新北市,水碓里
182969,北76鄉道559-5,25.068409,121.37245,公車站,🚌,新北市,麗園里
182970,民族路151巷47-,25.008148,121.468781,公車站,🚌,新北市,民族里
182971,延平北路六段464巷,25.092992,121.4993,公車站,🚌,臺北市,永倫里
182972,東新街3,25.092456,121.713433,車站,🚉,基隆市,長興里
182973,中山一路145巷24,25.133678,121.738455,車站,🚉,基隆市,中山里
182974,中港南路72巷170,25.060435,121.443287,車站,🚉,新北市,楓樹里
182975,金華街201,25.109323,121.729221,車站,🚉,基隆市,八中里
182976,中央路48巷48-5,25.103516,121.760731,車站,🚉,新北市,吉庆里
182977,立功街79巷13-1,25.126747,121.468608,車站,🚉,臺北市,一德里
182979,新市二路四段230巷,25.191121,121.445734,車站,🚉,新北市,埤島里
182980,中央路,25.058757,121.448555,車站,🚉,新北市,中原里
182981,東西向快速公路八里新,25.008,121.482724,車站,🚉,新北市,中原里
182982,建康路6-10號,25.00033,121.48636,飯店,🏨,新北市,平河里
182983,承德路四段279-2,25.089921,121.519769,飯店,🏨,臺北市,後港里
182984,和平東路一段248巷,25.02461,121.532922,飯店,🏨,臺北市,龍坡里
182986,敬業二路69-31號,25.081535,121.55433,飯店,🏨,臺北市,成功里
182987,福營路195巷22弄,25.029357,121.431809,飯店,🏨,新北市,福營里
182990,五股楊梅高架段,25.06718,121.423967,公車站,🚌,新北市,泰山區
182991,基金三路196巷11,25.158924,121.695072,公車站,🚌,基隆市,內寮里
182992,建國高架道路,25.049041,121.53769,公車站,🚌,臺北市,力行里
182993,民權路49巷5弄37,24.99774,121.521481,路邊,🛣️,新北市,民權里
182995,光中路,25.015185,121.484488,路邊,🛣️,新北市,中原里
182996,銘傳街74-94號,25.03143,121.469368,路邊,🛣️,新北市,江翠里
182997,大智街60-32號,25.065209,121.494624,路邊,🛣️,新北市,正義里
182998,環河路,24.969698,121.53503,路邊,🛣️,新北市,中央里
182999,三和路二段173巷1,25.070595,121.500726,路邊,🛣️,新北市,萬壽里
183000,重慶北路三段113巷,25.067334,121.514414,路邊,🛣️,臺北市,揚雅里
183001,迪化街二段364巷3,25.073017,121.512421,路邊,🛣️,臺北市,老師里
183002,仁愛路三段123巷1,25.039781,121.542283,路邊,🛣️,臺北市,義村里
183003,大理街157-159,25.034035,121.496148,路邊,🛣️,臺北市,糖廍里
183004,中正路,25.033544,121.43903,路邊,🛣️,新北市,營盤里
183006,銅山街8-18號,25.039816,121.527455,路邊,🛣️,臺北市,文北里
183007,信華八街62-70號,25.04637,121.440676,路邊,🛣️,新北市,新庄区
183008,雙十路二段46巷44,25.029014,121.476126,路邊,🛣️,新北市,松柏里
183009,民權東路,25.068934,121.590132,路邊,🛣️,臺北市,湖興里
183011,信義路五段91巷17,25.03367,121.571814,路邊,🛣️,臺北市,安康里
183013,麗園路,25.06761,121.371368,路邊,🛣️,新北市,麗園里
183014,重慶南路一段122號,25.03883,121.512897,路邊,🛣️,臺北市,建國里
183015,桃園,25.062561,121.371324,路邊,🛣️,桃園市,樂善里
183016,東新街65巷60-6,25.09688,121.7213,森林,🌲,基隆市,長興里
183018,松勇路15號,25.039929,121.569878,路邊,🛣️,臺北市,安康里
183019,忠孝三路26-46號,25.070114,121.359975,路邊,🛣️,新北市,南勢里
183020,海灘,22.96276,120.164289,海灘,🏖️,臺南市,鯤鯓里
183021,西部濱海公路,22.924944,120.175625,海灘,🏖️,臺南市,南區
183022,海灘,23.104041,120.035254,海灘,🏖️,臺南市,十份里
183042,安中路六段,23.060777,120.142147,路邊,🛣️,臺南市,南興里
183045,西部濱海公路,23.011942,120.184842,橋樑,🌉,臺南市,大港里
183046,西門路四段,23.018796,120.212714,橋樑,🌉,臺南市,成功里
183047,中山路,22.969501,120.271677,橋樑,🌉,臺南市,南興里
183048,高鐵橋下台南段道路,22.996245,120.280879,橋樑,🌉,臺南市,大廟里
183049,臺南,23.076041,120.287243,橋樑,🌉,臺南市,社內里
183050,橋樑,23.103076,120.207761,橋樑,🌉,臺南市,海寮里
183051,創業路15-19號,23.098391,120.284523,橋樑,🌉,臺南市,豐華里
183052,大同街35-15號,23.032787,120.307543,橋樑,🌉,臺南市,武安里
183053,高鐵橋下台南段道路,23.04754,120.288673,橋樑,🌉,臺南市,北勢里
183054,縱貫公路,23.048391,120.264765,橋樑,🌉,臺南市,蔦松里
183055,佳北路384號,23.170508,120.172366,橋樑,🌉,臺南市,安西里
183056,中山高速公路,23.182664,120.23593,橋樑,🌉,臺南市,埤頭里
183057,台南支線,23.084285,120.227529,橋樑,🌉,臺南市,嘉同里
183058,民族路21號,23.309079,120.318242,橋樑,🌉,臺南市,大宏里
183063,174縣道,23.233527,120.095859,海灘,🏖️,臺南市,三光里
183065,中山路240巷97-,23.133584,120.298038,橋樑,🌉,臺南市,光文里
183067,灣裡路62巷250-,22.933311,120.177551,公車站,🚌,臺南市,省躬里
183068,新信路2-34號,22.973029,120.1779,公車站,🚌,臺南市,南區
183071,仁和路5-113號,22.970922,120.233223,公車站,🚌,臺南市,崇善里
183072,復國路67-59號,23.000245,120.246445,公車站,🚌,臺南市,建國里
183076,中正路584-586,23.041685,120.305679,公車站,🚌,臺南市,太平里
183078,縱貫公路,23.036147,120.231155,公車站,🚌,臺南市,塩洲里
183081,長溪路一段146巷3,23.036402,120.210395,公車站,🚌,臺南市,安慶里
183083,大同路二段750巷8,22.9657,120.212766,機場,✈️,臺南市,大恩里
183085,南丁路117號,22.978314,120.279637,機場,✈️,臺南市,七甲里
183086,崇德二十二街123-,22.966748,120.230322,飯店,🏨,臺南市,崇文里
183087,崇明一街43-7號,22.98126,120.215064,飯店,🏨,臺南市,忠孝里
183090,永華二街185-13,22.987651,120.184347,飯店,🏨,臺南市,文平里
183091,裕農路668巷75弄,22.985578,120.237066,飯店,🏨,臺南市,復興里
183098,開元路148巷126,23.004304,120.220652,咖啡杯,☕,臺南市,仁愛里
183102,大德路,22.973306,120.292651,咖啡杯,☕,臺南市,文化里
183103,民權街100-158,22.957893,120.330033,路邊,🛣️,臺南市,香洋里
183104,臺南,23.163439,120.182957,餐廳,🍴,臺南市,東寧里
183107,南昌街60-64號,23.299817,120.307801,拉麵店,🍜,臺南市,南興里
183109,富中街165-55號,23.083239,120.293544,拉麵店,🍜,臺南市,新和里
183110,176縣道95-81,23.183992,120.239114,拉麵店,🍜,臺南市,新興里
183112,中央公路377-36,23.070656,120.215588,拉麵店,🍜,臺南市,州北里
183113,信義一街331-29,23.160731,120.181652,路邊,🛣️,臺南市,忠仁里
183114,忠孝路279-229,23.168391,120.172023,拉麵店,🍜,臺南市,安西里
183117,南318鄉道35-1,23.225367,120.35169,拉麵店,🍜,臺南市,甲南里
183119,麻佳路一段,23.178136,120.224539,便利店,🏪,臺南市,麻口里
183121,德安路100號,22.950742,120.254256,拉麵店,🍜,臺南市,後壁里
183122,華平路67巷,22.985809,120.173884,餐廳,🍴,臺南市,國平里
183123,育平六街103-35,22.99247,120.165468,餐廳,🍴,臺南市,平通里
183126,永安路,23.04326,120.246796,路邊,🛣️,臺南市,蔦松里
183128,國民路270巷75弄,22.972332,120.209342,餐廳,🍴,臺南市,大忠里
183129,民族路128-156,23.081304,120.298559,餐廳,🍴,臺南市,港墘里
183130,保安路一段103-7,22.930263,120.229619,路邊,🛣️,臺南市,保安里
183131,崇明十三街10-78,22.974348,120.224966,餐廳,🍴,臺南市,崇德里
183132,功安一街294-32,23.05022,120.177032,餐廳,🍴,臺南市,淵東里
183135,中山東路398-41,23.006371,120.238418,餐廳,🍴,臺南市,中興里
183136,周武街71-29號,23.311468,120.309553,餐廳,🍴,臺南市,新北里
183137,民生街115巷11-,22.957892,120.32566,餐廳,🍴,臺南市,關廟里
183141,民生路27-25號,23.181965,120.254084,餐廳,🍴,臺南市,東角里
183145,安南路211-157,23.151824,120.176478,餐廳,🍴,臺南市,南勢里
183146,長安街36巷,23.074573,120.29996,壽司,🍣,臺南市,港墘里
183149,和平路47-31號,23.301891,120.309893,咖啡杯,☕,臺南市,民榮里
183150,新平路4-10號,22.96457,120.182394,服裝店,👕,臺南市,彰南里
183151,文賢路799巷75-,23.015967,120.191944,服裝店,👕,臺南市,北區
183153,勝利街71-63號,23.001933,120.232643,服裝店,👕,臺南市,勝利里
183154,新興街114-116,23.125258,120.20169,服裝店,👕,臺南市,慶安里
183155,東門路二段301巷5,22.98389,120.228107,服裝店,👕,臺南市,富強里
183156,宜居路,23.019722,120.185371,服裝店,👕,臺南市,海南里
183157,成功路242-286,23.148945,120.173406,路邊,🛣️,臺南市,南勢里
183158,大吉路202-212,22.989561,120.252031,服裝店,👕,臺南市,太子里
183159,王厝,23.177183,120.259429,服裝店,👕,臺南市,清水里
183160,南134鄉道58-1,23.078119,120.293154,服裝店,👕,臺南市,新市里
183161,城北路871巷87弄,23.078033,120.127885,服裝店,👕,臺南市,砂崙里
183162,安和路一段220巷6,23.031761,120.214291,服裝店,👕,臺南市,安東里
183164,大同路二段482巷1,22.973007,120.211091,服裝店,👕,臺南市,大忠里
183165,民權街22-30號,22.957423,120.333341,服裝店,👕,臺南市,松腳里
183166,東成街142巷121,22.978346,120.236121,服裝店,👕,臺南市,虎尾里
183167,鹽洲二街24-60號,23.042032,120.233694,服裝店,👕,臺南市,塩洲里
183168,湖美街45-31號,23.000325,120.18011,服裝店,👕,臺南市,西湖里
183169,中正南路490巷38,23.033033,120.235057,服裝店,👕,臺南市,塩行里
183170,信義路90-118號,23.182048,120.255902,藥局,💊,臺南市,東角里
183171,新樂路63-49號,22.97017,120.176296,藥局,💊,臺南市,彰南里
183172,開元路394巷58-,23.00935,120.226181,藥局,💊,臺南市,合興里
183173,大興街480-500,23.008726,120.181284,藥局,💊,臺南市,大港里
183174,新北街67-29號,23.309666,120.303929,藥局,💊,臺南市,新北里
183175,仁愛街103巷25-,23.045343,120.238524,藥局,💊,臺南市,塩洲里
183176,鎮山街129-113,23.149036,120.182588,藥局,💊,臺南市,鎮山里
183177,義和街,23.312322,120.318006,藥局,💊,臺南市,王公里
183178,富林路416號,23.079465,120.28986,藥局,💊,臺南市,新和里
183179,內山公路,23.128186,120.46739,路邊,🛣️,臺南市,竹圍里
183181,178縣道521-4,23.129791,120.267382,路邊,🛣️,臺南市,胡厝里
183183,長和路二段12巷21,23.068083,120.220472,藥局,💊,臺南市,塭南里
183184,東門路三段266巷,22.974923,120.235988,藥局,💊,臺南市,和平里
183187,南科一路1號,23.093498,120.284078,美容院,💅,臺南市,豐華里
183190,中山北路235-19,23.028182,120.262724,服裝店,👕,臺南市,永明里
183191,富源街29-17號,23.302744,120.315687,美容院,💅,臺南市,永平里
183192,公園路152-176,23.132736,120.29543,服裝店,👕,臺南市,光文里
183193,正覺街33-3號,23.016085,120.213036,服裝店,👕,臺南市,正覺里
183194,西門路一段,22.979946,120.197331,美容院,💅,臺南市,新興里
183195,新義路2號,22.970201,120.183183,郵局,📮,臺南市,彰南里
183196,西華街18-22號,22.998788,120.210401,郵局,📮,臺南市,公園里
183197,育平七街91-81號,22.993125,120.166428,郵局,📮,臺南市,平通里
183199,保華路,22.958488,120.22259,郵局,📮,臺南市,仁和里
183200,中華東路二段243巷,22.982551,120.233761,郵局,📮,臺南市,自強里
183202,南科六路,23.105803,120.280168,郵局,📮,臺南市,豐華里
183203,安定474號,23.123082,120.236473,路邊,🛣️,臺南市,安加里
183206,崇德十八街48-70,22.96865,120.228966,超市,🛒,臺南市,崇文里
183208,建平七街517-48,22.989501,120.173955,超市,🛒,臺南市,國平里
183209,宜居路239號,23.020546,120.185097,超市,🛒,臺南市,海南里
183210,復國一路28巷2-4,23.002571,120.246819,超市,🛒,臺南市,復國里
183211,富強路一段149-1,23.016549,120.273465,超市,🛒,臺南市,西勢里
183213,府西路139-135,23.315088,120.313717,超市,🛒,臺南市,忠政里
183214,海佃路四段50-70,23.055386,120.177114,超市,🛒,臺南市,淵東里
183215,公園路820巷32號,23.011794,120.212256,超市,🛒,臺南市,大光里
183220,安西路247-201,23.164489,120.170992,超市,🛒,臺南市,安西里
183221,中正南路360巷9號,23.03278,120.230164,超市,🛒,臺南市,塩行里
183228,正南一街125-11,23.024917,120.228265,便利店,🏪,臺南市,尚頂里
183229,台江大道二段477-,23.059,120.201186,便利店,🏪,臺南市,總頭里
183230,中正北路318巷7-,23.041226,120.248019,便利店,🏪,臺南市,塩行里
183231,中山東路303-29,23.008667,120.237813,便利店,🏪,臺南市,永康區
183232,中正路二段808-8,22.963274,120.253542,便利店,🏪,臺南市,仁德里
183233,中華南路一段,22.962763,120.196053,便利店,🏪,臺南市,郡南里
183234,民安路一段82-90,22.959415,120.240114,便利店,🏪,臺南市,仁德里
183235,南149鄉道31-1,22.96272,120.280195,便利店,🏪,臺南市,歸南里
183236,民權南路145-59,22.965976,120.287903,便利店,🏪,臺南市,後市里
183237,信義路397-377,23.034661,120.303606,便利店,🏪,臺南市,武安里
183238,中山南路,23.024061,120.253396,便利店,🏪,臺南市,永康里
183239,湖美街60-66號,23.001686,120.180076,便利店,🏪,臺南市,西湖里
183240,市5鄉道229-17,23.052377,120.174898,便利店,🏪,臺南市,淵東里
183241,新生南路,23.18078,120.241215,便利店,🏪,臺南市,興農里
183242,安中路四段227-2,23.050629,120.167654,便利店,🏪,臺南市,淵西里
183243,興國路44-52號,23.178871,120.247988,便利店,🏪,臺南市,中興里
183244,南144鄉道102-,23.075312,120.296333,超市,🛒,臺南市,港墘里
183245,西門路20號,23.319259,120.266265,超市,🛒,臺南市,月港里
183247,南122鄉道,23.153037,120.288406,郵局,📮,臺南市,善化區
183249,鹽埕路103巷58號,22.965016,120.188128,森林,🌲,臺南市,鹽埕里
183250,民安路一段,22.960574,120.237348,森林,🌲,臺南市,仁德里
183252,森林,22.966876,120.222508,森林,🌲,臺南市,崇明里
183253,虎山林場,22.94574,120.230178,森林,🌲,臺南市,成功里
183254,信義街68-84號,23.076212,120.289632,森林,🌲,臺南市,新和里
183256,市道177甲線454,22.978464,120.294372,森林,🌲,臺南市,七甲里
183257,金華路二段287號,23.306083,120.29761,森林,🌲,臺南市,新南里
183258,保生東路23-55號,22.954783,120.232344,森林,🌲,臺南市,成功里
183259,台19甲線,23.285694,120.275734,森林,🌲,臺南市,太南里
183260,台灣中油 關廟北上站,22.930447,120.352136,森林,🌲,臺南市,楠坑里
183261,六順路,23.170575,120.17558,森林,🌲,臺南市,六安里
183262,府平公園,22.987427,120.171872,公園,🌳,臺南市,安平區
183263,文華路二段66,22.934737,120.227836,公園,🌳,臺南市,成功里
183264,東橋三路229-21,23.022519,120.233578,公園,🌳,臺南市,東橋里
183265,公園路,22.963582,120.295546,公園,🌳,臺南市,新厝里
183266,裕農路446巷56-,22.986245,120.231963,公園,🌳,臺南市,富強里
183267,裕孝路851號,22.978047,120.243494,公園,🌳,臺南市,裕聖里
183268,電小二充電站,23.02943,120.306779,公園,🌳,臺南市,武安里
183270,慈安路,23.032569,120.20573,公園,🌳,臺南市,安西里
183271,鹽安路,23.034207,120.144607,公園,🌳,臺南市,塩田里
183272,長溪路二段452-4,23.052873,120.202267,公園,🌳,臺南市,總頭里
183274,建國路,23.134825,120.292438,公園,🌳,臺南市,東關里
183275,中華西街122巷49,23.015466,120.227926,公園,🌳,臺南市,安康里
183277,科技三路66-68號,23.039111,120.139806,公園,🌳,臺南市,媽祖宮里
183278,建南路176-190,22.985146,120.188243,自助洗衣店&乾洗店,🧺,臺南市,文南里
183280,健康二街422-45,22.993497,120.174141,自助洗衣店&乾洗店,🧺,臺南市,華平里
183282,中山北路36-50號,23.026101,120.258377,自助洗衣店&乾洗店,🧺,臺南市,永康里
183284,富農街二段98-10,22.98721,120.235465,自助洗衣店&乾洗店,🧺,臺南市,東聖里
183290,建平十一街327-2,22.99536,120.176381,甜點店,🍰,臺南市,怡平里
183292,可口街54-72號,23.073061,120.293639,五金行,🔧,臺南市,新和里
183295,縱貫公路,23.036763,120.231779,五金行,🔧,臺南市,永康區
183296,中山路313-265,23.13201,120.295528,五金行,🔧,臺南市,坐駕里
183297,建平十一街327-2,22.995287,120.177154,五金行,🔧,臺南市,怡平里
183301,大灣路716-766,23.000357,120.260636,電器行,🔌,臺南市,南灣里
183303,中華路155巷34弄,23.003379,120.233563,電器行,🔌,臺南市,勝利里
183305,中山路,22.971289,120.253432,電器行,🔌,臺南市,仁義里
183306,仁愛街28-46號,23.230611,120.353848,電器行,🔌,臺南市,六甲里
183309,育平六街,22.992468,120.166272,路邊,🛣️,臺南市,平通里
183310,永福路一段,22.983808,120.200079,義式餐廳,🍝,臺南市,小西門里
183312,中華二路206巷30,23.010173,120.236347,路邊,🛣️,臺南市,五王里
183313,海佃路四段287-2,23.059309,120.176481,義式餐廳,🍝,臺南市,淵東里
183314,中正路139-71號,23.186737,120.250032,義式餐廳,🍝,臺南市,大埕里
183318,國民路270巷6弄2,22.972065,120.210293,麵包店,🥐,臺南市,大忠里
183319,南351鄉道567-,22.959343,120.285706,麵包店,🥐,臺南市,歸南里
183320,安中路四段,23.051879,120.164679,麵包店,🥐,臺南市,淵西里
183321,裕農一街170巷2-,22.984073,120.237766,餐廳,🍴,臺南市,文聖里
183322,南工街321-313,23.014108,120.237465,麵包店,🥐,臺南市,三合里
183324,育德路588-602,23.016452,120.207221,麵包店,🥐,臺南市,福德里
183325,中華路6-22號,23.30508,120.314327,麵包店,🥐,臺南市,民權里
183326,176縣道137-1,23.189059,120.240754,麵包店,🥐,臺南市,油車里
183327,新興街169巷175,23.125236,120.198839,麵包店,🥐,臺南市,慶安里
183328,民族街147-99號,22.958617,120.330214,麵包店,🥐,臺南市,香洋里
183329,柚安路一段,23.170009,120.219595,麵包店,🥐,臺南市,麻口里
183330,安西路335巷6-8,23.167188,120.171245,麵包店,🥐,臺南市,安西里
183332,正覺街87-77號,23.017097,120.212768,麵包店,🥐,臺南市,正覺里
183333,國民路,22.967333,120.214234,麵包店,🥐,臺南市,大恩里
183337,中正路6號,23.306033,120.316152,義式餐廳,🍝,臺南市,忠政里
183339,育德一街330-34,23.018788,120.20506,體育館,🏋️,臺南市,華德里
183340,長榮路二段,23.319955,120.314429,體育館,🏋️,臺南市,埤寮里
183342,環館路,23.061904,120.231049,體育館,🏋️,臺南市,東和里
183343,中山南路195巷,23.016009,120.234406,體育館,🏋️,臺南市,東橋里
183348,南洲169號,23.101565,120.354601,圖書館,📚,臺南市,南洲里
183349,康橋大道,23.02661,120.237596,路邊,🛣️,臺南市,東橋里
183350,安中路二段336巷4,23.048296,120.185274,圖書館,📚,臺南市,溪心里
183351,忠義路一段86-88,22.987714,120.201891,圖書館,📚,臺南市,南門里
183352,北興街248號,23.326751,120.403792,圖書館,📚,臺南市,東山里
183354,臺南,23.173811,120.178412,路邊,🛣️,臺南市,佳里區
183361,壽司郎黎明市政南店,24.158455,120.634282,壽司,🍣,臺中市,南屯區
183706,西部濱海公路,22.467067,120.463357,甜點店,🍰,屏東縣,東津里
183712,育英路100號,22.488717,120.512067,超市,🛒,屏東縣,米崙村
183717,中正路411-401,22.686738,120.496599,超市,🛒,屏東縣,中正里
183718,中山路97-93號,22.430883,120.562661,餐廳,🍴,屏東縣,玉光村
183719,長興路1號,22.5516,120.544368,拉麵店,🍜,屏東縣,三共里
183723,凌雲路,22.666791,120.458265,機場,✈️,屏東縣,潭墘里
183724,台27線60-72號,22.8218,120.602193,便利店,🏪,屏東縣,高樹村
183727,信義路208-210,22.754894,121.14682,拉麵店,🍜,臺東縣,文化里
183728,台9線24-46號,22.793061,121.105473,公車站,🚌,臺東縣,卑南鄉
183729,復興南路一段,22.641619,120.485717,餐廳,🍴,屏東縣,新興里
183730,復興南路一段,22.645917,120.485928,路邊,🛣️,屏東縣,新興里
183734,開封街806-810,22.75808,121.135851,橋樑,🌉,臺東縣,自強里
183735,正氣北路982,22.758845,121.121886,大學&學院,🎓,臺東縣,豐樂里
183737,萬丹路二段,22.61068,120.485893,飯店,🏨,屏東縣,廣安村
183741,正氣北路526-53,22.755017,121.131652,便利店,🏪,臺東縣,豐樂里
183746,科大路三段,22.655117,120.553102,森林,🌲,屏東縣,麟洛鄉
183747,花東縱谷公路,22.885141,121.103516,森林,🌲,臺東縣,明峰村
183749,中華路281-223,22.637901,120.517489,甜點店,🍰,屏東縣,田中村
183750,大昌路381-369,22.615555,120.471554,藥局,💊,屏東縣,社皮村
183753,縱貫公路,22.645291,120.429541,橋樑,🌉,高雄市,義和里
183757,東河,22.875136,121.227433,義式餐廳,🍝,臺東縣,都蘭村
183758,西豐路8,22.616297,120.527579,車站,🚉,屏東縣,西勢村
183759,枋寮,22.366421,120.591262,海灘,🏖️,屏東縣,枋寮村
183760,屏54鄉道170-2,22.561612,120.484053,便利店,🏪,屏東縣,新鐘村
183762,文華路,22.60203,120.53589,水邊,🌊,屏東縣,頭崙村
183763,南西路,22.608825,120.531129,橋樑,🌉,屏東縣,西勢村
183764,三山路6號,22.595431,120.539873,橋樑,🌉,屏東縣,頭崙村
183767,鎮海路,22.465169,120.442137,海灘,🏖️,屏東縣,豐漁里
183768,人和路3巷22-46,22.488556,120.508016,圖書館,📚,屏東縣,溪南村
183770,大同路四段87-23,22.64705,120.582782,水邊,🌊,屏東縣,東片村
183773,信義路35-21號,22.547678,120.536389,美容院,💅,屏東縣,新榮里
183775,屏144鄉道36-5,22.363013,120.596162,麵包店,🥐,屏東縣,安樂村
183785,瑞安三街32-2號,22.669727,120.509795,水邊,🌊,屏東縣,香楊村
183786,中山路,22.466253,120.454469,路邊,🛣️,屏東縣,新勝里
183792,潭頭路82-88號,22.675543,120.525519,超市,🛒,屏東縣,新潭村
183796,安和路238巷41號,22.592894,120.463243,超市,🛒,屏東縣,崙頂村
183798,和平路,22.42812,120.555774,橋樑,🌉,屏東縣,萬建村
183800,屏50鄉道370-4,22.599278,120.462069,服裝店,👕,屏東縣,厦北村
183801,日光壘球場,22.424753,120.57576,公園,🌳,屏東縣,玉泉村
183806,新發公路,22.743019,120.550802,圖書館,📚,屏東縣,新二村
183808,中山路69-33號,22.428617,120.562776,超市,🛒,屏東縣,玉光村
183811,中正路96-138號,22.647236,120.524616,自助洗衣店&乾洗店,🧺,屏東縣,麟趾村
183814,瑞光路一段163-2,22.661787,120.515115,路邊,🛣️,屏東縣,瑞光里
183820,民安路99-57號,22.668056,120.500414,大學&學院,🎓,屏東縣,長春里
183822,瑞光路一段337-3,22.664934,120.513072,服裝店,👕,屏東縣,香楊村
183825,廣東路744巷14-,22.687409,120.493193,拉麵店,🍜,屏東縣,北興里
183829,屏東義大園區,22.636944,120.535105,公園,🌳,屏東縣,永豐村
183834,後庄路42-58號,22.57542,120.461698,超市,🛒,屏東縣,後村村
183837,麟洛,22.654892,120.518763,拉麵店,🍜,屏東縣,麟趾村
183839,佳興路,22.417809,120.545752,公園,🌳,屏東縣,六根村
183846,佳冬,22.416134,120.553187,圖書館,📚,屏東縣,佳冬村
183847,復興路43號,22.66868,120.489546,服裝店,👕,屏東縣,金泉里
183851,民富街129-121,22.68731,120.497893,五金行,🔧,屏東縣,中正里
183853,屏50-1鄉道567,22.59541,120.489921,拉麵店,🍜,屏東縣,四維村
183855,縱貫公路,22.655736,120.466175,美術館,🖼️,屏東縣,前進里
183857,縱貫公路23號,22.603939,120.560616,大學&學院,🎓,屏東縣,內田村
183859,灣內路119-111,22.564594,120.462891,超市,🛒,屏東縣,灣內村
183861,內山公路142號,22.681912,120.489334,漢堡,🍔,屏東縣,斯文里
183867,明德路68-90號,22.471235,120.457274,五金行,🔧,屏東縣,新勝里
183873,189縣道279號,22.585189,120.494468,飯店,🏨,屏東縣,萬生村
183874,媽祖路84-108號,22.525728,120.452235,五金行,🔧,屏東縣,新園村
183875,西部濱海公路234-,22.435937,120.513634,電器行,🔌,屏東縣,仁和村
183877,臺北,25.042126,121.559857,體育館,🏋️,臺北市,新仁里
183879,中山路三段,25.253964,121.503476,路邊,🛣️,新北市,三芝區
183888,103縣道45-41,25.11063,121.455859,公園,🌳,新北市,集福里
183890,復興路三段49巷2-,25.044986,121.460677,拉麵店,🍜,新北市,化成里
183891,漢生西路152號,25.022401,121.463019,大學&學院,🎓,新北市,文德里
183899,臺北,25.039933,121.539612,路邊,🛣️,臺北市,義村里
183902,中山高速公路,25.068224,121.428682,水邊,🌊,新北市,黎明里
183903,中興路三段(五股交流,25.080718,121.446248,橋樑,🌉,新北市,更寮里
183908,和平路14巷18-2,24.949912,121.222169,餐廳,🍴,桃園市,北勢里
183911,經國二路,25.031386,121.298043,服裝店,👕,桃園市,汴洲里
183915,互助街35-27號,25.026922,121.461326,便利店,🏪,新北市,朝陽里
183919,長江路二段305-2,25.033156,121.470292,公車站,🚌,新北市,溪頭里
183920,五妃街259-243,22.982621,120.202591,體育館,🏋️,臺南市,南門里
183921,新強路179-175,22.610915,120.33964,超市,🛒,高雄市,新強里
183923,南華路174號,22.602719,120.338268,美容院,💅,高雄市,正義里
183925,賴家村咖啡農場,22.408413,120.564907,咖啡杯,☕,屏東縣,賴家村
183926,行義街49-35號,22.568705,120.353299,美容院,💅,高雄市,正苓里
183929,中山南路43巷31-,23.013158,120.226377,美容院,💅,臺南市,西橋里
183930,建八路174-196,24.998466,121.491106,路邊,🛣️,新北市,碧河里
183936,德壽街10,24.980636,121.30273,路邊,🛣️,桃園市,南門里
183938,德壽街10號,24.981589,121.301151,公園,🌳,桃園市,玉山里
183940,山菓路365號,25.085273,121.268694,橋樑,🌉,桃園市,坑口里
183945,民享街89-65號,25.015807,121.47671,路邊,🛣️,新北市,東丘里
183955,中86鄉道332-3,24.216151,120.688501,路邊,🛣️,臺中市,東寶里
183976,宏昌六街,24.987199,121.290633,圖書館,📚,桃園市,中山里
183978,臺中,24.149996,120.682929,大學&學院,🎓,臺中市,錦平里
183983,關爺西路38-32號,24.931128,121.217039,麵包店,🥐,桃園市,新貴里
183985,臺中國際機場,24.262053,120.624484,機場,✈️,臺中市,西勢里
183989,高雄,22.655065,120.358359,體育館,🏋️,高雄市,鳥松區
183990,瑞興路42-52號,24.249285,120.710897,體育館,🏋️,臺中市,西安里
183991,建新路110巷28-,24.797806,121.000133,路邊,🛣️,新竹市,軍功里
183997,136縣道1072-,24.147886,120.628786,美術館,🖼️,臺中市,新生里
184003,環中路五段,24.119781,120.636915,水邊,🌊,臺中市,楓樹里
184005,山柑里77之16號,24.399125,120.667612,超市,🛒,苗栗縣,山柑里
184008,丸山六路129-12,24.6425,121.753474,飯店,🏨,宜蘭縣,丸山村
184017,文心南三路713-5,24.133376,120.642596,超市,🛒,臺中市,豐樂里
184025,三元街241-231,25.007508,121.322437,路邊,🛣️,桃園市,三元里
184029,員山路148巷37-,24.996879,121.48245,超市,🛒,新北市,文元里
184032,桂陽路257巷25弄,22.579437,120.353067,路邊,🛣️,高雄市,桂林里
184034,忠義二街25-21號,22.97868,120.257838,麵包店,🥐,臺南市,一甲里
184036,新竹,24.805378,120.991605,化妝品,💄,新竹市,光復里
184037,臺北,25.04967,121.551375,體育館,🏋️,臺北市,美仁里
184039,永華六街22巷20-,22.991363,120.177768,路邊,🛣️,臺南市,怡平里
184044,新豐街153巷38-,22.567856,120.359152,義式餐廳,🍝,高雄市,六苓里
184046,市2鄉道65-11號,24.815603,120.956767,機場,✈️,新竹市,境福里
184047,陽金公路,25.220935,121.629492,路邊,🛣️,新北市,金山區
184058,永福路750-768,24.961376,121.25613,超市,🛒,桃園市,中興里
184063,會稽一街27-1號,25.015038,121.314467,甜點店,🍰,桃園市,寶山里
184064,會稽一街27-1號,25.014773,121.313624,路邊,🛣️,桃園市,寶山里
184075,臺南,22.988513,120.218595,路邊,🛣️,臺南市,中西里
184081,建康路150-156,25.000208,121.491042,公園,🌳,新北市,中和區
184084,思源路,25.054002,121.460035,咖啡杯,☕,新北市,頭前里
184085,江寧路三段87巷2弄,25.033007,121.472284,路邊,🛣️,新北市,溪頭里
184091,錦和路43-17號,25.001522,121.486875,橋樑,🌉,新北市,碧河里
184096,高雄,22.667961,120.301156,體育館,🏋️,高雄市,左營區
184097,嘉義,23.470991,120.461829,體育館,🏋️,嘉義市,新開里
184103,臺南,22.979034,120.205718,體育館,🏋️,臺南市,竹溪里
184104,天津路一段100-1,24.170258,120.670398,路邊,🛣️,臺中市,長青里
184117,雙竹街71-51號,23.484698,120.438534,郵局,📮,嘉義市,竹圍里
184126,自由路10號,24.810686,120.983041,義式餐廳,🍝,新竹市,東園里
184131,東寧路435巷21-,22.990544,120.230207,義式餐廳,🍝,臺南市,東光里
184134,文化西路70巷20-,22.636046,120.348288,自助洗衣店&乾洗店,🧺,高雄市,文福里
184135,西門路四段16巷31,23.006313,120.208265,自助洗衣店&乾洗店,🧺,臺南市,小北里
184141,復華五街55-6號,23.01096,120.245277,自助洗衣店&乾洗店,🧺,臺南市,復國里
184147,新生路550-562,23.491717,120.458157,韓國餐廳,🥘,嘉義市,太平里
184152,興南街98-94號,25.055429,121.600189,公園,🌳,臺北市,東新里
184159,永華路二段,22.991586,120.167081,義式餐廳,🍝,臺南市,育平里
184166,環河西路五段,24.993693,121.440975,公園,🌳,新北市,福安里
184167,成功二街21-24號,25.050213,121.487455,拉麵店,🍜,新北市,成功里
184170,中興北街227-23,25.058857,121.468975,服裝店,👕,新北市,頂崁里
184173,愛九街36-106號,25.004088,121.299692,自助洗衣店&乾洗店,🧺,桃園市,長德里
184174,臺北,25.160713,121.401527,海灘,🏖️,新北市,頂罟里
184176,建六路62-74號,25.002278,121.48634,服裝店,👕,新北市,平河里
184189,Banyan Ave,25.020869,121.535797,大學&學院,🎓,臺北市,學府里
184192,承德路四段175-1,25.086841,121.522911,壽司,🍣,臺北市,義信里
184199,臺北,25.018875,121.541969,大學&學院,🎓,臺北市,大安區
184201,安樂路143巷20,24.996928,121.513355,咖哩,🍛,新北市,宜安里
184209,民族路151巷30-,25.008263,121.469364,路邊,🛣️,新北市,民族里
184225,壽昌路9-3號,22.64152,120.333585,路邊,🛣️,高雄市,寶泰里
184248,法務部矯正署高雄女子,22.5886,120.370874,森林,🌲,高雄市,大寮區
184256,183縣道427-4,22.668621,120.362459,超市,🛒,高雄市,夢裡里
184258,啟文路12號,22.673062,120.285352,圖書館,📚,高雄市,自助里
184265,183縣道238-2,22.637742,120.36439,路邊,🛣️,高雄市,鎮北里
184266,文龍東路530號,22.641282,120.358648,森林,🌲,高雄市,文山里
184272,民族一路901巷32,22.681208,120.31826,漢堡,🍔,高雄市,福山里
184289,立志街159-149,22.653585,120.324287,藥局,💊,高雄市,灣利里
184294,玉山景觀公路水里玉山,22.582857,120.433234,藥局,💊,高雄市,大寮里
184296,PF羽球概念館,22.629238,120.409631,路邊,🛣️,高雄市,翁園里
184301,興糖路,22.755472,120.314303,超市,🛒,高雄市,橋南里
184304,忠孝路,22.767135,120.263015,機場,✈️,高雄市,梓信里
184307,光明路209-157,22.625341,120.360159,拉麵店,🍜,高雄市,光明里
184309,鎮南街168-184,22.597725,120.331857,服裝店,👕,高雄市,鎮南里
184310,孔宅二街,22.577562,120.371764,森林,🌲,高雄市,高松里
184311,四維路175-111,22.766737,120.255642,公車站,🚌,高雄市,梓信里
184315,開發路16號,22.72255,120.306862,公車站,🚌,高雄市,瑞屏里
184323,武慶二路46-56號,22.611172,120.332703,便利店,🏪,高雄市,瑞文里
184336,銀川街27-21號,22.648874,120.280252,路邊,🛣️,高雄市,民強里
184337,青峰街20-110號,22.611069,120.387483,森林,🌲,高雄市,山頂里
184347,八德路100巷,22.638682,120.36064,超市,🛒,高雄市,文英里
184350,鳳捷路,22.628583,120.383028,橋樑,🌉,高雄市,鳳東里
184353,內厝路219-201,22.608542,120.389794,便利店,🏪,高雄市,山頂里
184354,文濱路128-144,22.642392,120.349315,壽司,🍣,高雄市,文德里
184355,市中一路458巷2-,22.637448,120.286908,拉麵店,🍜,高雄市,千秋里
184356,旺盛街,22.630549,120.290405,麵包店,🥐,高雄市,新生里
184371,高雄,22.688015,120.305023,車站,🚉,高雄市,尾北里
184376,鳳林公路,22.512142,120.395944,水邊,🌊,高雄市,林園里
184378,中崙一路,22.607151,120.351566,服裝店,👕,高雄市,中崙里
184391,永裕街25-3號,22.622234,120.311547,公車站,🚌,高雄市,晴朗里
184393,市5鄉道605-54,22.681637,120.309017,橋樑,🌉,高雄市,菜公里
184394,中正路,22.621683,120.39351,路邊,🛣️,高雄市,前庄里
184402,凱旋一路155-13,22.6368,120.318762,便利店,🏪,高雄市,博惠里
184405,吳鳳路32-52號,22.660638,120.281565,餐廳,🍴,高雄市,光榮里
184411,重立路504-544,22.67883,120.311653,便利店,🏪,高雄市,菜公里
184433,鳳林公路17-13號,22.59452,120.40202,公車站,🚌,高雄市,大寮區
184435,鳳林公路730-77,22.610749,120.3926,公車站,🚌,高雄市,山頂里
184436,高72鄉道100號,22.590477,120.394603,公園,🌳,高雄市,會社里
184440,崇聖路43-9號,22.59149,120.395596,森林,🌲,高雄市,會社里
184445,縱貫公路,22.761948,120.308469,路邊,🛣️,高雄市,橋頭里
184447,西部濱海公路,22.780987,120.252029,機場,✈️,高雄市,彌陀里
184455,鳳林路47號,22.622246,120.370689,大學&學院,🎓,高雄市,東門里
184458,中華路153-45號,22.795685,120.367819,甜點店,🍰,高雄市,東燕里
184461,二聖路132-160,22.61223,120.330309,便利店,🏪,高雄市,瑞誠里
184467,民義街45-53號,22.570223,120.35004,藥局,💊,高雄市,山東里
184468,義興街147號,22.56698,120.350245,服裝店,👕,高雄市,三苓里
184471,縱貫公路861-83,22.861802,120.258628,橋樑,🌉,高雄市,竹東里
184476,土庫六路,22.74304,120.330831,公車站,🚌,高雄市,楠梓區
184483,大貨車專用道,22.578288,120.32613,機場,✈️,高雄市,明義里
184486,金和街168巷50-,22.724135,120.318936,橋樑,🌉,高雄市,金田里
184492,義昌路,22.641468,120.333178,漢堡,🍔,高雄市,寶泰里
184497,智仁街315-301,22.85826,120.266379,藥局,💊,高雄市,社南里
184499,糖廠路,22.755196,120.313842,路邊,🛣️,高雄市,橋南里
184502,致遠路82號,22.795214,120.271277,機場,✈️,高雄市,協和里
184505,高雄,22.675858,120.342124,體育館,🏋️,高雄市,大灣里
184507,雙峰街2號,22.903096,120.541139,拉麵店,🍜,高雄市,泰安里
184508,覺民路289-285,22.640142,120.336581,橋樑,🌉,高雄市,寶德里
184510,中華橫路127-11,22.641021,120.288421,公車站,🚌,高雄市,豐裕里
184511,高雄,22.65795,120.283491,公園,🌳,高雄市,龍水里
184520,國泰路二段,22.617597,120.350765,公園,🌳,高雄市,國富里
184522,成佛大道,22.756352,120.443363,路邊,🛣️,高雄市,統嶺里
184523,高雄,22.649374,120.352801,路邊,🛣️,高雄市,鳥松里
184528,鳳林公路1號,22.593449,120.402284,便利店,🏪,高雄市,三隆里
184529,日昌路165-155,22.661173,120.277749,餐廳,🍴,高雄市,內惟里
184535,青山街87-75號,22.611214,120.389677,森林,🌲,高雄市,山頂里
184536,鳳林三路247巷5-,22.599416,120.398979,餐廳,🍴,高雄市,會社里
184537,大社路2-6號,22.731768,120.344023,義式餐廳,🍝,高雄市,大社里
184538,福祥街87-69號,22.603121,120.325692,車站,🚉,高雄市,瑞豐里
184541,建榮路193-155,22.659906,120.277169,路邊,🛣️,高雄市,建國里
184545,三民路338號,22.730158,120.34543,超市,🛒,高雄市,大社里
184547,光復路二段211-1,22.629298,120.345322,拉麵店,🍜,高雄市,忠義里
184555,創新路93之5號,22.742295,120.324301,車站,🚉,高雄市,橋南里
184562,興楠路26巷18-9,22.732626,120.338784,森林,🌲,高雄市,五常里
184564,德民路,22.736225,120.324832,橋樑,🌉,高雄市,橋南里
184566,瑞源路123巷2-2,22.632247,120.296495,飯店,🏨,高雄市,草江里
184567,南台橫路37-1號,22.635263,120.299587,飯店,🏨,高雄市,建華里
184570,德松路32號,22.764827,120.305397,路邊,🛣️,高雄市,德松里
184571,清豐六路,22.746697,120.325148,森林,🌲,高雄市,清豐里
184574,立志街54-76號,22.652322,120.326035,服裝店,👕,高雄市,灣利里
184576,橋新六路,22.738945,120.303075,路邊,🛣️,高雄市,新莊里
184580,裕民街68-134號,22.649227,120.277338,服裝店,👕,高雄市,平和里
184582,西部濱海公路,22.767297,120.258653,機場,✈️,高雄市,梓信里
184583,青埔街50-68號,22.728204,120.32288,車站,🚉,高雄市,惠民里
184587,國軒路,22.78226,120.293849,森林,🌲,高雄市,劉厝里
184588,國軒路301號,22.782094,120.287241,公園,🌳,高雄市,劉厝里
184589,五和路70-102號,22.69432,120.333286,餐廳,🍴,高雄市,五和里
184590,大豐二路649-64,22.65212,120.332142,公車站,🚌,高雄市,本武里
184597,中山路,22.729735,120.369524,公園,🌳,高雄市,神農里
184598,高雄支線,22.679623,120.34019,橋樑,🌉,高雄市,八卦里
184600,灣中街2-12號,22.652114,120.323207,藥局,💊,高雄市,灣勝里
184601,義德路135-109,22.645396,120.334866,餐廳,🍴,高雄市,寶玉里
184602,竹圍南街39-1號,22.799789,120.300966,咖啡杯,☕,高雄市,竹圍里
184604,高雄,22.589277,120.410919,公園,🌳,高雄市,大寮里
184609,西部濱海公路98號,22.517547,120.362998,路邊,🛣️,高雄市,鳳鳴里
184613,延平路364-398,22.560671,120.539813,美容院,💅,屏東縣,三共里
184614,北林路,22.545685,120.377351,服裝店,👕,高雄市,山明里
184617,忠誠路231-213,22.598134,120.325077,便利店,🏪,高雄市,瑞南里
184618,和平路一段48-60,22.748939,120.362835,橋樑,🌉,高雄市,保社里
184619,橋中街,22.757409,120.308086,公園,🌳,高雄市,橋頭區
184620,龍德路115-107,22.654335,120.300171,藥局,💊,高雄市,龍子里
184631,明鳳六街,22.583903,120.338448,橋樑,🌉,高雄市,中厝里
184633,立志街31巷15-1,22.6518,120.326506,韓國餐廳,🥘,高雄市,灣利里
184636,大新路38-72號,22.725088,120.350333,電器行,🔌,高雄市,觀音里
184637,建工路240巷15-,22.654941,120.333039,自助洗衣店&乾洗店,🧺,高雄市,本館里
184639,大新路65-57號,22.72514,120.352095,公車站,🚌,高雄市,觀音里
184640,三中路,22.725577,120.344195,水邊,🌊,高雄市,三奶里
184650,翠屏路86-90號,22.730259,120.351023,便利店,🏪,高雄市,神農里
184652,鼎中路,22.65838,120.318624,餐廳,🍴,高雄市,灣子里
184653,日昌路155巷1弄,22.660775,120.277872,麵包店,🥐,高雄市,內惟里
184657,瑞屏路110-158,22.724729,120.310784,便利店,🏪,高雄市,瑞屏里
184658,新經一路,22.72519,120.308458,公車站,🚌,高雄市,瑞屏里
184660,186縣道361-3,22.744888,120.349799,便利店,🏪,高雄市,保社里
184666,瑞興路15-1號,22.624597,120.368717,餐廳,🍴,高雄市,瑞竹里
184667,西部濱海公路,22.531439,120.370711,公車站,🚌,高雄市,小港區
184668,旗津三路1050號,22.609788,120.266175,海灘,🏖️,高雄市,振興里
184669,內惟路309-299,22.660898,120.279149,麵包店,🥐,高雄市,內惟里
184672,加昌路249-197,22.721486,120.314656,拉麵店,🍜,高雄市,錦屏里
184674,海專路142-146,22.725706,120.311583,大學&學院,🎓,高雄市,瑞屏里
184676,經五路,22.718546,120.30315,公園,🌳,高雄市,楠梓區
184678,五林路160-170,22.759333,120.2941,路邊,🛣️,高雄市,東林里
184679,高33鄉道254-2,22.735738,120.293287,便利店,🏪,高雄市,橋頭區
184680,大裕路68號,22.654973,120.328721,公園,🌳,高雄市,三民區
184681,高雄,22.805298,120.298513,路邊,🛣️,高雄市,台上里
184682,南進三街36-56號,22.589703,120.32897,自助洗衣店&乾洗店,🧺,高雄市,福興里
184687,德松路1-3號,22.763673,120.306271,路邊,🛣️,高雄市,德松里
184688,南京路,22.610106,120.345292,超市,🛒,高雄市,新泰里
184689,先鋒路9-3號,22.676897,120.282635,水邊,🌊,高雄市,崇實里
184691,橋頭糖廠古蹟 俱樂部,22.756713,120.31528,水邊,🌊,高雄市,橋南里
184692,德旺街160-168,22.644009,120.289393,公園,🌳,高雄市,德西里
184702,中國醫藥大學水湳校區,24.178167,120.661806,大學&學院,🎓,臺中市,北屯區
184704,凱旋七路,24.182,120.650444,大學&學院,🎓,臺中市,西屯區
184707,崇德十九路,24.197833,120.684194,體育館,🏋️,臺中市,北屯區
184708,松安街,24.181616,120.692017,美術館,🖼️,臺中市,北屯區
184710,豐樂停車場,24.130333,120.644972,電影院,🎬,臺中市,南屯區
184712,臺中市洲際棒球場,24.200778,120.683917,體育館,🏋️,臺中市,北屯區
184713,東海大學,24.181833,120.60375,大學&學院,🎓,臺中市,西屯區
184716,環中路二段,24.180806,120.634722,美術館,🖼️,臺中市,西屯區
184733,僑大路,24.188167,120.643083,大學&學院,🎓,臺中市,西屯區
184734,惠陽街,24.249611,120.723361,體育館,🏋️,臺中市,豐原區
184735,忠明南路,24.119056,120.678972,大學&學院,🎓,臺中市,南區
184736,五權西路二段,24.148306,120.627583,餐廳,🍴,臺中市,南屯區
184737,晉文路,24.219806,120.582139,大學&學院,🎓,臺中市,沙鹿區
184738,梧棲體育場,24.250806,120.542917,體育館,🏋️,臺中市,梧棲區
184739,長安路二段35巷,24.174861,120.663306,美術館,🖼️,臺中市,西屯區
184740,向上路一段33巷,24.145083,120.667667,大學&學院,🎓,臺中市,中區
184742,大通路,24.241231,120.512634,公車站,🚌,臺中市,梧棲區
184744,亞洲大學,24.048194,120.688444,大學&學院,🎓,臺中市,霧峰區
184746,工業區一路58巷10,24.179972,120.613389,大學&學院,🎓,臺中市,西屯區
184747,工業區一路98巷,24.175199,120.612924,大學&學院,🎓,臺中市,西屯區
184751,聚興路,24.207164,120.719134,大學&學院,🎓,臺中市,潭子區
184752,福星北路,24.187195,120.643162,大學&學院,🎓,臺中市,西屯區
184753,向陽路173巷,24.252558,120.728307,路邊,🛣️,臺中市,豐原區
184754,崇德路三段,24.199619,120.684374,體育館,🏋️,臺中市,北屯區
184755,廍子巷,24.170207,120.734726,大學&學院,🎓,臺中市,北屯區
184756,和昌街,24.123887,120.667438,電影院,🎬,臺中市,南區
184757,文昌街,24.259148,120.716899,體育館,🏋️,臺中市,豐原區
184758,圓環東路810巷,24.253875,120.730611,體育館,🏋️,臺中市,豐原區
184761,中平路,24.194667,120.657028,飯店,🏨,臺中市,西屯區
184765,遊園南路498巷;中,24.175306,120.577583,服裝店,👕,臺中市,大肚區
184767,國強街,24.157609,120.697376,自助洗衣店&乾洗店,🧺,臺中市,北區
184768,大弘一街,24.162083,120.658417,自助洗衣店&乾洗店,🧺,臺中市,西屯區
184769,敦化路一段,24.188417,120.669167,飯店,🏨,臺中市,北屯區
184771,太平一街128巷,24.116861,120.721444,服裝店,👕,臺中市,太平區
184772,太平二十街,24.124194,120.718278,自助洗衣店&乾洗店,🧺,臺中市,太平區
184775,中沙路164巷1弄,24.17475,120.578917,服裝店,👕,臺中市,大肚區
184776,中南一路二段,24.2575,120.519111,服裝店,👕,臺中市,梧棲區
184778,甘肅路二段,24.174444,120.6555,服裝店,👕,臺中市,西屯區
184779,復興北路,24.121039,120.658288,服裝店,👕,臺中市,南區
184780,昌平東八路,24.18425,120.692083,服裝店,👕,臺中市,北屯區
184781,崇德十二路,24.190417,120.688056,飯店,🏨,臺中市,北屯區
184782,福順路,24.180917,120.623722,飯店,🏨,臺中市,西屯區
184784,立人國中,24.170111,120.670111,自助洗衣店&乾洗店,🧺,臺中市,北區
184788,沙田路永和巷28弄,24.228952,120.556982,服裝店,👕,臺中市,沙鹿區
184791,忠貞路,24.2425,120.612361,服裝店,👕,臺中市,沙鹿區
184792,東關路七段,24.253681,120.825998,飯店,🏨,臺中市,東勢區
184794,遊園南路101巷,24.183662,120.586869,服裝店,👕,臺中市,龍井區
184796,港埠路二段431巷,24.260074,120.539217,飯店,🏨,臺中市,梧棲區
184797,中清路三段758巷,24.213125,120.65195,服裝店,👕,臺中市,大雅區
184798,西安街277巷,24.184306,120.648167,飯店,🏨,臺中市,西屯區
184799,保康路,24.242312,120.722428,飯店,🏨,臺中市,豐原區
184803,雷中街18巷,24.181716,120.669706,服裝店,👕,臺中市,北屯區
184808,太平二十二街,24.124917,120.717729,服裝店,👕,臺中市,太平區
184810,富宜路190巷,24.146848,120.719893,服裝店,👕,臺中市,太平區
184813,合作街,24.239542,120.707888,服裝店,👕,臺中市,豐原區
184815,合作街,24.239843,120.706594,服裝店,👕,臺中市,豐原區
184816,豐社路75巷,24.252066,120.710392,服裝店,👕,臺中市,豐原區
184817,永康路65巷,24.243025,120.72773,服裝店,👕,臺中市,豐原區
184819,安順東一街,24.176033,120.677656,飯店,🏨,臺中市,北屯區
184820,中華路二段,24.252752,120.556566,服裝店,👕,臺中市,梧棲區
184823,雅環路二段120巷,24.227482,120.653366,服裝店,👕,臺中市,大雅區
184824,復新街,24.124911,120.678438,公車站,🚌,臺中市,南區
184825,寶山三街,24.15171,120.613949,服裝店,👕,臺中市,南屯區
184827,光復路,24.236528,120.636125,服裝店,👕,臺中市,大雅區
184830,永和路,24.212444,120.630556,水邊,🌊,臺中市,大雅區
184831,擬餌,24.241333,120.660167,水邊,🌊,臺中市,大雅區
184832,大林路321巷,24.247389,120.649278,水邊,🌊,臺中市,大雅區
184833,遠東街,24.189556,120.598111,水邊,🌊,臺中市,西屯區
184834,臺灣大道四段671巷,24.177944,120.6205,水邊,🌊,臺中市,西屯區
184835,上山五路,24.218139,120.630778,水邊,🌊,臺中市,大雅區
184837,凱旋路,24.17975,120.651889,公園,🌳,臺中市,西屯區
184838,衛道中學,24.182694,120.675056,公園,🌳,臺中市,北屯區
184840,敬德街,24.199528,120.612111,公園,🌳,臺中市,西屯區
184841,福安五街33巷,24.17875,120.617083,公園,🌳,臺中市,西屯區
184843,光西巷,24.189768,120.739486,山丘,⛰️,臺中市,北屯區
184844,中正路,24.030444,120.696972,水邊,🌊,臺中市,霧峰區
184845,遠東街,24.191417,120.597611,森林,🌲,臺中市,西屯區
184846,中科路,24.208028,120.618861,水邊,🌊,臺中市,西屯區
184847,公園,24.207194,120.6225,公園,🌳,臺中市,西屯區
184848,中和三路,24.214111,120.643667,水邊,🌊,臺中市,大雅區
184849,潭富路三段,24.225222,120.68425,水邊,🌊,臺中市,潭子區
184850,民族路三段,24.226583,120.682806,水邊,🌊,臺中市,潭子區
184851,民族路三段,24.231833,120.68425,水邊,🌊,臺中市,潭子區
184852,大富路,24.234861,120.685417,水邊,🌊,臺中市,神岡區
184854,都會園路,24.210111,120.599611,公園,🌳,臺中市,西屯區
184855,都會園路,24.195778,120.594611,森林,🌲,臺中市,西屯區
184856,向上路五段,24.151028,120.607389,森林,🌲,臺中市,南屯區
184857,崇德十路一段,24.188194,120.688944,公園,🌳,臺中市,北屯區
184858,中陽東街,24.247333,120.733611,公園,🌳,臺中市,豐原區
184859,豐順街,24.132167,120.640667,公園,🌳,臺中市,南屯區
184860,龍洋巷,24.165861,120.626306,水邊,🌊,臺中市,西屯區
184861,三民路,24.249815,120.576673,森林,🌲,臺中市,沙鹿區
184862,衛道中學,24.184861,120.6755,森林,🌲,臺中市,北屯區
184864,永春東一路,24.129639,120.641389,公園,🌳,臺中市,南屯區
184865,雅潭路三段東寶巷,24.218917,120.684028,水邊,🌊,臺中市,潭子區
184869,建成街,24.129306,120.728528,森林,🌲,臺中市,太平區
184871,環中路二段,24.195722,120.647278,公園,🌳,臺中市,西屯區
184872,和祥六街,24.174639,120.726472,公園,🌳,臺中市,北屯區
184873,瑞井路,24.161361,120.572417,森林,🌲,臺中市,大肚區
184874,建軍二街,24.161917,120.719139,公園,🌳,臺中市,北屯區
184875,軍福八路,24.168889,120.716806,公園,🌳,臺中市,北屯區
184876,鼎財窩,24.183722,120.749389,森林,🌲,臺中市,北屯區
184878,臺灣大道十段,24.255056,120.522667,公園,🌳,臺中市,梧棲區
184879,梅亭街,24.1605,120.672778,公園,🌳,臺中市,北區
184880,中科路,24.177333,120.655278,公園,🌳,臺中市,西屯區
184881,中科路,24.181306,120.656139,公園,🌳,臺中市,西屯區
184882,東關路三段,24.17075,120.906222,山丘,⛰️,臺中市,和平區
184884,永春東三路,24.119694,120.631111,水邊,🌊,臺中市,南屯區
184885,黎明路一段148巷,24.114944,120.628167,公園,🌳,臺中市,南屯區
184886,科園路,24.201556,120.613972,水邊,🌊,臺中市,西屯區
184887,科雅一路,24.210556,120.619611,水邊,🌊,臺中市,大雅區
184888,建國南路三段,24.132278,120.67525,公園,🌳,臺中市,南區
184889,環場園道,24.148917,120.732833,公園,🌳,臺中市,太平區
184890,科園路,24.204028,120.610389,水邊,🌊,臺中市,西屯區
184891,西平南巷,24.198194,120.608028,公園,🌳,臺中市,西屯區
184892,新興路14巷,24.193444,120.662083,水邊,🌊,臺中市,北屯區
184893,忠孝街,24.254944,120.83175,公園,🌳,臺中市,東勢區
184894,環中東路二段,24.178556,120.721361,水邊,🌊,臺中市,北屯區
184895,新生西路,24.105583,120.684778,公園,🌳,臺中市,大里區
184897,育英路,24.1365,120.698056,公園,🌳,臺中市,東區
184899,永義路,24.124472,120.709278,水邊,🌊,臺中市,太平區
184901,嘟嘟房台中江興站,24.163457,120.696455,公園,🌳,臺中市,北屯區
184902,建國路,24.045306,120.695056,森林,🌲,臺中市,霧峰區
184903,成功路57巷26弄,24.087013,120.701047,公園,🌳,臺中市,大里區
184904,高鐵路一段,24.105916,120.601422,水邊,🌊,臺中市,烏日區
184905,福安六街59巷,24.177444,120.616528,公園,🌳,臺中市,西屯區
184906,福安十街,24.175167,120.615889,公園,🌳,臺中市,西屯區
184907,大墩十街,24.147749,120.644381,公園,🌳,臺中市,南屯區
184908,文心南三路,24.13319,120.64811,公園,🌳,臺中市,南屯區
184909,東關路七段,24.252169,120.825614,水邊,🌊,臺中市,東勢區
184910,福昌街,24.243467,120.843616,森林,🌲,臺中市,東勢區
184911,建興路,24.218679,120.667545,水邊,🌊,臺中市,大雅區
184912,昌平路四段,24.223796,120.670019,水邊,🌊,臺中市,大雅區
184914,海甲路,24.302071,120.613197,森林,🌲,臺中市,清水區
184915,龍善二街,24.212003,120.664078,公園,🌳,臺中市,大雅區
184916,高鐵東路,24.105194,120.612528,水邊,🌊,臺中市,烏日區
184917,三民街,24.103806,120.621528,水邊,🌊,臺中市,烏日區
184918,樹孝路67巷,24.152539,120.714275,公園,🌳,臺中市,太平區
184919,擬餌,24.162889,120.630111,水邊,🌊,臺中市,西屯區
184920,東英七街,24.141413,120.709266,公園,🌳,臺中市,東區
184922,草堤路,24.08167,120.673401,水邊,🌊,臺中市,大里區
184923,環港路,24.213668,120.491964,水邊,🌊,臺中市,龍井區
184924,臺灣大道七段1080,24.241955,120.558812,水邊,🌊,臺中市,沙鹿區
184925,擬餌,24.243342,120.735359,水邊,🌊,臺中市,豐原區
184926,南陽路綠山巷,24.24239,120.739982,森林,🌲,臺中市,豐原區
184928,南陽路綠山巷,24.241886,120.736232,森林,🌲,臺中市,豐原區
184929,森林,24.239946,120.734802,森林,🌲,臺中市,豐原區
184930,臺灣大道四段786巷,24.18177,120.620952,公園,🌳,臺中市,西屯區
184931,三村里活動中心,24.237487,120.70432,水邊,🌊,臺中市,豐原區
184932,崇德路五段,24.219808,120.689006,水邊,🌊,臺中市,潭子區
184933,公園,24.129139,120.653544,公園,🌳,臺中市,南屯區
184934,主步道,24.176534,120.562326,山丘,⛰️,臺中市,龍井區
184935,梅亭街,24.160402,120.673915,公園,🌳,臺中市,北區
184936,和昌街268巷,24.123815,120.668092,公園,🌳,臺中市,南區
184937,勢林街,24.261075,120.829416,公園,🌳,臺中市,東勢區
184939,橫坑巷,24.180167,120.767972,森林,🌲,臺中市,北屯區
184940,東豐綠廊之11k風車,24.269386,120.829017,山丘,⛰️,臺中市,東勢區
184941,朝陽路,24.262314,120.74457,水邊,🌊,臺中市,豐原區
184942,田心路二段272巷8,24.238609,120.720279,水邊,🌊,臺中市,豐原區
184943,仁洲街,24.258214,120.714705,公園,🌳,臺中市,豐原區
184944,中山路,24.244208,120.714029,公園,🌳,臺中市,豐原區
184945,自成街,24.250444,120.725224,公園,🌳,臺中市,豐原區
184946,東勢街,24.246217,120.715891,公園,🌳,臺中市,豐原區
184947,南興北二路,24.192583,120.709532,公園,🌳,臺中市,北屯區
184948,成功路,24.133347,120.731431,森林,🌲,臺中市,太平區
184949,成功路,24.130555,120.725584,森林,🌲,臺中市,太平區
184950,振興路443巷,24.131222,120.706389,水邊,🌊,臺中市,東區
184951,成功路630巷,24.25345,120.706797,公園,🌳,臺中市,豐原區
184952,中新街東新巷,24.25596,120.832347,公園,🌳,臺中市,東勢區
184953,三社路,24.242765,120.684431,森林,🌲,臺中市,神岡區
184954,成功西路,24.116528,120.5975,森林,🌲,臺中市,烏日區
184955,森林,23.901846,120.710069,森林,🌲,臺中市,振興里
184956,工業區一路,24.17631,120.613998,公園,🌳,臺中市,西屯區
184957,豐洲路,24.265223,120.678075,森林,🌲,臺中市,神岡區
184958,光啟路,24.261865,120.685133,森林,🌲,臺中市,神岡區
184959,昌平路三段,24.207639,120.673741,公園,🌳,臺中市,潭子區
184960,大明一路,24.205179,120.675603,水邊,🌊,臺中市,潭子區
184961,大富路一段3巷,24.203497,120.67748,公園,🌳,臺中市,潭子區
184963,五權西路三段,24.160083,120.594972,森林,🌲,臺中市,南屯區
184964,文心南三路,24.133604,120.648174,路邊,🛣️,臺中市,南屯區
184965,建和路一段,24.160549,120.719963,公園,🌳,臺中市,北屯區
184966,秀山路,24.223889,120.632528,藥局,💊,臺中市,大雅區
184967,文心南九路,24.127972,120.642167,藥局,💊,臺中市,南屯區
184969,安和東路,24.175611,120.624444,圖書館,📚,臺中市,西屯區
184970,豐洲路,24.261,120.705806,郵局,📮,臺中市,神岡區
184971,德勝路,24.230806,120.65825,便利店,🏪,臺中市,大雅區
184972,國強街,24.162417,120.697639,圖書館,📚,臺中市,北屯區
184974,昌平東二路,24.191861,120.687861,圖書館,📚,臺中市,北屯區
184975,五權路,24.276833,120.566028,便利店,🏪,臺中市,清水區
184976,精美路,24.119889,120.721583,圖書館,📚,臺中市,太平區
184977,福潭路,24.215,120.709778,藥局,💊,臺中市,潭子區
184978,永興路,24.108417,120.682139,圖書館,📚,臺中市,大里區
184980,長億二街,24.120028,120.719472,郵局,📮,臺中市,太平區
184981,東英一街,24.134028,120.705583,藥局,💊,臺中市,東區
184984,7-Eleven,24.189,120.680306,便利店,🏪,臺中市,北屯區
184985,遊園南路498巷;中,24.175028,120.579361,便利店,🏪,臺中市,大肚區
184986,松竹北路,24.185306,120.699639,郵局,📮,臺中市,北屯區
184990,7-Eleven,24.203556,120.61775,便利店,🏪,臺中市,西屯區
184991,科園路,24.204,120.608278,藥局,💊,臺中市,西屯區
184992,福安路,24.181083,120.622333,便利店,🏪,臺中市,西屯區
184993,順平二街,24.178972,120.664583,便利店,🏪,臺中市,西屯區
184994,豐洲路,24.262562,120.702022,藥局,💊,臺中市,神岡區
184996,向上路二段,24.146139,120.640472,郵局,📮,臺中市,南屯區
184998,錦州路,24.07025,120.701056,超市,🛒,臺中市,霧峰區
184999,四平街,24.232336,120.559639,藥局,💊,臺中市,沙鹿區
185000,龍山街,24.212394,120.549464,便利店,🏪,臺中市,龍井區
185001,沙田路五段,24.195503,120.546555,圖書館,📚,臺中市,龍井區
185002,益華街,24.161528,120.689833,便利店,🏪,臺中市,北區
185005,豐西街,24.251596,120.712891,郵局,📮,臺中市,豐原區
185006,福田路132巷,24.110389,120.657806,藥局,💊,臺中市,南區
185007,泰昌街,24.250501,120.833728,便利店,🏪,臺中市,東勢區
185009,上楓分館,24.2367,120.666044,圖書館,📚,臺中市,大雅區
185010,工業區一路,24.171317,120.612352,便利店,🏪,臺中市,西屯區
185011,西屯路二段,24.179139,120.640444,便利店,🏪,臺中市,西屯區
185012,全家便利商店,24.183944,120.708056,便利店,🏪,臺中市,北屯區
185013,永春東一路,24.133686,120.641477,便利店,🏪,臺中市,南屯區
185014,春亭街,24.219531,120.66259,便利店,🏪,臺中市,大雅區
185015,向上路一段33巷,24.145402,120.666518,郵局,📮,臺中市,西區
185018,建國路,24.117861,120.645778,郵局,📮,臺中市,烏日區
185019,敦化路一段,24.189217,120.671125,藥局,💊,臺中市,北屯區
185020,西屯路三段,24.183537,120.630887,便利店,🏪,臺中市,西屯區
185022,郵局,24.154391,120.633468,郵局,📮,臺中市,南屯區
185023,臺中市立圖書館太平坪,24.142147,120.731509,圖書館,📚,臺中市,太平區
185024,大同街,24.141738,120.653931,郵局,📮,臺中市,南屯區
185026,福順路,24.186072,120.608076,便利店,🏪,臺中市,西屯區
185027,遊園路一段園一巷,24.160732,120.574835,便利店,🏪,臺中市,大肚區
185028,7-Eleven,24.185673,120.690351,便利店,🏪,臺中市,北屯區
185029,東洲路,24.261539,120.711282,便利店,🏪,臺中市,神岡區
185030,豐原大道一段,24.244509,120.70314,便利店,🏪,臺中市,豐原區
185031,豐南街92巷,24.237808,120.714329,便利店,🏪,臺中市,豐原區
185032,南陽路301巷24弄,24.244521,120.725186,郵局,📮,臺中市,豐原區
185033,中山路,24.24683,120.713976,郵局,📮,臺中市,豐原區
185035,大明路196巷,24.242846,120.709459,藥局,💊,臺中市,豐原區
185036,中陽路463巷,24.248593,120.735037,藥局,💊,臺中市,豐原區
185037,瑞興路,24.247933,120.711293,藥局,💊,臺中市,豐原區
185038,四維路85巷,24.26173,120.535788,郵局,📮,臺中市,梧棲區
185041,成功路,24.130258,120.724747,藥局,💊,臺中市,太平區
185042,豐年路109巷,24.264264,120.736877,圖書館,📚,臺中市,豐原區
185044,德勝路,24.229889,120.659778,美容院,💅,臺中市,大雅區
185048,軍榮街,24.181194,120.715639,美容院,💅,臺中市,北屯區
185049,長億四街1巷,24.116889,120.719833,美容院,💅,臺中市,太平區
185051,中山中路二段,24.213139,120.536,五金行,🔧,臺中市,龍井區
185055,大墩七街,24.14375,120.6475,美容院,💅,臺中市,南屯區
185057,三榮十七路,24.111417,120.592056,美容院,💅,臺中市,烏日區
185058,長生巷,24.195111,120.683861,電器行,🔌,臺中市,北屯區
185060,梅亭街514巷,24.160908,120.674126,美容院,💅,臺中市,北區
185061,南陽路,24.247083,120.722278,美容院,💅,臺中市,豐原區
185066,直興街16巷,24.250222,120.726611,電器行,🔌,臺中市,豐原區
185067,慈龍街,24.267028,120.719833,電器行,🔌,臺中市,豐原區
185069,雅豐街,24.21925,120.694833,美容院,💅,臺中市,潭子區
185070,東蘭路,24.265944,120.823639,五金行,🔧,臺中市,東勢區
185071,樹德一街73巷,24.150008,120.707581,美容院,💅,臺中市,太平區
185072,水湳路,24.179556,120.672639,公車站,🚌,臺中市,北屯區
185073,大鵬路,24.178139,120.65175,公車站,🚌,臺中市,西屯區
185074,后庄北路,24.192583,120.66825,公車站,🚌,臺中市,北屯區
185075,松竹路三段,24.184306,120.678194,公車站,🚌,臺中市,北屯區
185076,工業區二十八路,24.174417,120.588028,公車站,🚌,臺中市,西屯區
185079,東大路一段,24.194556,120.60725,公車站,🚌,臺中市,西屯區
185081,遊園路一段,24.165361,120.577139,公車站,🚌,臺中市,大肚區
185082,潭雅神自行車道,24.2495,120.640833,機場,✈️,臺中市,神岡區
185083,光復路,24.240139,120.641528,橋樑,🌉,臺中市,大雅區
185084,光復路408巷,24.245806,120.643833,橋樑,🌉,臺中市,神岡區
185085,水源路,24.254793,120.725719,車站,🚉,臺中市,豐原區
185086,遠東街,24.190528,120.589639,公車站,🚌,臺中市,龍井區
185088,民族路三段,24.227861,120.683056,公車站,🚌,臺中市,潭子區
185090,都會園路,24.203056,120.59775,公車站,🚌,臺中市,西屯區
185091,都會園路,24.197389,120.595222,公車站,🚌,臺中市,西屯區
185092,精科五路,24.155083,120.597694,橋樑,🌉,臺中市,南屯區
185093,臺灣銀行,24.254972,120.599722,機場,✈️,臺中市,沙鹿區
185094,龍洋巷,24.165417,120.629028,橋樑,🌉,臺中市,西屯區
185099,機場,24.253944,120.603833,機場,✈️,臺中市,沙鹿區
185101,經貿三路二段,24.188278,120.656694,公車站,🚌,臺中市,西屯區
185102,廣福陸橋,24.200194,120.649889,橋樑,🌉,臺中市,西屯區
185103,市政路,24.156389,120.644222,公車站,🚌,臺中市,西屯區
185104,安和三街,24.178972,120.620722,公車站,🚌,臺中市,西屯區
185105,建國南路三段,24.131028,120.672167,橋樑,🌉,臺中市,南區
185106,廣吉一街,24.193472,120.658611,公車站,🚌,臺中市,西屯區
185107,公車站,24.20925,120.6175,公車站,🚌,臺中市,大雅區
185109,科雅西路,24.211167,120.617444,公車站,🚌,臺中市,大雅區
185110,大墩一街284巷,24.138611,120.647306,公車站,🚌,臺中市,南屯區
185111,經貿東路,24.188778,120.658944,公車站,🚌,臺中市,北屯區
185112,國軍臺中總醫院,24.150722,120.733167,公車站,🚌,臺中市,太平區
185114,民生路,24.077944,120.717806,公車站,🚌,臺中市,霧峰區
185116,科雅路,24.22675,120.630028,公車站,🚌,臺中市,大雅區
185118,龍新路76巷62弄,24.196389,120.543145,車站,🚉,臺中市,龍井區
185120,工業區十八路,24.156944,120.609806,路邊,🛣️,臺中市,南屯區
185122,永安街,24.129725,120.665502,車站,🚉,臺中市,西區
185123,長安路一段,24.171583,120.6585,公車站,🚌,臺中市,西屯區
185125,東關路七段,24.250282,120.828393,公車站,🚌,臺中市,東勢區
185126,本街一巷,24.252525,120.82905,公車站,🚌,臺中市,東勢區
185128,忠孝路,24.044167,120.694417,公車站,🚌,臺中市,霧峰區
185129,富貴街,24.149768,120.696505,車站,🚉,臺中市,東區
185130,工業區一路,24.170662,120.610793,公車站,🚌,臺中市,西屯區
185131,工學五街117巷,24.117417,120.662944,公車站,🚌,臺中市,南區
185132,中清路一段,24.155242,120.677217,公車站,🚌,臺中市,北區
185135,南平路,24.121563,120.663126,公車站,🚌,臺中市,南區
185138,德和一街,24.185673,120.676137,公車站,🚌,臺中市,北屯區
185139,中山路,24.249822,120.597835,機場,✈️,臺中市,沙鹿區
185141,環中路一段,24.200775,120.682254,公車站,🚌,臺中市,北屯區
185142,大墩南一街,24.125793,120.647465,橋樑,🌉,臺中市,南屯區
185143,福貴路,24.20128,120.709999,橋樑,🌉,臺中市,潭子區
185145,長富街,24.181319,120.703925,公車站,🚌,臺中市,北屯區
185146,雅潭路四段,24.218103,120.664682,公車站,🚌,臺中市,大雅區
185147,興社街二段,24.228367,120.812137,機場,✈️,臺中市,新社區
185148,興社街二段,24.23428,120.810178,機場,✈️,臺中市,新社區
185149,中山路一段,24.33274,120.613953,公車站,🚌,臺中市,大甲區
185150,中華北路,24.312576,120.603761,橋樑,🌉,臺中市,清水區
185151,東大路二段,24.227751,120.613251,公車站,🚌,臺中市,大雅區
185152,頂三庄路36巷,24.29033,120.614606,公車站,🚌,臺中市,清水區
185153,中山路,24.311104,120.60352,公車站,🚌,臺中市,清水區
185154,環河北路,24.102056,120.623,橋樑,🌉,臺中市,烏日區
185155,立德街,24.153497,120.715947,橋樑,🌉,臺中市,太平區
185156,中清路三段,24.213066,120.649908,公車站,🚌,臺中市,大雅區
185157,后庄路789巷,24.193316,120.679092,公車站,🚌,臺中市,北屯區
185158,振興路,24.133003,120.694387,公車站,🚌,臺中市,東區
185159,公理街,24.13151,120.674141,公車站,🚌,臺中市,南區
185161,南陽路綠山巷,24.241891,120.735088,公車站,🚌,臺中市,豐原區
185162,軍福九路,24.16981,120.721048,橋樑,🌉,臺中市,北屯區
185163,崇德路五段,24.218796,120.688751,公車站,🚌,臺中市,潭子區
185164,崇德路四段,24.20619,120.686462,公車站,🚌,臺中市,潭子區
185165,遊園路一段,24.158181,120.573477,公車站,🚌,臺中市,大肚區
185166,竹師路一段164巷,24.17939,120.548625,橋樑,🌉,臺中市,龍井區
185167,中平路,24.188428,120.660892,公車站,🚌,臺中市,北屯區
185168,朝陽路,24.261709,120.74577,公車站,🚌,臺中市,豐原區
185170,圳寮路,24.254532,120.715037,橋樑,🌉,臺中市,豐原區
185171,豐原大道一段,24.237336,120.709298,橋樑,🌉,臺中市,豐原區
185172,中山路一段326巷,24.194766,120.703773,車站,🚉,臺中市,潭子區
185173,北屯路426之8巷,24.177794,120.701681,便利店,🏪,臺中市,北屯區
185174,臺中綠空廊道,24.175082,120.701211,橋樑,🌉,臺中市,北屯區
185175,工學路155巷15弄,24.115606,120.660422,公車站,🚌,臺中市,南區
185177,潭子系統交流道,24.199012,120.716043,橋樑,🌉,臺中市,潭子區
185178,南社路,24.264253,120.567714,車站,🚉,臺中市,清水區
185179,昌平路三段,24.206413,120.673773,公車站,🚌,臺中市,潭子區
185180,大德一路,24.204255,120.676764,公車站,🚌,臺中市,潭子區
185181,豐原連絡道,24.218118,120.719288,橋樑,🌉,臺中市,潭子區
185184,豐偉路,24.128806,120.645167,壽司,🍣,臺中市,南屯區
185188,馬龍潭路,24.159417,120.634306,壽司,🍣,臺中市,南屯區
185194,昌平東二路,24.190111,120.687556,壽司,🍣,臺中市,北屯區
185197,自立街95巷,24.141022,120.669225,漢堡,🍔,臺中市,西區
185198,工學五街117巷,24.117472,120.6625,咖哩,🍛,臺中市,南區
185202,文心南路,24.1285,120.646583,壽司,🍣,臺中市,南屯區
185203,豐西街,24.251667,120.713389,壽司,🍣,臺中市,豐原區
185206,南光路,24.115611,120.624528,超市,🛒,臺中市,南屯區
185208,大墩四街,24.142036,120.642231,便利店,🏪,臺中市,南屯區
185210,遠東街194巷,24.188806,120.595139,義式餐廳,🍝,臺中市,龍井區
185212,豐順街,24.133083,120.640694,便利店,🏪,臺中市,南屯區
185213,忠義街,24.161944,120.658639,超市,🛒,臺中市,西屯區
185215,臺灣大道七段,24.228389,120.574917,義式餐廳,🍝,臺中市,沙鹿區
185216,麵包店,24.273222,120.563472,麵包店,🥐,臺中市,清水區
185217,中平九街109巷33,24.124861,120.721444,超市,🛒,臺中市,太平區
185221,崇德八路一段,24.183694,120.682306,超市,🛒,臺中市,北屯區
185224,梅亭街513巷,24.160333,120.671583,超市,🛒,臺中市,北區
185225,華興街,24.160972,120.669222,路邊,🛣️,臺中市,北區
185226,瑞井路52巷,24.162354,120.573223,森林,🌲,臺中市,大肚區
185227,民權路,24.161,120.6705,麵包店,🥐,臺中市,北區
185229,停車場,24.260556,120.825778,超市,🛒,臺中市,東勢區
185230,朝陽街,24.136103,120.669233,麵包店,🥐,臺中市,西區
185233,新生西路,24.105806,120.684056,義式餐廳,🍝,臺中市,大里區
185234,海濱路176號,24.273278,120.561528,服裝店,👕,臺中市,清水區
185236,甘河路,24.174222,120.658833,麵包店,🥐,臺中市,西屯區
185237,大墩十二街,24.149361,120.632167,路邊,🛣️,臺中市,南屯區
185238,正五街,24.259778,120.825056,超市,🛒,臺中市,東勢區
185239,民族路,24.043667,120.69525,麵包店,🥐,臺中市,霧峰區
185240,永平路三段,24.124278,120.708722,超市,🛒,臺中市,太平區
185241,光德路458巷,24.107722,120.726222,麵包店,🥐,臺中市,太平區
185243,春安二街,24.135056,120.608944,超市,🛒,臺中市,南屯區
185244,敦富路,24.18425,120.7085,超市,🛒,臺中市,北屯區
185245,惠中路,24.166778,120.647722,麵包店,🥐,臺中市,西屯區
185246,東榮路,24.109389,120.677222,超市,🛒,臺中市,大里區
185247,雅潭路三段,24.215722,120.682444,超市,🛒,臺中市,潭子區
185248,敦化一街,24.18925,120.672694,超市,🛒,臺中市,北屯區
185249,進化路168巷,24.146306,120.695667,麵包店,🥐,臺中市,東區
185253,竹興街,24.174056,120.704778,超市,🛒,臺中市,北屯區
185254,圓環東路230巷,24.242361,120.721306,麵包店,🥐,臺中市,豐原區
185255,豐原大道四段,24.24825,120.736861,義式餐廳,🍝,臺中市,豐原區
185256,愛國街,24.129778,120.675333,義式餐廳,🍝,臺中市,南區
185257,南陽路綠山巷,24.241833,120.733778,義式餐廳,🍝,臺中市,豐原區
185258,德化街,24.161722,120.67775,義式餐廳,🍝,臺中市,北區
185259,瑞井路,24.165611,120.573889,麵包店,🥐,臺中市,大肚區
185260,豐原大道一段625巷,24.238389,120.705361,超市,🛒,臺中市,豐原區
185261,合作街76巷,24.241583,120.710722,超市,🛒,臺中市,豐原區
185262,北陽路190巷,24.249889,120.734333,超市,🛒,臺中市,豐原區
185264,中山路一段322巷,24.143444,120.735444,路邊,🛣️,臺中市,太平區
185265,中清路四段745巷,24.237021,120.632581,超市,🛒,臺中市,大雅區
185267,福中三街33巷,24.181,120.615278,拉麵店,🍜,臺中市,西屯區
185268,工學二街151巷,24.115306,120.664722,咖啡杯,☕,臺中市,南區
185269,文心南六路,24.13075,120.649306,餐廳,🍴,臺中市,南屯區
185270,經貿五路,24.190944,120.65975,甜點店,🍰,臺中市,北屯區
185271,遠東街,24.189917,120.592722,餐廳,🍴,臺中市,龍井區
185272,益昌一街,24.138667,120.632861,咖啡杯,☕,臺中市,南屯區
185273,東海街180巷,24.189472,120.589306,拉麵店,🍜,臺中市,龍井區
185275,太順路,24.16075,120.713667,餐廳,🍴,臺中市,北屯區
185276,向上路六段,24.176167,120.581,拉麵店,🍜,臺中市,龍井區
185277,聖王街,24.159028,120.632333,餐廳,🍴,臺中市,西屯區
185279,市政路,24.162111,120.630417,路邊,🛣️,臺中市,西屯區
185280,大墩十二街,24.149639,120.627972,餐廳,🍴,臺中市,南屯區
185281,龍富路五段,24.158833,120.629222,餐廳,🍴,臺中市,西屯區
185282,臺中浸信會,24.137361,120.679222,咖啡杯,☕,臺中市,西區
185284,昌平東六路,24.183806,120.690333,拉麵店,🍜,臺中市,北屯區
185285,和祥路一段,24.175083,120.727167,咖啡杯,☕,臺中市,北屯區
185288,中平九街,24.123417,120.720083,餐廳,🍴,臺中市,太平區
185289,藝術街,24.188278,120.591278,餐廳,🍴,臺中市,龍井區
185291,操場,24.13225,120.720417,拉麵店,🍜,臺中市,太平區
185292,林森路,24.069,120.696306,拉麵店,🍜,臺中市,霧峰區
185293,大鵬路59巷,24.178056,120.665972,拉麵店,🍜,臺中市,西屯區
185294,甘肅路二段,24.175278,120.655333,拉麵店,🍜,臺中市,西屯區
185295,中山路,24.257861,120.832111,拉麵店,🍜,臺中市,東勢區
185297,經貿東路,24.184944,120.659222,餐廳,🍴,臺中市,北屯區
185298,中平路,24.191694,120.658833,餐廳,🍴,臺中市,西屯區
185299,博館二街,24.148417,120.673722,餐廳,🍴,臺中市,西區
185300,國泰街,24.159861,120.695889,咖啡杯,☕,臺中市,北區
185303,科雅路,24.224472,120.628083,拉麵店,🍜,臺中市,大雅區
185304,崇德八路一段,24.183583,120.685222,餐廳,🍴,臺中市,北屯區
185306,國泰街,24.159861,120.696528,餐廳,🍴,臺中市,北區
185308,興安路,24.233194,120.557806,拉麵店,🍜,臺中市,沙鹿區
185309,中清路九段,24.280194,120.540556,拉麵店,🍜,臺中市,清水區
185310,福科路655巷,24.186056,120.6115,咖啡杯,☕,臺中市,西屯區
185312,國泰街,24.159889,120.696139,路邊,🛣️,臺中市,北區
185314,進化路,24.158111,120.694472,咖啡杯,☕,臺中市,北區
185316,三豐路一段412巷,24.262667,120.720889,咖啡杯,☕,臺中市,豐原區
185317,龍富路四段,24.139306,120.625722,路邊,🛣️,臺中市,南屯區
185318,保康路,24.241944,120.723472,餐廳,🍴,臺中市,豐原區
185319,光輝一街,24.127333,120.660889,餐廳,🍴,臺中市,南區
185320,文昌東一街,24.167972,120.676722,餐廳,🍴,臺中市,北區
185321,山西路二段,24.182917,120.67725,咖啡杯,☕,臺中市,北屯區
185322,國豐街,24.163167,120.696417,餐廳,🍴,臺中市,北屯區
185323,松山街,24.186583,120.698111,餐廳,🍴,臺中市,北屯區
185324,德化街,24.161611,120.679278,咖啡杯,☕,臺中市,北區
185325,崇德十六路,24.195194,120.686972,餐廳,🍴,臺中市,北屯區
185328,敦富二街,24.184528,120.709222,餐廳,🍴,臺中市,北屯區
185330,雅潭路三段482巷,24.216917,120.670917,餐廳,🍴,臺中市,大雅區
185331,沙田路二段132巷,24.138639,120.550806,咖啡杯,☕,臺中市,大肚區
185332,建興路192巷,24.218139,120.666694,餐廳,🍴,臺中市,大雅區
185333,太原路三段,24.161833,120.723167,餐廳,🍴,臺中市,北屯區
185334,龍門路,24.162639,120.630778,餐廳,🍴,臺中市,西屯區
185335,信義街279巷,24.103917,120.636472,餐廳,🍴,臺中市,烏日區
185336,中山路二段,24.106667,120.62,餐廳,🍴,臺中市,烏日區
185337,中山路409巷,24.241944,120.559917,餐廳,🍴,臺中市,沙鹿區
185338,南陽路綠山巷,24.242139,120.737194,路邊,🛣️,臺中市,豐原區
185339,松安街,24.181278,120.694861,餐廳,🍴,臺中市,北屯區
185341,仁洲街,24.258611,120.714444,餐廳,🍴,臺中市,豐原區
185342,西勢路,24.240833,120.705194,餐廳,🍴,臺中市,豐原區
185343,成功路53巷,24.242528,120.711333,餐廳,🍴,臺中市,豐原區
185344,北陽路40巷,24.251611,120.730444,餐廳,🍴,臺中市,豐原區
185345,圳寮路,24.254306,120.713083,餐廳,🍴,臺中市,豐原區
185346,豐原大道七段,24.263667,120.717056,拉麵店,🍜,臺中市,豐原區
185347,豐西街,24.25225,120.713167,路邊,🛣️,臺中市,豐原區
185348,同安街81巷,24.248333,120.725583,咖啡杯,☕,臺中市,豐原區
185350,臺中綠空廊道,24.192417,120.7035,餐廳,🍴,臺中市,潭子區
185351,大仁路二段,24.261917,120.5385,餐廳,🍴,臺中市,梧棲區
185352,第三橫街,24.255417,120.827472,咖啡杯,☕,臺中市,東勢區
185354,中港肉包,24.251361,120.555917,餐廳,🍴,臺中市,梧棲區
185355,昌平路五段382巷,24.243722,120.684806,拉麵店,🍜,臺中市,神岡區
185356,社南里活動中心往昌平,24.243278,120.68425,餐廳,🍴,臺中市,神岡區
185358,新盛六街,24.244083,120.830917,咖啡杯,☕,臺中市,東勢區
185360,大圳路,24.263,120.664,拉麵店,🍜,臺中市,神岡區
185361,貴和街,24.136778,120.670028,餐廳,🍴,臺中市,西區
185364,永和路,24.211278,120.631444,路邊,🛣️,臺中市,大雅區
185365,麗喆雙語中小學,24.197194,120.613917,水邊,🌊,臺中市,西屯區
185366,中和三路,24.214694,120.63975,路邊,🛣️,臺中市,大雅區
185367,昌平路四段282巷,24.222306,120.671722,路邊,🛣️,臺中市,大雅區
185368,春亭街,24.221667,120.662306,路邊,🛣️,臺中市,大雅區
185369,都會園路,24.202222,120.597361,路邊,🛣️,臺中市,西屯區
185371,和祥六街,24.174611,120.726222,路邊,🛣️,臺中市,北屯區
185372,福科路,24.187028,120.611778,路邊,🛣️,臺中市,西屯區
185373,龍富路五段,24.156583,120.628278,路邊,🛣️,臺中市,西屯區
185375,益豐路四段,24.148028,120.628528,路邊,🛣️,臺中市,南屯區
185378,通山路,24.209194,120.624556,路邊,🛣️,臺中市,大雅區
185379,臺灣大道五段3巷30,24.183417,120.589556,路邊,🛣️,臺中市,龍井區
185380,精武路39巷29弄,24.147139,120.696583,路邊,🛣️,臺中市,東區
185381,三井 OUTLET,24.257111,120.517389,路邊,🛣️,臺中市,梧棲區
185382,甘肅路二段64巷,24.171889,120.656444,路邊,🛣️,臺中市,西屯區
185383,長安路一段,24.170917,120.656806,便利店,🏪,臺中市,西屯區
185384,福上巷,24.175,120.655389,路邊,🛣️,臺中市,西屯區
185385,中科路,24.184528,120.656889,路邊,🛣️,臺中市,西屯區
185387,福科路317巷,24.181222,120.623667,路邊,🛣️,臺中市,西屯區
185388,科雅路,24.20475,120.618194,路邊,🛣️,臺中市,西屯區
185390,建國南路三段,24.13175,120.674,路邊,🛣️,臺中市,南區
185391,科園路,24.201639,120.601917,路邊,🛣️,臺中市,西屯區
185393,晉文路229巷,24.219944,120.583,路邊,🛣️,臺中市,沙鹿區
185394,崇德八路一段,24.183278,120.685111,路邊,🛣️,臺中市,北屯區
185395,中社路,24.268207,120.55757,主題樂園,🎡,臺中市,清水區
185398,環港路,24.220686,120.463733,海灘,🏖️,臺中市,龍井區
185399,環港北路,24.310083,120.526139,海灘,🏖️,臺中市,清水區
185401,船頭埔號海堤自行車道,24.431361,120.618361,海灘,🏖️,臺中市,大甲區
185402,中華路二段,24.204444,120.538667,路邊,🛣️,臺中市,龍井區
185404,福田三街,24.110944,120.657056,路邊,🛣️,臺中市,南區
185405,文昌東一街,24.168333,120.67675,路邊,🛣️,臺中市,北區
185406,文化街115巷,24.259001,120.825876,路邊,🛣️,臺中市,東勢區
185407,泰昌街,24.249654,120.833946,路邊,🛣️,臺中市,東勢區
185408,圓樓街,24.249614,120.835012,路邊,🛣️,臺中市,東勢區
185409,東環街,24.258607,120.831718,路邊,🛣️,臺中市,東勢區
185410,工業區一路,24.17095,120.611486,路邊,🛣️,臺中市,西屯區
185411,麗寶樂園渡假村,24.325348,120.696653,主題樂園,🎡,臺中市,外埔區
185412,台中路,24.127897,120.6863,路邊,🛣️,臺中市,東區
185413,西安街76巷18弄,24.180194,120.641503,路邊,🛣️,臺中市,西屯區
185415,福東街,24.125633,120.667236,路邊,🛣️,臺中市,南區
185416,崇德六路一段202巷,24.181564,120.692194,路邊,🛣️,臺中市,北屯區
185417,雅潭路三段412巷,24.2167,120.672541,橋樑,🌉,臺中市,大雅區
185418,路邊,24.168555,120.707968,路邊,🛣️,臺中市,北屯區
185419,中山路一段,24.331056,120.61233,路邊,🛣️,臺中市,大甲區
185420,東大路二段,24.237285,120.613838,路邊,🛣️,臺中市,沙鹿區
185421,龍富十八路,24.14683,120.625808,路邊,🛣️,臺中市,南屯區
185422,鹿工北二路,24.080881,120.412665,海灘,🏖️,臺中市,海埔里
185423,海灘,24.085831,120.4126,海灘,🏖️,臺中市,海埔里
185424,大安沙丘,24.353837,120.567617,海灘,🏖️,臺中市,大安區
185425,豐樂北一路,24.196085,120.679201,路邊,🛣️,臺中市,北屯區
185426,路邊,24.154503,120.633536,路邊,🛣️,臺中市,南屯區
185428,大德國中,24.181788,120.669126,路邊,🛣️,臺中市,北屯區
185430,中山路三段25巷,24.1477,120.719892,路邊,🛣️,臺中市,太平區
185431,福聯街15巷,24.18563,120.606695,路邊,🛣️,臺中市,西屯區
185432,豐原大道三段,24.236498,120.722985,路邊,🛣️,臺中市,豐原區
185433,經貿三路二段,24.188687,120.661082,路邊,🛣️,臺中市,北屯區
185434,豐原大道五段,24.252122,120.737616,路邊,🛣️,臺中市,豐原區
185435,環河路一段,24.084947,120.659974,路邊,🛣️,臺中市,霧峰區
185436,太原路三段,24.163541,120.723899,路邊,🛣️,臺中市,北屯區
185438,員林異人館,23.952838,120.58685,咖啡杯,☕,彰化縣,萬年里
185439,年輕的老頭咖啡,24.872672,121.202872,咖啡杯,☕,桃園市,聖德里
185440,三榮藥行,24.872059,121.198028,藥局,💊,桃園市,八德里
185441,高雄承億酒店,22.608511,120.300638,甜點店,🍰,高雄市,前鎮區
185722,魚池三育基督學院i郵,23.906139,120.937426,大學&學院,🎓,南投縣,魚池鄉
185758,7-Eleven,23.45585,120.463754,便利店,🏪,嘉義市,東區
185759,6號導覽圖,23.479607,120.493498,森林,🌲,嘉義市,東區
185760,崇仁醫專,23.48025,120.482981,大學&學院,🎓,嘉義市,東區
185761,阿寶早餐店,23.466666,120.462097,餐廳,🍴,嘉義市,東區
185762,生物機電工程學系,23.469355,120.485665,大學&學院,🎓,嘉義市,東區
185765,7-Eleven,23.492817,120.479155,公車站,🚌,嘉義市,東區
185767,7-Eleven,23.482132,120.483006,公車站,🚌,嘉義市,東區
185772,萊爾富,23.500506,120.453465,便利店,🏪,嘉義市,東區
185774,新悦花園酒店,23.504955,120.45004,飯店,🏨,嘉義市,東區
185775,美蘭食堂(奕-手作定,23.470896,120.453902,餐廳,🍴,嘉義市,東區
185776,佶昌小館,23.490635,120.460967,餐廳,🍴,嘉義市,東區
185797,大同技術學院,23.469424,120.463952,大學&學院,🎓,嘉義市,東區
185802,福興村華興橋,23.509239,120.435253,橋樑,🌉,嘉義市,東區
185805,原價屋,23.480429,120.442067,車站,🚉,嘉義市,西區
185806,自由友愛站,23.490017,120.435096,公車站,🚌,嘉義市,西區
185807,世賢北港站,23.484597,120.423059,公車站,🚌,嘉義市,西區
185809,嘉義市議會,23.478872,120.432458,公車站,🚌,嘉義市,西區
185810,世賢北港站,23.483144,120.424641,公車站,🚌,嘉義市,西區
185812,大元帥,23.489233,120.407237,公車站,🚌,嘉義市,西區
185813,台灣中油,23.490931,120.40112,公車站,🚌,嘉義市,西區
185816,自由遠東街口,23.486869,120.438467,路邊,🛣️,嘉義市,西區
185817,玉山國中(友忠路),23.467358,120.427133,公車站,🚌,嘉義市,西區
185818,馬家莊眷村私廚料理,23.457225,120.439124,拉麵店,🍜,嘉義市,西區
185820,7-Eleven,23.472443,120.418586,公車站,🚌,嘉義市,西區
185821,橘町,23.493236,120.395004,公車站,🚌,嘉義市,西區
185824,聖保羅烘焙花園 劉厝,23.461556,120.422785,公車站,🚌,嘉義市,西區
185826,糖炒栗子,23.472078,120.44717,餐廳,🍴,嘉義市,西區
185828,家樂福,23.483164,120.431952,超市,🛒,嘉義市,西區
185830,木木禾子,23.45255,120.444802,餐廳,🍴,嘉義市,西區
185835,嘉義大學新民校區i郵,23.463812,120.442602,大學&學院,🎓,嘉義市,西區
185850,iONEX電池交換站,23.457908,120.43665,餐廳,🍴,嘉義市,西區
185859,展演台,23.486648,120.425752,飯店,🏨,嘉義市,西區
185861,城市車旅,23.486747,120.450909,公園,🌳,嘉義市,西區
185862,7-Eleven,23.458681,120.447493,便利店,🏪,嘉義市,西區
185863,華南碗粿,23.458614,120.449415,餐廳,🍴,嘉義市,西區
185864,美廉社,23.450123,120.433371,超市,🛒,嘉義市,西區
185874,充滿豆豆咖啡館.逐鹿,23.440619,120.58045,森林,🌲,嘉義縣,中埔鄉
185937,布袋鎮,23.360052,120.129108,海灘,🏖️,嘉義縣,布袋鎮
185970,新吉庄德安宮,23.472088,120.260338,森林,🌲,嘉義縣,朴子市
186010,吳鳳科技大學,23.535864,120.433228,大學&學院,🎓,嘉義縣,民雄鄉
186015,國立嘉義大學(民雄校,23.543519,120.420692,大學&學院,🎓,嘉義縣,民雄鄉
186045,中庄村活動中心,23.429101,120.433643,橋樑,🌉,嘉義縣,水上鄉
186135,干城里民活動中心,25.13279,121.73003,體育館,🏋️,基隆市,中山區
186136,全家便利商店,25.139344,121.740346,海灘,🏖️,基隆市,中山區
186527,溫馨,24.832559,121.785811,路邊,🛣️,宜蘭縣,礁溪鄉
186541,淡江大學蘭陽校區i郵,24.822341,121.730274,大學&學院,🎓,宜蘭縣,礁溪鄉
186623,慈心華德福實驗中學蘇,24.594623,121.836178,圖書館,📚,宜蘭縣,蘇澳鎮
186646,福德祠,24.88525,121.840518,森林,🌲,宜蘭縣,頭城鎮
186661,東山河站,22.69127,120.458561,水邊,🌊,屏東縣,九如鄉
186664,7-Eleven,22.747969,120.486005,路邊,🛣️,屏東縣,九如鄉
186665,台灣中油,22.718345,120.486715,路邊,🛣️,屏東縣,九如鄉
186666,新庄社區活動中心,22.721485,120.502271,水邊,🌊,屏東縣,九如鄉
186667,愛時尚休閒旅店,22.727156,120.485192,路邊,🛣️,屏東縣,九如鄉
186670,7-Eleven,22.748805,120.483102,公園,🌳,屏東縣,九如鄉
186672,歐洲花園汽車旅館,22.731488,120.481214,公園,🌳,屏東縣,九如鄉
186673,歐洲花園汽車旅館,22.73105,120.478027,公園,🌳,屏東縣,九如鄉
186674,萊爾富,22.691594,120.47383,機場,✈️,屏東縣,九如鄉
186693,美和科技大學i郵箱,22.608548,120.555653,水邊,🌊,屏東縣,內埔鄉
186704,大埔鐵板燒,22.667599,120.497796,餐廳,🍴,屏東縣,屏東市
186719,OK超商,22.656889,120.485333,體育館,🏋️,屏東縣,屏東市
186738,生命之樹,22.677356,120.493772,公園,🌳,屏東縣,屏東市
186777,公園肉燥飯,22.679541,120.496789,漢堡,🍔,屏東縣,屏東市
186779,寶建玉玲瓏藥局,22.682164,120.486583,電器行,🔌,屏東縣,屏東市
186780,華園汽車旅館,22.69022,120.503215,飯店,🏨,屏東縣,屏東市
186820,新埤郵局i郵箱,22.468634,120.550948,郵局,📮,屏東縣,新埤鄉
186832,東港鎮,22.462487,120.462924,餐廳,🍴,屏東縣,東港鎮
186935,綺夢汽車旅館,22.564084,120.53439,水邊,🌊,屏東縣,竹田鄉
186937,速邁樂,22.574662,120.549692,公園,🌳,屏東縣,竹田鄉
186938,竹田郵局i郵箱,22.585731,120.542304,公園,🌳,屏東縣,竹田鄉
186939,千代美容美髮,22.594926,120.46135,美容院,💅,屏東縣,萬丹鄉
186971,上樹村土地公,22.631851,120.568454,公車站,🚌,屏東縣,萬巒鄉
187063,二林農場,23.905837,120.37496,森林,🌲,彰化縣,二林鎮
187179,May手工美學（韓式,23.987848,120.495442,路邊,🛣️,彰化縣,埔鹽鄉
187213,土地公廟,23.851394,120.358963,森林,🌲,彰化縣,大城鄉
187228,美廉設,23.984566,120.588941,超市,🛒,彰化縣,大村鄉
187232,大葉大學管理大樓i郵,23.999127,120.601408,大學&學院,🎓,彰化縣,大村鄉
187282,建國科大教學大樓i郵,24.067166,120.549791,大學&學院,🎓,彰化縣,彰化市
187422,下茄荖,24.020367,120.646209,山丘,⛰️,彰化縣,芬園鄉
187463,小樹林,24.060732,120.472638,路邊,🛣️,彰化縣,鹿港鎮
187467,斯賓森學苑,24.058392,120.443372,餐廳,🍴,彰化縣,鹿港鎮
187497,美食區,24.884284,121.458768,森林,🌲,新北市,三峽區
187511,集賢三信路口(南側),25.088213,121.493271,公車站,🚌,新北市,三重區
187518,呷飽堡早餐店,25.067763,121.502628,餐廳,🍴,新北市,三重區
187519,光興街早餐店,25.059886,121.496364,餐廳,🍴,新北市,三重區
187549,集賢三信路口(南側),25.089145,121.49088,壽司,🍣,新北市,三重區
187734,莒光國小,25.025841,121.473729,體育館,🏋️,新北市,板橋區
187760,鹿野桂花雞,25.079162,121.38214,公車站,🚌,新北市,林口區
187791,蝦皮店到店,25.084404,121.379448,咖哩,🍛,新北市,林口區
187969,龍形餐館,25.085025,121.457029,餐廳,🍴,新北市,蘆洲區
188069,古賢出入口-舊港橋下,24.840391,120.94117,森林,🌲,新竹市,北區
188083,舊社大橋觀景台,24.826982,120.979891,橋樑,🌉,新竹市,北區
188084,千甲火車站,24.806683,121.003406,車站,🚉,新竹市,東區
188285,Base 2,24.873224,121.041706,餐廳,🍴,新竹縣,湖口鄉
188307,竹北龍德慈惠堂,24.873346,120.952091,森林,🌲,新竹縣,竹北市
188697,光城山,24.783172,121.297046,森林,🌲,桃園市,復興區
188784,幸福咖啡蔬食,24.983286,121.305609,咖啡杯,☕,桃園市,桃園區
189008,警政管理學院,25.046192,121.352951,大學&學院,🎓,桃園市,龜山區
189043,全家便利商店,23.587728,119.658651,公車站,🚌,澎湖縣,湖西鄉
189195,明德中學附設幼兒園,24.120139,120.683034,路邊,🛣️,臺中市,南區
189208,臺中特殊教育學校,24.152418,120.641658,公車站,🚌,臺中市,南屯區
189317,學生餐廳,24.097511,120.708779,大學&學院,🎓,臺中市,大里區
189335,永發豆漿,24.096027,120.719328,森林,🌲,臺中市,大里區
189430,防風林,24.248123,120.507,森林,🌲,臺中市,梧棲區
189456,臺中市立公明國民中學,24.249152,120.599176,公車站,🚌,臺中市,沙鹿區
189508,水果零售商,24.211236,120.692112,森林,🌲,臺中市,潭子區
189557,國家中山科學研究院臺,24.188034,120.645375,大學&學院,🎓,臺中市,西屯區
189671,臺灣聖公會友誼之家,25.036443,121.525885,義式餐廳,🍝,臺北市,中正區
189732,國防大學政治作戰學院,25.140594,121.494112,大學&學院,🎓,臺北市,北投區
189845,臺北市芳和實驗中學,25.018264,121.549727,公車站,🚌,臺北市,大安區
189847,IP內容實驗室虛擬攝,25.039585,121.540833,圖書館,📚,臺北市,大安區
189898,文山興昌里i郵箱,25.006244,121.561419,森林,🌲,臺北市,文山區
189916,萬華國中_1,25.029252,121.499116,公車站,🚌,臺北市,萬華區
189954,7-Eleven,23.219448,120.270094,五金行,🔧,臺南市,下營區
189987,防空洞,22.949596,120.230366,森林,🌲,臺南市,仁德區
189997,通興宮,23.136543,120.158926,公車站,🚌,臺南市,佳里區
190008,85度C,23.157415,120.179983,五金行,🔧,臺南市,佳里區
190018,路易莎,23.015819,120.200489,咖啡杯,☕,臺南市,北區
190085,福勝牛肉湯,23.129331,120.285501,餐廳,🍴,臺南市,善化區
190097,善化汽車檢驗廠,23.130482,120.309016,飯店,🏨,臺南市,善化區
190099,芒果 (台灣土芒果),23.146724,120.418922,公車站,🚌,臺南市,大內區
190114,Toyota,23.036197,120.188953,公車站,🚌,臺南市,安南區
190115,小北百貨,23.040302,120.151986,公車站,🚌,臺南市,安南區
190116,國寶土豆豬腳,23.080097,120.13848,公車站,🚌,臺南市,安南區
190119,中信金融管理學院,23.062378,120.162762,大學&學院,🎓,臺南市,安南區
190191,湯匙山,22.998963,120.159772,山丘,⛰️,臺南市,安平區
190237,台糖,23.341409,120.362419,車站,🚉,臺南市,後壁區
190261,紅瓦町炸蝦壽司館,23.07376,120.297721,公車站,🚌,臺南市,新市區
190263,錢源日式涮涮鍋,23.084036,120.295117,餐廳,🍴,臺南市,新市區
190279,海口餐廳,23.300202,120.306385,餐廳,🍴,臺南市,新營區
190283,南梓實驗小學,23.29841,120.298679,公車站,🚌,臺南市,新營區
190314,中愛羽球館,22.988069,120.228596,體育館,🏋️,臺南市,東區
190319,崇學國小,22.979073,120.224008,圖書館,📚,臺南市,東區
190360,7-Eleven,22.954187,120.280544,公車站,🚌,臺南市,歸仁區
190368,陽明交通大學(臺南校,22.924406,120.294759,大學&學院,🎓,臺南市,歸仁區
190383,中山北永明,23.026963,120.259574,公車站,🚌,臺南市,永康區
190384,永達機車百貨,23.011548,120.264789,五金行,🔧,臺南市,永康區
190386,嘉里大榮物流,23.030674,120.225575,郵局,📮,臺南市,永康區
190387,男士理髮,23.029395,120.25483,美容院,💅,臺南市,永康區
190461,麻豆轉運站(北側),23.185511,120.239127,公車站,🚌,臺南市,麻豆區
190539,池上鄉農會花卉畫布,23.112108,121.200865,森林,🌲,臺東縣,池上鄉
190560,臺東棒球村第一棒球場,22.788483,121.127899,公車站,🚌,臺東縣,臺東市
190561,卑南豬血湯,22.758942,121.143696,餐廳,🍴,臺東縣,臺東市
190579,國立臺東女子高級中學,22.759462,121.154534,拉麵店,🍜,臺東縣,臺東市
190582,國立臺東高級中學學生,22.74498,121.145986,路邊,🛣️,臺東縣,臺東市
190589,臺東大學附屬體育高級,22.764014,121.07722,路邊,🛣️,臺東縣,臺東市
190606,臺東大學附屬特殊教育,22.769541,121.107046,路邊,🛣️,臺東縣,臺東市
190610,仙宮廟,22.788628,121.170195,森林,🌲,臺東縣,臺東市
190613,台糖加油站,22.766643,121.121026,餐廳,🍴,臺東縣,臺東市
190622,達仁鄉,22.265131,120.830606,森林,🌲,臺東縣,達仁鄉
190708,福德寺,23.886576,121.524295,森林,🌲,花蓮縣,壽豐鄉
190709,紫源殿,23.883729,121.532406,森林,🌲,花蓮縣,壽豐鄉
190714,全家便利商店,23.255429,121.297236,公車站,🚌,花蓮縣,富里鄉
190727,學田派出所,23.154886,121.226912,路邊,🛣️,花蓮縣,富里鄉
190737,木棧道待維修,24.048562,121.620367,海灘,🏖️,花蓮縣,新城鄉
190796,慈濟大學人社校區i郵,23.999467,121.571685,大學&學院,🎓,花蓮縣,花蓮市
190807,慈濟大學人社校區i郵,23.999257,121.575656,水邊,🌊,花蓮縣,花蓮市
190854,鳳林壽天宮,23.747464,121.442925,森林,🌲,花蓮縣,鳳林鎮
190863,芎蕉坑山,24.3939,120.743078,森林,🌲,苗栗縣,三義鄉
190884,水寨下山,24.345763,120.874226,公車站,🚌,苗栗縣,卓蘭鎮
190958,親子之森,24.685396,120.843933,森林,🌲,苗栗縣,竹南鎮
191008,苗栗農工,24.556896,120.833766,森林,🌲,苗栗縣,苗栗市
191091,莒光鄉,25.977764,119.936032,山丘,⛰️,連江縣,莒光鄉
191138,虎螺山,24.491485,118.414486,圖書館,📚,金門縣,金沙鎮
191139,金龜山,24.49953,118.398153,水邊,🌊,金門縣,金沙鎮
191164,二崙鄉,23.815991,120.394167,森林,🌲,雲林縣,二崙鄉
191224,古坑浤園餐廳,23.60743,120.545639,森林,🌲,雲林縣,古坑鄉
191251,林厝派出所,23.677074,120.162635,森林,🌲,雲林縣,四湖鄉
191304,環球科技大學i郵箱,23.677914,120.559141,大學&學院,🎓,雲林縣,斗六市
191364,聖玄宮,23.749252,120.604803,森林,🌲,雲林縣,林內鄉
191453,台北富邦商業銀行,22.651036,120.322705,公車站,🚌,高雄市,三民區
191456,本安生態滯洪公園,22.649243,120.337936,公車站,🚌,高雄市,三民區
191462,美素園早午餐-正興店,22.646474,120.320143,餐廳,🍴,高雄市,三民區
191463,早餐店,22.664623,120.324601,餐廳,🍴,高雄市,三民區
191477,高雄市立正興國民中學,22.644427,120.319727,水邊,🌊,高雄市,三民區
191498,學生餐廳,22.648805,120.326486,路邊,🛣️,高雄市,三民區
191505,勝利國小附設幼兒園,22.672464,120.296637,主題樂園,🎡,高雄市,三民區
191531,瑞祥高中(忠誠路),22.600615,120.323642,公車站,🚌,高雄市,前鎮區
191572,成功特殊教育學校,22.607064,120.301548,車站,🚉,高雄市,前鎮區
191577,臺灣中小企業銀行,22.582167,120.428852,公車站,🚌,高雄市,大寮區
191605,靈山,22.755796,120.441198,山丘,⛰️,高雄市,大樹區
191679,岡山本洲產業園區i郵,22.809771,120.270483,公車站,🚌,高雄市,岡山區
191753,胡椒手工魚麵店,22.613601,120.267784,餐廳,🍴,高雄市,旗津區
191760,杉林南,22.989743,120.543734,山丘,⛰️,高雄市,杉林區
191804,王公國小,22.506051,120.388228,義式餐廳,🍝,高雄市,林園區
191823,馬背,22.723282,120.279454,公車站,🚌,高雄市,楠梓區
191826,捷運油廠國小(4號出,22.708736,120.302216,車站,🚉,高雄市,楠梓區
191959,高雄市青少年籃球場,22.625505,120.334832,體育館,🏋️,高雄市,苓雅區
192028,太東港生魚片專賣店,22.667655,120.362532,公車站,🚌,高雄市,鳥松區
192044,中正預校,22.607073,120.359535,公車站,🚌,高雄市,鳳山區
192115,柴山水漾森林(雨季限,22.641636,120.27143,森林,🌲,高雄市,鼓山區
192130,草漯棒壘球場,25.044616,121.138381,超市,🛒,桃園市,草漯里
192132,碧山路,23.978297,120.67009,路邊,🛣️,南投縣,復興里
192133,白曆角仔,23.961163,120.658886,水邊,🌊,南投縣,碧洲里
192134,光華二路,23.951749,120.689698,公園,🌳,南投縣,光華里
192135,伯玉路,24.444977,118.36239,森林,🌲,金門縣,瓊林里
192136,海灘,24.417654,118.346181,海灘,🏖️,金門縣,榜林村
192137,塔山,24.411366,118.28704,森林,🌲,金門縣,金水里
192139,延平路,24.755568,121.767847,便利店,🏪,宜蘭縣,延平里
192140,自強路,24.743125,121.751313,公車站,🚌,宜蘭縣,擺厘里
192141,武營街,24.756902,121.750876,拉麵店,🍜,宜蘭縣,南門里
192142,公園路,24.738971,121.757439,公園,🌳,宜蘭縣,建業里
192143,大洲原路,24.693895,121.72752,水邊,🌊,宜蘭縣,大洲村
192144,中山西街,24.674192,121.766241,拉麵店,🍜,宜蘭縣,仁德里
192145,公園,24.644277,121.753255,公園,🌳,宜蘭縣,丸山村
192146,豐坪路,23.866558,121.532415,水邊,🌊,花蓮縣,共和村
192147,飛機,23.8785,121.547379,機場,✈️,花蓮縣,共和村
192148,路邊,23.869456,121.534708,路邊,🛣️,花蓮縣,共和村
192150,嘉義市玉山郵政總局,23.471017,120.427882,郵局,📮,嘉義市,西區
192151,北港路易莎,23.572966,120.303004,咖啡杯,☕,雲林縣,華勝里
192152,路邊,24.399287,118.314651,路邊,🛣️,金門縣,古城里
192153,百花洋樓,24.399388,118.314956,森林,🌲,金門縣,古城里
192154,崙仔當歸鴨肉麵線前十字路口,23.609761,120.354409,水邊,🌊,雲林縣,內寮村
192155,擎天廳,24.454169,118.407201,森林,🌲,金門縣,山外里
192156,洋樓,24.436525,118.389193,公車站,🚌,金門縣,正義里
192157,洋樓,24.437245,118.389935,路邊,🛣️,金門縣,正義里
192158,路邊,25.057304,121.215981,機場,✈️,桃園市,埔心里
192159,公車,24.465689,118.387935,公車站,🚌,金門縣,何斗里
192161,小巷,24.449271,118.38524,路邊,🛣️,金門縣,瓊林里
192162,看到廈門,24.412232,118.212321,海灘,🏖️,金門縣,上岐村
192163,冰,24.418188,118.222936,水邊,🌊,金門縣,上岐村
192164,島嶼披薩,24.439901,118.317121,餐廳,🍴,金門縣,西門里
192165,八八民宿,24.48152,118.394697,公車站,🚌,金門縣,浦山里
192166,北港武德宮,23.58097,120.299151,公車站,🚌,雲林縣,新街里
192167,富邦A25大樓,25.039493,121.570356,拉麵店,🍜,臺北市,信義區
192168,北港高中公車站牌前,23.578264,120.303481,圖書館,📚,雲林縣,新街里
192169,冠林衣飾,24.05911,120.510881,服裝店,👕,彰化縣,南安里
192170,北港運動公園後方,23.575343,120.305195,公園,🌳,雲林縣,新街里
192171,北港青松餐廳,23.585525,120.305247,餐廳,🍴,雲林縣,新街里
192172,慶華街服飾店純點,23.582536,120.304437,服裝店,👕,雲林縣,新街里
192174,公車,24.413061,118.227673,公車站,🚌,金門縣,上岐村
192175,擬餌,24.417133,118.221731,水邊,🌊,金門縣,上岐村
192176,海灘,24.42824,118.221211,海灘,🏖️,金門縣,上岐村
192177,森林,24.427771,118.230995,森林,🌲,金門縣,上林村
192178,森林,24.425469,118.234084,森林,🌲,金門縣,上林村
192179,森林,24.420194,118.244129,森林,🌲,金門縣,林湖村
192180,水邊,24.42449,118.24807,水邊,🌊,金門縣,林湖村
192181,便利店,24.428621,118.248328,便利店,🏪,金門縣,林湖村
192182,公車,24.428396,118.248663,公車站,🚌,金門縣,林湖村
192183,路邊,24.428636,118.248933,路邊,🛣️,金門縣,林湖村
192184,路邊,24.431327,118.240313,路邊,🛣️,金門縣,上林村
192185,森林,24.438144,118.237534,森林,🌲,金門縣,西口村
192186,公車,24.438584,118.234873,公車站,🚌,金門縣,西口村
192187,公車,24.440323,118.231182,公車站,🚌,金門縣,西口村
192188,路邊,24.446569,118.246707,路邊,🛣️,金門縣,黃埔村
192189,金門大橋,24.444341,118.258806,橋樑,🌉,金門縣,黃埔村
192190,金門大橋,24.448755,118.26932,橋樑,🌉,金門縣,黃埔村
192191,金門大橋,24.452076,118.298631,橋樑,🌉,金門縣,黃埔村
192192,路邊,24.452037,118.30704,路邊,🛣️,金門縣,湖埔村
192193,水邊,24.465317,118.306809,水邊,🌊,金門縣,湖埔村
192194,路邊,24.475084,118.298975,路邊,🛣️,金門縣,古寧村
192195,路邊,24.479358,118.311272,路邊,🛣️,金門縣,古寧村
192196,森林,24.43379,118.254796,森林,🌲,金門縣,林湖村
192197,森林,24.436896,118.2531,森林,🌲,金門縣,黃埔村
192198,路邊,24.469733,118.331032,路邊,🛣️,金門縣,安美村
192199,公車,24.461725,118.324981,公車站,🚌,金門縣,安美村
192200,水邊,24.465336,118.327172,水邊,🌊,金門縣,安美村
192201,金門大學,24.450569,118.324854,大學&學院,🎓,金門縣,盤山村
192202,森林,24.433583,118.313216,森林,🌲,金門縣,南門里
192204,路邊,24.421405,118.308373,路邊,🛣️,金門縣,賢庵里
192205,機場,24.428358,118.358887,機場,✈️,金門縣,正義里
192206,路邊,24.416684,118.326937,路邊,🛣️,金門縣,珠沙里
192207,路邊,24.448479,118.337323,路邊,🛣️,金門縣,盤山村
192208,路邊,24.435801,118.420396,路邊,🛣️,金門縣,新湖里
192209,海灘,24.428964,118.409184,海灘,🏖️,金門縣,新湖里
192210,森林,24.415483,118.436284,森林,🌲,金門縣,料羅里
192211,公園,24.417572,118.434757,公園,🌳,金門縣,料羅里
192212,森林,24.41852,118.448344,森林,🌲,金門縣,料羅里
192213,公車,24.427674,118.454878,公車站,🚌,金門縣,蓮庵里
192214,路邊,24.44969,118.456846,路邊,🛣️,金門縣,大洋里
192215,水邊,24.453004,118.453121,水邊,🌊,金門縣,大洋里
192216,公車,24.458723,118.450757,公車站,🚌,金門縣,大洋里
192217,郵局,24.489004,118.415438,郵局,📮,金門縣,汶沙里
192218,公車,24.493114,118.411465,公車站,🚌,金門縣,汶沙里
192219,路邊,24.510349,118.424845,路邊,🛣️,金門縣,官嶼里
192220,森林,24.486349,118.442293,森林,🌲,金門縣,三山里
192221,森林,24.478264,118.462517,森林,🌲,金門縣,大洋里
192222,水邊,24.470393,118.452635,水邊,🌊,金門縣,大洋里
192223,公車,24.460539,118.451628,公車站,🚌,金門縣,大洋里
192224,海灘,24.440225,118.462234,海灘,🏖️,金門縣,溪湖里
192225,森林,24.473294,118.409463,森林,🌲,金門縣,光前里
192226,咖啡,24.431454,118.315206,咖啡杯,☕,金門縣,南門里
192227,公園,24.431317,118.311294,公園,🌳,金門縣,南門里
192228,公園,24.44129,118.324221,公園,🌳,金門縣,西門里
192229,咖啡杯,24.791028,121.013111,咖啡杯,☕,新竹市,東區
192230,台北大巨蛋,25.042543,121.561169,體育館,🏋️,臺北市,信義區
192231,九九峰動物樂園,23.961265,120.706507,動物園,🦒,南投縣,坪頂里
192232,路邊,23.966913,120.680434,路邊,🛣️,南投縣,上林里
192233,草屯當鋪,23.96447,120.682189,公車站,🚌,南投縣,上林里
192234,永順國小,25.008803,121.29693,義式餐廳,🍝,桃園市,南埔里
192235,永宸工銀絲卷,25.043918,121.243607,路邊,🛣️,桃園市,宏竹里
192236,航空城社宅,25.047189,121.240997,機場,✈️,桃園市,竹圍里
192237,海灘,24.993547,119.447286,海灘,🏖️,金門縣,烏坵鄉
192238,海灘,24.995705,119.448959,海灘,🏖️,金門縣,大坵村
192239,海灘,24.992516,119.454772,海灘,🏖️,金門縣,烏坵鄉
192240,海灘,24.98778,119.456264,海灘,🏖️,金門縣,大坵村
192241,機場,23.369404,119.503135,機場,✈️,澎湖縣,中社村
192242,路邊,23.359044,119.498158,路邊,🛣️,澎湖縣,西安村
192243,海灘,23.363024,119.508071,海灘,🏖️,澎湖縣,中社村
192244,路邊,23.380278,119.496399,路邊,🛣️,澎湖縣,水垵村
192245,餐廳,23.371216,119.496787,餐廳,🍴,澎湖縣,中社村
192246,飯店,23.358222,119.501306,飯店,🏨,澎湖縣,東安村
192247,餐廳,23.357198,119.500094,餐廳,🍴,澎湖縣,東安村
192248,森林,26.151823,119.937649,森林,🌲,連江縣,南竿鄉
192249,山丘,26.150361,119.923144,山丘,⛰️,連江縣,南竿鄉
192250,機場,26.226688,119.999362,機場,✈️,連江縣,北竿鄉
192251,路邊,22.329756,120.359211,路邊,🛣️,屏東縣,天福村
192253,圖書館,22.334368,120.366457,圖書館,📚,屏東縣,南福村
192254,藥局,22.33542,120.36753,藥局,💊,屏東縣,南福村
192255,飯店,22.346287,120.369772,飯店,🏨,屏東縣,杉福村
192256,森林,22.34861,120.386956,森林,🌲,屏東縣,漁福村
192257,海灘,24.992185,119.452017,海灘,🏖️,金門縣,烏坵鄉
192258,森林,26.20289,119.969626,森林,🌲,連江縣,白沙村
192259,海灘,23.615827,119.607463,海灘,🏖️,澎湖縣,中屯村
192260,路邊,23.647927,119.597016,路邊,🛣️,澎湖縣,港子村
192261,海灘,23.643426,119.601327,海灘,🏖️,澎湖縣,赤崁村
192262,餐廳,23.604567,119.519662,餐廳,🍴,澎湖縣,二崁村
192263,餐廳,23.600232,119.509427,餐廳,🍴,澎湖縣,池東村
192264,咖啡杯,23.601008,119.511046,咖啡杯,☕,澎湖縣,池東村
192265,公車站,23.582357,119.573221,公車站,🚌,澎湖縣,重光里
192266,圖書館,23.570174,119.577533,圖書館,📚,澎湖縣,陽明里
192268,公園,23.576625,119.56969,公園,🌳,澎湖縣,光榮里
192269,路邊,23.576389,119.56821,路邊,🛣️,澎湖縣,光榮里
192270,公園,23.561422,119.582328,公園,🌳,澎湖縣,東文里
192271,路邊,23.558845,119.599548,路邊,🛣️,澎湖縣,光華里
192272,便利店,23.559258,119.598583,便利店,🏪,澎湖縣,光華里
192273,餐廳,23.560005,119.596953,餐廳,🍴,澎湖縣,石泉里
192274,森林,23.55455,119.60712,森林,🌲,澎湖縣,菜園里
192275,路邊,23.549473,119.603217,路邊,🛣️,澎湖縣,菜園里
192276,路邊,23.56289,119.470606,路邊,🛣️,澎湖縣,外垵村
192277,山丘,23.567174,119.489253,山丘,⛰️,澎湖縣,外垵村
192278,餐廳,23.566338,119.481317,餐廳,🍴,澎湖縣,外垵村
192279,海灘,23.56879,119.495712,海灘,🏖️,澎湖縣,內垵村
192280,路邊,23.570836,119.501892,路邊,🛣️,澎湖縣,內垵村
192281,海灘,23.582242,119.511934,海灘,🏖️,澎湖縣,赤馬村
192282,飯店,23.585759,119.506643,飯店,🏨,澎湖縣,赤馬村
192283,海灘,23.586147,119.505103,海灘,🏖️,澎湖縣,赤馬村
192284,海灘,23.586108,119.503488,海灘,🏖️,澎湖縣,赤馬村
192285,路邊,23.597348,119.495364,路邊,🛣️,澎湖縣,小池角
192286,山丘,23.565602,119.514189,山丘,⛰️,澎湖縣,內垵村
192287,路邊,23.601059,119.50655,路邊,🛣️,澎湖縣,池東村
192288,路邊,23.599062,119.511754,路邊,🛣️,澎湖縣,小池角
192289,咖啡杯,23.602611,119.518214,咖啡杯,☕,澎湖縣,二崁村
192290,路邊,23.616495,119.508029,路邊,🛣️,澎湖縣,大池村
192291,路邊,23.632554,119.520241,路邊,🛣️,澎湖縣,竹灣村
192292,便利店,23.637351,119.52848,便利店,🏪,澎湖縣,合界村
192293,水邊,23.638196,119.531226,水邊,🌊,澎湖縣,合界村
192294,海灘,23.653666,119.514533,海灘,🏖️,澎湖縣,小門村
192295,路邊,23.63631,119.535603,路邊,🛣️,澎湖縣,合界村
192296,便利店,23.658814,119.556546,便利店,🏪,澎湖縣,通梁村
192297,拉麵店,23.659738,119.560922,拉麵店,🍜,澎湖縣,通梁村
192298,山丘,23.664043,119.569936,山丘,⛰️,澎湖縣,後寮村
192299,圖書館,23.666913,119.574764,圖書館,📚,澎湖縣,後寮村
192300,海灘,23.670391,119.561012,海灘,🏖️,澎湖縣,後寮村
192301,森林,23.668564,119.576803,森林,🌲,澎湖縣,後寮村
192302,森林,23.672278,119.581759,森林,🌲,澎湖縣,後寮村
192303,海灘,23.675658,119.585986,海灘,🏖️,澎湖縣,後寮村
192304,森林,23.666834,119.586889,森林,🌲,澎湖縣,後寮村
192305,公園,23.668768,119.601168,公園,🌳,澎湖縣,赤崁村
192306,拉麵店,23.666833,119.600846,拉麵店,🍜,澎湖縣,赤崁村
192307,森林,23.657064,119.598538,森林,🌲,澎湖縣,小赤村
192308,森林,23.650032,119.588752,森林,🌲,澎湖縣,瓦硐村
192310,路邊,23.655991,119.606662,路邊,🛣️,澎湖縣,岐頭村
192311,山丘,23.633871,119.6083,山丘,⛰️,澎湖縣,講美村
192312,路邊,23.631492,119.59809,路邊,🛣️,澎湖縣,講美村
192313,海灘,23.613484,119.603025,海灘,🏖️,澎湖縣,中屯村
192314,水邊,23.583164,119.639073,水邊,🌊,澎湖縣,西溪村
192315,公車站,23.583409,119.653783,公車站,🚌,澎湖縣,湖西村
192316,郵局,23.584077,119.655939,郵局,📮,澎湖縣,湖西村
192317,公車站,23.58347,119.661814,公車站,🚌,澎湖縣,湖西村
192318,公車站,23.58155,119.663123,公車站,🚌,澎湖縣,湖東村
192319,路邊,23.563065,119.673877,路邊,🛣️,澎湖縣,龍門村
192320,公車,23.561274,119.635188,公車站,🚌,澎湖縣,隘門村
192321,公園,23.559328,119.641368,公園,🌳,澎湖縣,林投村
192322,機場,23.560764,119.632399,機場,✈️,澎湖縣,隘門村
192323,機場,23.560135,119.623943,機場,✈️,澎湖縣,隘門村
192324,公車,23.546176,119.621082,公車站,🚌,澎湖縣,烏崁里
192325,圖書館,23.528857,119.60208,圖書館,📚,澎湖縣,鎖港里
192326,山丘,23.529152,119.569036,山丘,⛰️,澎湖縣,嵵裡里
192327,機場,23.514772,119.585319,機場,✈️,澎湖縣,山水里
192328,機場,23.521068,119.582186,機場,✈️,澎湖縣,井垵里
192329,餐廳,23.523192,119.600897,餐廳,🍴,澎湖縣,鎖港里
192330,水邊,23.555354,119.583563,水邊,🌊,澎湖縣,前寮里
192331,公車,23.55715,119.579341,公車站,🚌,澎湖縣,案山里
192332,水邊,23.561904,119.578647,水邊,🌊,澎湖縣,東文里
192333,海灘,23.562573,119.558542,海灘,🏖️,澎湖縣,復興里
192334,路邊,23.573272,119.567855,路邊,🛣️,澎湖縣,光明里
192335,路邊,23.583262,119.568498,路邊,🛣️,澎湖縣,重光里
192336,路邊,23.585741,119.581416,路邊,🛣️,澎湖縣,西衛里
192337,公車,23.576162,119.578107,公車站,🚌,澎湖縣,朝陽里
192338,玉山路底,23.468103,120.400635,機場,✈️,嘉義市,西區
192339,機場,23.211296,119.418028,機場,✈️,澎湖縣,平和村
192340,路邊,23.209976,119.420848,路邊,🛣️,澎湖縣,平和村
192341,水邊,23.208872,119.419454,水邊,🌊,澎湖縣,平和村
192342,路邊,23.206979,119.42295,路邊,🛣️,澎湖縣,平和村
192343,圖書館,23.204493,119.430053,圖書館,📚,澎湖縣,中和村
192344,拉麵店,23.198151,119.426621,拉麵店,🍜,澎湖縣,南港村
192345,飯店,23.195657,119.424906,飯店,🏨,澎湖縣,南港村
192346,海灘,23.191773,119.422589,海灘,🏖️,澎湖縣,南港村
192347,海灘,23.189583,119.43029,海灘,🏖️,澎湖縣,南港村
192348,山丘,23.20341,119.441381,山丘,⛰️,澎湖縣,中和村
192349,路邊,23.219581,119.438334,路邊,🛣️,澎湖縣,東湖村
192350,海灘,23.364952,119.525111,海灘,🏖️,澎湖縣,將軍村
192351,海灘,23.494588,119.539306,海灘,🏖️,澎湖縣,虎井里
192353,海灘,23.513873,119.591428,海灘,🏖️,澎湖縣,山水里
192354,公園,23.513873,119.599388,公園,🌳,澎湖縣,山水里
192355,公園,23.523445,119.597435,公園,🌳,澎湖縣,鎖港里
192356,郵局,23.525402,119.595864,郵局,📮,澎湖縣,五德里
192357,便利店,23.525059,119.598378,便利店,🏪,澎湖縣,鎖港里
192359,山丘,23.575081,119.640339,山丘,⛰️,澎湖縣,西溪村
192360,路邊,23.604973,119.624929,路邊,🛣️,澎湖縣,沙港村
192361,路邊,23.596125,119.613128,路邊,🛣️,澎湖縣,中西村
192362,中和區連城路 174巷34號門口公園,24.998749,121.49231,水邊,🌊,新北市,中和區
192363,延平街上面,25.125539,121.748663,公園,🌳,基隆市,仁愛區
192364,天悅咖啡廳（已歇業）,23.601721,119.51014,咖啡杯,☕,澎湖縣,池東村
192365,臺北賓館,25.040118,121.517232,水邊,🌊,臺北市,中正區
192366,彰新路七段401巷,24.156929,120.500924,公車站,🚌,彰化縣,定興村
192368,紅綠燈,23.569513,119.588833,公車站,🚌,澎湖縣,西文里
192369,便利店,23.564518,119.588592,便利店,🏪,澎湖縣,西文里
192371,體育館,23.568629,119.581895,體育館,🏋️,澎湖縣,西文里
192373,水邊,23.552532,119.587639,水邊,🌊,澎湖縣,前寮里
192374,公車站,23.553119,119.58788,公車站,🚌,澎湖縣,前寮里
192376,海灘,23.603751,119.622025,海灘,🏖️,澎湖縣,沙港村
192378,7-ELEVEN 深溝門市,24.723262,121.725683,便利店,🏪,宜蘭縣,深溝村
192379,遠東聯合法律事務所,24.815252,121.02191,壽司,🍣,新竹縣,竹北市
192380,快樂漢堡早餐店,24.762285,121.728909,服裝店,👕,宜蘭縣,同樂村
192381,新豐鄉國民小學,24.901055,120.987796,圖書館,📚,新竹縣,新豐鄉
192382,大高雄寒舍珍珠奶茶,24.903505,120.987392,郵局,📮,新竹縣,新豐鄉
192384,宜蘭三清宮附近巷子,24.639655,121.730993,森林,🌲,宜蘭縣,大同鄉
192385,路邊,22.577957,120.98839,路邊,🛣️,臺東縣,香蘭村
192386,公車站,22.587368,120.994232,公車站,🚌,臺東縣,香蘭村
192387,森林,22.603992,120.995045,森林,🌲,臺東縣,正興村
192388,海灘,22.595751,121.008306,海灘,🏖️,臺東縣,泰和村
192389,超市,22.607872,121.004188,超市,🛒,臺東縣,泰和村
192390,藥局,22.608902,121.004531,藥局,💊,臺東縣,泰和村
192391,路邊,22.613378,121.004553,路邊,🛣️,臺東縣,大王村
192392,橋樑,22.60811,121.007942,橋樑,🌉,臺東縣,泰和村
192393,車站,22.619638,121.005282,車站,🚉,臺東縣,大王村
192395,水邊,22.630928,121.00524,水邊,🌊,臺東縣,北里村
192396,咖啡杯,22.634612,121.001442,咖啡杯,☕,臺東縣,新興村
192397,水邊,22.636413,121.001892,水邊,🌊,臺東縣,新興村
192398,森林,22.632316,121.010022,森林,🌲,臺東縣,北里村
192399,路邊,22.682933,121.045381,路邊,🛣️,臺東縣,美和村
192400,水邊,22.705119,121.054334,水邊,🌊,臺東縣,知本
192401,便利店,22.705851,121.057768,便利店,🏪,臺東縣,知本
192402,文具店,22.981909,120.21871,文具店,✏️,臺南市,東區
192403,文具店,22.988212,120.22657,文具店,✏️,臺南市,東區
192404,文具店,24.990921,121.319904,文具店,✏️,桃園市,萬壽里
192408,路邊,22.707277,121.050108,路邊,🛣️,臺東縣,知本
192409,餐廳,22.707513,121.054379,餐廳,🍴,臺東縣,知本
192411,橋樑,22.706861,121.059074,橋樑,🌉,臺東縣,知本
192412,車站,22.710621,121.058366,車站,🚉,臺東縣,知本
192413,路邊,22.718205,121.050449,路邊,🛣️,臺東縣,建和里
192414,路邊,22.737878,121.138982,路邊,🛣️,臺東縣,豐盛里
192415,便利店,22.743069,121.135736,便利店,🏪,臺東縣,豐盛里
192416,咖啡杯,22.741902,121.135586,咖啡杯,☕,臺東縣,豐盛里
192417,公車站,22.741546,121.132347,公車站,🚌,臺東縣,豐谷里
192418,路邊,22.744009,121.132883,路邊,🛣️,臺東縣,豐谷里
192419,路邊,22.747274,121.136551,路邊,🛣️,臺東縣,豐榮里
192420,便利店,22.748936,121.133516,便利店,🏪,臺東縣,豐谷里
192421,拉麵店,22.751825,121.133129,拉麵店,🍜,臺東縣,豐安里
192422,小人國,24.832691,121.187749,主題樂園,🎡,桃園市,高原里
192423,綠舞日式主題園區,24.701474,121.81846,主題樂園,🎡,宜蘭縣,錦眾村
192425,志成路,22.5414,120.539,便利店,🏪,屏東縣,永春里
192426,裕展文具行,23.008066,120.203851,文具店,✏️,臺南市,北區
192427,公車,24.267634,120.565412,公車站,🚌,臺中市,清水區
192428,文具,24.267184,120.564265,文具店,✏️,臺中市,清水區
192431,水邊,22.774105,121.083551,水邊,🌊,臺東縣,豐田里
192432,公車站,22.773986,121.085836,公車站,🚌,臺東縣,豐田里
192433,郵局,22.774056,121.089482,郵局,📮,臺東縣,豐田里
192434,路邊,22.772702,121.092677,路邊,🛣️,臺東縣,豐田里
192435,車站,22.765717,121.095682,車站,🚉,臺東縣,豐年里
192436,水邊,22.752838,121.110917,水邊,🌊,臺東縣,永樂里
192437,橋樑,22.737484,121.124482,橋樑,🌉,臺東縣,豐里里
192438,公車站,22.736692,121.12253,公車站,🚌,臺東縣,豐里里
192439,便利店,22.73829,121.127979,便利店,🏪,臺東縣,豐谷里
192440,路邊,22.733106,121.130769,路邊,🛣️,臺東縣,豐里里
192441,海灘,22.73558,121.142612,海灘,🏖️,臺東縣,豐盛里
192442,公園,22.743622,121.142955,公園,🌳,臺東縣,豐盛里
192443,郵局,22.745434,121.138011,郵局,📮,臺東縣,豐榮里
192444,美容院,22.747828,121.139448,美容院,💅,臺東縣,豐榮里
192445,路邊,22.751528,121.135195,路邊,🛣️,臺東縣,豐安里
192447,路邊,22.756713,121.127828,路邊,🛣️,臺東縣,豐樂里
192448,學校,22.761067,121.124544,大學&學院,🎓,臺東縣,豐樂里
192449,公車,22.769939,121.116339,公車站,🚌,臺東縣,豐年里
192450,路邊,22.770528,121.133918,路邊,🛣️,臺東縣,南榮里
192451,咖啡,22.761249,121.151272,咖啡杯,☕,臺東縣,寶桑里
192452,飯店,22.755783,121.14994,飯店,🏨,臺東縣,文化里
192453,路邊,22.750016,121.153158,路邊,🛣️,臺東縣,成功里
192454,圖書館,22.751018,121.156297,圖書館,📚,臺東縣,成功里
192455,公園,22.775988,121.173744,公園,🌳,臺東縣,富岡里
192456,飯店,22.796722,121.125294,飯店,🏨,臺東縣,岩灣里
192457,路邊,22.804277,121.125937,路邊,🛣️,臺東縣,岩灣里
192458,水邊,22.815753,121.137305,水邊,🌊,臺東縣,利吉村
192459,機場,22.790862,121.181452,機場,✈️,臺東縣,富岡里
192460,路邊,22.797734,121.196351,路邊,🛣️,臺東縣,富岡里
192461,公車站,22.802983,121.196615,公車站,🚌,臺東縣,富岡里
192462,森林,22.797391,121.196899,森林,🌲,臺東縣,富岡里
192463,拉麵,22.841515,121.187396,拉麵店,🍜,臺東縣,富山村
192464,路邊,22.867915,121.231809,路邊,🛣️,臺東縣,都蘭村
192465,餐廳,22.875801,121.226211,餐廳,🍴,臺東縣,都蘭村
192466,水邊,22.880045,121.230295,水邊,🌊,臺東縣,都蘭村
192467,餐廳,22.879071,121.231984,餐廳,🍴,臺東縣,都蘭村
192468,飯店,22.876857,121.23489,飯店,🏨,臺東縣,都蘭村
192469,水邊,22.879407,121.232787,水邊,🌊,臺東縣,都蘭村
192470,海灘,22.884876,121.248977,海灘,🏖️,臺東縣,興昌村
192471,海灘,22.889956,121.251766,海灘,🏖️,臺東縣,興昌村
192472,飯店,22.892408,121.247819,飯店,🏨,臺東縣,興昌村
192473,公車,22.893513,121.247305,公車站,🚌,臺東縣,興昌村
192474,公園,22.894403,121.249362,公園,🌳,臺東縣,興昌村
192475,路邊,22.898713,121.253569,路邊,🛣️,臺東縣,興昌村
192476,公車,22.901796,121.251103,公車站,🚌,臺東縣,興昌村
192477,水邊,22.910733,121.256485,水邊,🌊,臺東縣,興昌村
192478,森林,22.922155,121.270992,森林,🌲,臺東縣,隆昌村
192479,水邊,22.927568,121.27012,水邊,🌊,臺東縣,隆昌村
192480,森林,22.957012,121.288011,森林,🌲,臺東縣,東河村
192481,麵包店,22.969755,121.304144,麵包店,🥐,臺東縣,東河村
192482,森林,22.974061,121.305131,森林,🌲,臺東縣,東河村
192483,水邊,23.025338,121.330411,水邊,🌊,臺東縣,信義里
192484,公車站,23.029572,121.333415,公車站,🚌,臺東縣,信義里
192485,公車,23.037896,121.337835,公車站,🚌,臺東縣,信義里
192486,水邊,23.074858,121.350708,水邊,🌊,臺東縣,和平里
192487,森林,23.076617,121.350641,森林,🌲,臺東縣,和平里
192488,公車,23.098909,121.373927,公車站,🚌,臺東縣,忠仁里
192489,公車,23.099224,121.375922,公車站,🚌,臺東縣,忠仁里
192490,海灘,23.099954,121.38408,海灘,🏖️,臺東縣,忠仁里
192491,公園,23.101558,121.383904,公園,🌳,臺東縣,忠仁里
192492,超市,23.102688,121.373868,超市,🛒,臺東縣,三民里
192493,餐廳,23.104485,121.381469,餐廳,🍴,臺東縣,忠智里
192494,飯店,23.106231,121.382038,飯店,🏨,臺東縣,忠智里
192495,公車,23.111571,121.385855,公車站,🚌,臺東縣,三仙里
192496,森林,23.121122,121.401434,森林,🌲,臺東縣,三仙里
192497,路邊,22.902198,121.127606,路邊,🛣️,臺東縣,龍田村
192498,飯店,22.906226,121.114135,飯店,🏨,臺東縣,龍田村
192499,路邊,22.903696,121.08388,路邊,🛣️,臺東縣,桃源村
192500,森林,22.912707,121.113837,森林,🌲,臺東縣,龍田村
192501,公車,22.928162,121.115704,公車站,🚌,臺東縣,永康村
192502,車站,22.955788,121.15924,車站,🚉,臺東縣,瑞源村
192503,路邊,22.990564,121.153356,路邊,🛣️,臺東縣,瑞和村
192504,公車,23.008974,121.149715,公車站,🚌,臺東縣,月眉里
192505,橋樑,23.008974,121.149715,橋樑,🌉,臺東縣,月眉里
192506,水邊,23.052982,121.164532,水邊,🌊,臺東縣,豐泉里
192507,公車,23.104131,121.200398,公車站,🚌,臺東縣,新興村
192508,餐廳,23.126733,121.21534,餐廳,🍴,臺東縣,福文村
192509,餐廳,23.127069,121.217357,餐廳,🍴,臺東縣,福文村
192510,水邊,23.130029,121.230774,水邊,🌊,臺東縣,慶豐村
192511,餐廳,23.171346,121.247699,餐廳,🍴,花蓮縣,富里村
192512,車站,23.178931,121.248634,車站,🚉,花蓮縣,富里村
192514,森林,23.182896,121.25269,森林,🌲,花蓮縣,石牌村
192515,公車,23.202582,121.270734,公車站,🚌,花蓮縣,羅山村
192516,飯店,23.215082,121.279116,飯店,🏨,花蓮縣,竹田村
192517,橋樑,23.21449,121.281272,橋樑,🌉,花蓮縣,竹田村
192518,拉麵店,23.214747,121.280585,拉麵店,🍜,花蓮縣,竹田村
192519,橋樑,23.220376,121.282881,橋樑,🌉,花蓮縣,竹田村
192520,公車,23.221788,121.281957,公車站,🚌,花蓮縣,竹田村
192521,車站,23.22593,121.2782,車站,🚉,花蓮縣,新興村
192522,公車,23.252279,121.297462,公車站,🚌,花蓮縣,萬寧村
192523,橋樑,23.263711,121.301317,橋樑,🌉,花蓮縣,東里村
192524,水邊,23.29324,121.338317,水邊,🌊,花蓮縣,樂合里
192525,超市,23.327845,121.312976,超市,🛒,花蓮縣,中城
192526,飯店,23.326751,121.316322,飯店,🏨,花蓮縣,中城
192527,金玉堂文具批發廣場,22.4674,120.4475,文具店,✏️,屏東縣,朝安里
192531,文具店,22.962066,120.253477,文具店,✏️,臺南市,仁德里
192532,101文具天堂,23.915275,120.677814,文具店,✏️,南投縣,漳和里
192533,中興集郵社,24.08669,120.541431,文具店,✏️,彰化縣,新華里
192535,文光行,24.81755,120.960068,文具店,✏️,新竹市,北區
192536,讀書人文化廣場,25.001809,121.618419,文具店,✏️,新北市,深坑區
192537,101文具天堂,25.019366,121.424755,文具店,✏️,新北市,新莊區
192538,小品雅集-鋼筆專賣店,25.031095,121.540251,文具店,✏️,臺北市,大安區
192542,文具店,24.132944,120.656469,文具店,✏️,臺中市,南區
192544,文具店,24.186608,120.705827,文具店,✏️,臺中市,北屯區
192545,文具店,24.062957,120.541958,文具店,✏️,彰化縣,延平里
192546,文具店,23.950124,120.574709,文具店,✏️,彰化縣,黎明里
192549,海佃路一段金玉堂,23.026897,120.189645,文具店,✏️,臺南市,海佃里
192550,麻豆星巴克,23.187878,120.251428,咖啡杯,☕,臺南市,大埕里
192551,介聯企業股份有限公司,23.175573,120.226541,服裝店,👕,臺南市,麻口里
192557,文具店,22.764034,120.305871,文具店,✏️,高雄市,橋頭區
192558,文具王,24.692699,120.902244,文具店,✏️,苗栗縣,中興里
192566,文具店,24.943492,121.258603,文具店,✏️,桃園市,仁福里
192571,文具店,22.677434,120.308619,文具店,✏️,高雄市,左營區
192572,陽明國民中學,22.644408,120.341154,文具店,✏️,高雄市,三民區
192573,鳳新高中圖書館,22.614081,120.343106,文具店,✏️,高雄市,鳳山區
192575,文具店,22.682538,120.352181,文具店,✏️,高雄市,仁武區
192576,文具店,22.732226,120.353452,文具店,✏️,高雄市,大社區
192577,小北百貨,23.042961,120.148137,文具店,✏️,臺南市,媽祖宮里
192578,小北百貨,25.09156,121.44633,文具店,✏️,新北市,五股區
192581,小北百貨,23.01809,120.26344,文具店,✏️,臺南市,北興里
192582,小北百貨,25.0068,121.46757,文具店,✏️,新北市,板橋區
192583,小北百貨,24.999828,121.302602,文具店,✏️,桃園市,永安里
192584,美華泰流行生活館（停業）,24.445715,120.65264,文具店,✏️,苗栗縣,苑北里
192586,苑里海邊,24.454364,120.642121,海灘,🏖️,苗栗縣,西平里
192587,通霄海邊,24.554319,120.699992,海灘,🏖️,苗栗縣,新埔里
192588,守法街路口,24.681654,120.864024,文具店,✏️,苗栗縣,中美里
192595,文具店,25.056564,121.466624,文具店,✏️,新北市,新莊區
192599,文具純點,24.964922,121.291305,文具店,✏️,桃園市,中德里
192600,太清宮(下車站),23.972103,120.68305,公車站,🚌,南投縣,新厝里
192601,文具店,24.308722,120.716667,文具店,✏️,臺中市,后里區
192602,環河南路二段,25.033839,121.490842,文具店,✏️,臺北市,萬華區
192603,溪口街107巷1弄,24.995968,121.537296,文具店,✏️,臺北市,文山區
192605,國光國小,24.126284,120.680959,文具店,✏️,臺中市,南區
192606,豈咖啡,24.960133,121.305035,咖啡杯,☕,桃園市,大千里
192607,豪臆建材五金量販店,23.982756,121.581129,文具店,✏️,花蓮縣,勝安村
192608,全聯後門,22.638631,120.396123,超市,🛒,高雄市,大寮區
192609,國富二十八街,23.990537,121.590874,自助洗衣店&乾洗店,🧺,花蓮縣,國富里
192610,停車場內,25.084728,121.552607,化妝品,💄,臺北市,中山區
192611,經濟部商業發展署南投辦公區附近,23.957946,120.684923,藥局,💊,南投縣,山腳里
192612,沙鹿高工側門,24.238576,120.563933,美容院,💅,臺中市,沙鹿區
192613,台南六甲故鄉味關東煮臭豆腐,23.228241,120.352179,拉麵店,🍜,臺南市,六甲里
192614,仁中五街,22.962113,120.252309,文具店,✏️,臺南市,仁德里
192615,勝華街37巷37弄,23.005916,120.234126,文具店,✏️,臺南市,勝利里
192617,國安街156巷15弄到底,23.022439,120.186667,文具店,✏️,臺南市,國安里
192618,安和路四段,23.051654,120.218936,文具店,✏️,臺南市,安順里
192620,文具店8,23.162874,120.178809,文具店,✏️,臺南市,東寧里
192621,洗特樂自助洗衣店-六甲永安店,23.229699,120.354232,藥局,💊,臺南市,甲南里
192622,福科路252巷口,24.182753,120.623649,咖啡杯,☕,臺中市,西屯區
192623,大鵬灣跨海大橋,22.466511,120.446852,美容院,💅,屏東縣,朝安里
192624,新店高中運動中心,24.97628,121.533403,體育館,🏋️,新北市,新店區
192625,聖瑪莉丹麥麵包莊園&親子樂園,24.963085,121.418035,麵包店,🥐,新北市,土城區
192626,大仁國小(右側側門),24.166806,120.659361,義式餐廳,🍝,臺中市,西屯區
192627,鼎記食品有限公司,23.706075,120.516484,漢堡,🍔,雲林縣,保庄里
192628,清水圖書館,24.984238,121.460949,圖書館,📚,新北市,土城區
192630,好事HOUSE6附近,23.23328,120.353218,便利店,🏪,臺南市,六甲里
192631,文具,22.641291,120.320009,文具店,✏️,高雄市,三民區
192632,面對50公尺聯合餐廳正門口,25.03986,121.539075,咖啡杯,☕,臺北市,大安區
192633,新城海堤,24.123549,121.654646,海灘,🏖️,花蓮縣,新城村
192634,隘蘭聯絡道路,24.602902,121.094125,山丘,⛰️,新竹縣,五峰鄉
192635,森林純點,24.95167,121.416478,森林,🌲,新北市,土城區
192636,土城運動中心,24.984867,121.456583,體育館,🏋️,新北市,土城區
192637,中園路二段46巷,24.996794,121.238737,路邊,🛣️,桃園市,內定里
192638,五青路183巷,25.017319,121.235846,水邊,🌊,桃園市,五權里
192639,長庚一街,25.058301,121.383223,公車站,🚌,桃園市,長庚里
192640,文化一路,25.056231,121.374975,橋樑,🌉,桃園市,樂善里
192641,大坑路三段,25.056095,121.350296,路邊,🛣️,桃園市,大崗里
192642,六福一路,25.058816,121.326134,森林,🌲,桃園市,大坑里
192643,桃航一路,25.063676,121.237707,路邊,🛣️,桃園市,大海里
192644,楊新路四段580巷,24.948165,121.121342,水邊,🌊,桃園市,上田里
192645,民安路2巷,24.926917,121.091623,路邊,🛣️,桃園市,富豐里
192646,民生街,24.904499,121.054395,水邊,🌊,新竹縣,湖口鄉
192647,中平路一段,24.901628,121.051181,公車站,🚌,新竹縣,湖口鄉
192648,明賢路,24.903886,121.039144,水邊,🌊,新竹縣,湖口鄉
192649,明賢路,24.904703,121.036719,路邊,🛣️,新竹縣,湖口鄉
192650,新湖路,24.900616,121.041696,超市,🛒,新竹縣,湖口鄉
192651,便利店,24.898894,120.99736,便利店,🏪,新竹縣,新豐鄉
192652,保安路一段,24.989559,121.046369,水邊,🌊,桃園市,永安里
192653,東興路二段,25.003211,121.052209,橋樑,🌉,桃園市,石牌里
192654,觀音國小,25.034517,121.082328,圖書館,📚,桃園市,觀音里
192655,和平街,25.15766,121.767912,森林,🌲,基隆市,中正區
192656,平一路,25.158049,121.763599,森林,🌲,基隆市,中正區
192657,平三路,25.155425,121.762108,路邊,🛣️,基隆市,中正區
192658,新豐街,25.144373,121.788747,水邊,🌊,基隆市,中正區
192659,森林,25.129806,121.811707,森林,🌲,新北市,瑞芳區
192660,金光路,25.107443,121.856275,森林,🌲,新北市,瑞芳區
192661,三爪子坑路,25.105927,121.810806,水邊,🌊,新北市,瑞芳區
192662,三爪子坑路,25.107431,121.815172,水邊,🌊,新北市,瑞芳區
192663,源遠路,25.097747,121.753396,公車站,🚌,基隆市,暖暖區
192664,碇內國中,25.096621,121.748804,路邊,🛣️,基隆市,暖暖區
192665,輪鞋練習場,25.095804,121.741519,公園,🌳,基隆市,暖暖區
192666,中山高速公路,25.112282,121.727185,水邊,🌊,基隆市,七堵區
192667,咖啡杯8,25.1211,121.720362,路邊,🛣️,基隆市,安樂區
192668,樂利三街,25.127628,121.712658,便利店,🏪,基隆市,安樂區
192669,武崙國小,25.138604,121.706865,森林,🌲,基隆市,安樂區
192670,光華橋,25.148199,121.746497,橋樑,🌉,基隆市,中山區
192671,復興隧道,25.147522,121.741347,森林,🌲,基隆市,中山區
192672,光華路,25.155563,121.748986,海灘,🏖️,基隆市,中山區
192673,復興路212巷,25.148045,121.727743,森林,🌲,基隆市,中山區
192674,復興路,25.147289,121.724396,路邊,🛣️,基隆市,中山區
192675,大竿林隧道,25.141336,121.718302,森林,🌲,基隆市,中山區
192676,自強路,25.12171,121.712036,森林,🌲,基隆市,安樂區
192677,武聖街49巷,25.158862,121.696157,便利店,🏪,基隆市,安樂區
192678,湖海路,25.162341,121.701822,森林,🌲,基隆市,安樂區
192679,基金公路,25.183284,121.687553,森林,🌲,新北市,萬里區
192680,玉田路,25.193644,121.681094,森林,🌲,新北市,萬里區
192681,豐稔街,25.139363,121.761324,森林,🌲,基隆市,中正區
192682,海埔路200巷,24.823833,120.922909,路邊,🛣️,新竹市,香山區
192683,延平路二段1336巷,24.817517,120.929389,公車站,🚌,新竹市,香山區
192684,天府路二段,24.842791,120.923467,公園,🌳,新竹市,北區
192685,天府路一段,24.839189,120.932436,公車站,🚌,新竹市,北區
192686,延平路三段358巷,24.835997,120.930891,公車站,🚌,新竹市,北區
192687,延平路三段,24.836791,120.931363,美容院,💅,新竹市,北區
192688,7-Eleven,24.836812,120.932919,便利店,🏪,新竹市,北區
192689,西濱路一段189巷37弄,24.835119,120.927866,公園,🌳,新竹市,北區
192690,延平路三段314巷,24.834447,120.930655,路邊,🛣️,新竹市,北區
192691,大庄國小,24.788937,120.926342,公園,🌳,新竹市,香山區
192692,中華路五段160巷,24.788373,120.922844,路邊,🛣️,新竹市,香山區
192693,中華路五段,24.787263,120.926353,餐廳,🍴,新竹市,香山區
192694,吉悌,24.794236,120.932586,公車站,🚌,新竹市,香山區
192695,牛埔東路,24.794353,120.938873,路邊,🛣️,新竹市,香山區
192696,育德街,24.795863,120.947381,公園,🌳,新竹市,香山區
192697,頂埔國小,24.796934,120.949774,橋樑,🌉,新竹市,香山區
192698,中山路640巷,24.794129,120.951265,公園,🌳,新竹市,香山區
192699,中山路640巷,24.795623,120.952789,便利店,🏪,新竹市,香山區
192700,生命園區第一停車場,24.793593,120.957155,公園,🌳,新竹市,北區
192701,成德一街,24.791297,120.957434,森林,🌲,新竹市,北區
192702,中華路三段121巷32弄,24.79556,120.957085,便利店,🏪,新竹市,北區
192703,南大路567巷33弄,24.791343,120.967246,美術館,🖼️,新竹市,東區
192704,忠孝路,24.804921,120.989288,餐廳,🍴,新竹市,東區
192705,園區一路,24.775909,121.013718,路邊,🛣️,新竹市,東區
192706,員山路,24.783431,121.042771,公車站,🚌,新竹縣,竹東鎮
192707,科學路,24.768356,121.056461,路邊,🛣️,新竹縣,竹東鎮
192708,文華街,24.786449,121.106586,森林,🌲,新竹縣,芎林鄉
192709,東海二街,24.806922,121.05526,路邊,🛣️,新竹縣,竹北市
192711,隘口六街,24.802427,121.034478,路邊,🛣️,新竹縣,竹北市
192712,隘口二路12巷,24.802018,121.034049,便利店,🏪,新竹縣,竹北市
192713,水瀧二街251巷5弄,24.839056,121.025047,公園,🌳,新竹縣,竹北市
192714,公道五路四段,24.828034,120.964322,餐廳,🍴,新竹市,北區
192715,吉羊路,24.823555,120.954666,公園,🌳,新竹市,北區
192716,仁光幼兒園,24.792561,120.973291,公車站,🚌,新竹市,東區
192717,明湖路243巷92弄,24.789786,120.97106,森林,🌲,新竹市,東區
192718,高峰路325巷,24.781055,120.980715,公車站,🚌,新竹市,東區
192719,崁頂郵局,22.514836,120.513731,郵局,📮,屏東縣,崁頂村
192720,中油崁頂站,22.521295,120.521036,森林,🌲,屏東縣,崁頂村
192721,澎湖三凱餅店,23.547166,119.618787,公車站,🚌,澎湖縣,烏崁里
192722,公車站純點,24.983124,121.457565,公車站,🚌,新北市,土城區
192723,許家牛家莊,25.034031,121.094363,路邊,🛣️,桃園市,坑尾里
192724,觀音藥局,25.034982,121.0758,藥局,💊,桃園市,觀音里
192725,路邊,24.683997,120.85724,路邊,🛣️,苗栗縣,中美里
192726,中興路,24.698729,120.913017,餐廳,🍴,苗栗縣,建國里
192727,研發五路,24.779141,120.995951,公園,🌳,新竹縣,寶山鄉
192728,展業一路,24.784778,121.001068,大學&學院,🎓,新竹市,東區
192729,力行三路,24.770867,121.010134,水邊,🌊,新竹縣,寶山鄉
192730,辰鴻加油站,24.772192,121.009727,便利店,🏪,新竹縣,寶山鄉
192731,大雅三街,24.768269,121.0008,森林,🌲,新竹縣,寶山鄉
192732,藝術路,24.768726,120.967165,超市,🛒,新竹市,東區
192733,藝術路,24.765539,120.968013,路邊,🛣️,新竹市,東區
192734,柴橋路,24.766494,120.96355,公車站,🚌,新竹市,香山區
192735,雙豐路,24.766552,120.98814,水邊,🌊,新竹縣,寶山鄉
192736,嵩翠路,24.744144,120.996766,森林,🌲,新竹縣,寶山鄉
192737,竹安路21巷,24.748469,121.007034,水邊,🌊,新竹縣,寶山鄉
192738,寶山十街,24.750304,121.016936,路邊,🛣️,新竹縣,寶山鄉
192739,園區二路,24.766711,121.016378,森林,🌲,新竹縣,寶山鄉
192740,園區三路,24.77162,121.003246,橋樑,🌉,新竹縣,寶山鄉
192741,公車站,24.777426,121.012473,公車站,🚌,新竹市,東區
192742,太和科技,24.77131,121.026034,公車站,🚌,新竹市,東區
192743,莊敬北路,24.831921,121.027,公園,🌳,新竹縣,竹北市
192744,新湖路,24.850779,121.028824,路邊,🛣️,新竹縣,新埔鎮
192745,湖口二營區,24.865572,121.036248,路邊,🛣️,新竹縣,湖口鄉
192746,仁義路,24.867603,121.012173,路邊,🛣️,新竹縣,湖口鄉
192747,信湖路,24.879859,121.049767,水邊,🌊,新竹縣,湖口鄉
192748,中正路二段,24.889399,121.051784,路邊,🛣️,新竹縣,湖口鄉
192749,八德路二段,24.879897,121.065313,公車站,🚌,新竹縣,湖口鄉
192750,八德路二段,24.88753,121.086931,水邊,🌊,新竹縣,湖口鄉
192751,陸軍裝甲兵訓練指揮部,24.893532,121.086738,便利店,🏪,新竹縣,湖口鄉
192752,長嶺路,24.892998,121.081481,路邊,🛣️,新竹縣,湖口鄉
192753,泰圳路,24.89981,121.097167,路邊,🛣️,新竹縣,上湖里
192754,楊湖路三段846巷,24.913299,121.078305,路邊,🛣️,桃園市,上湖里
192755,富民街,24.91735,121.06925,路邊,🛣️,桃園市,上湖里
192756,中國科技大學新竹校區,24.917015,121.058221,大學&學院,🎓,新竹縣,湖口鄉
192757,新湖路,24.947636,121.048565,路邊,🛣️,桃園市,望間里
192758,保安路,24.974331,121.045969,水邊,🌊,桃園市,槺榔里
192759,水邊,24.940228,121.082801,水邊,🌊,桃園市,豐野里
192760,楊湖路二段650巷,24.917152,121.105127,水邊,🌊,桃園市,三湖里
192761,中山南路959巷,24.894266,121.120663,水邊,🌊,桃園市,東流里
192762,路邊,24.873825,121.132421,路邊,🛣️,新竹縣,新埔鎮
192763,水邊,24.858473,121.150028,水邊,🌊,新竹縣,新埔鎮
192764,楊梅照門道路,24.847405,121.143944,水邊,🌊,新竹縣,新埔鎮
192765,森林,24.827412,121.153107,森林,🌲,新竹縣,關西鎮
192766,渴望路390巷,24.839732,121.187267,飯店,🏨,桃園市,渴望里
192767,青山街,24.787866,121.180294,公車站,🚌,新竹縣,關西鎮
192768,至聖先師,24.779781,121.180079,路邊,🛣️,新竹縣,關西鎮
192769,立益關西高爾夫球場,24.782256,121.196623,水邊,🌊,新竹縣,關西鎮
192770,中豐路二 段,24.779478,121.177552,公車站,🚌,新竹縣,關西鎮
192771,九讚頭,24.720532,121.135565,車站,🚉,新竹縣,橫山鄉
192772,東峰路546巷,24.706528,121.096115,路邊,🛣️,新竹縣,竹東鎮
192773,公園街15巷,24.697411,121.058435,路邊,🛣️,新竹縣,北埔鄉
192774,竹37,24.711615,121.054316,路邊,🛣️,新竹縣,北埔鄉
192775,森林,24.719372,121.059079,森林,🌲,新竹縣,北埔鄉
192776,水邊,24.706216,121.043179,水邊,🌊,新竹縣,北埔鄉
192777,秀巒道路,24.61442,121.288548,路邊,🛣️,新竹縣,尖石鄉
192778,吉祥路280巷,24.676428,120.922222,路邊,🛣️,苗栗縣,上興里
192779,台江文化中心機車停車場,23.044612,120.187379,路邊,🛣️,臺南市,溪心寮
192780,正義路,24.730228,120.90867,路邊,🛣️,苗栗縣,公義里
192781,五福路一段,24.742721,120.910868,公車站,🚌,新竹市,香山區
192782,海山港七街,24.762275,120.904369,公園,🌳,新竹市,香山區
192783,中華路五段347巷2弄,24.76478,120.914689,路邊,🛣️,新竹市,香山區
192784,仁愛路,24.715182,120.876899,橋樑,🌉,苗栗縣,崎頂里
192785,龍山路三段,24.701477,120.877976,公車站,🚌,苗栗縣,山佳里
192786,光德路,24.673832,120.861013,超市,🛒,苗栗縣,海口里
192787,竹南聯絡道,24.67506,120.848536,路邊,🛣️,苗栗縣,港墘里
192788,中興路436巷,24.692745,120.904902,服裝店,👕,苗栗縣,中興里
192789,中興路,24.699568,120.914774,橋樑,🌉,苗栗縣,山下里
192790,科研路,24.706507,120.918284,公車站,🚌,苗栗縣,頂埔里
192791,科專一路,24.71368,120.908327,路邊,🛣️,苗栗縣,大埔里
192792,保興街,24.723962,120.881725,森林,🌲,苗栗縣,崎頂里
192793,苗2-1,24.731595,120.887971,森林,🌲,苗栗縣,崎頂里
192794,高濱路,24.738785,120.903552,路邊,🛣️,苗栗縣,香山區
192795,仁愛路,24.713585,120.879132,路邊,🛣️,苗栗縣,崎頂里
192796,苗栗濱海自行車道,24.713896,120.863683,森林,🌲,苗栗縣,崎頂里
192797,建國路288巷,24.694791,120.871861,服裝店,👕,苗栗縣,聖福里
192798,天祥街一段,24.700915,120.876513,路邊,🛣️,苗栗縣,龍山里
192799,北田街121巷,24.688543,120.890388,公園,🌳,苗栗縣,東庄里
192800,東興路,24.683531,120.903617,便利店,🏪,苗栗縣,民權里
192801,銀河路,24.680855,120.905307,餐廳,🍴,苗栗縣,和平里
192802,"24.679138, 120.941743",24.679138,120.941743,森林,🌲,苗栗縣,斗煥里
192803,苗17,24.672164,120.952862,水邊,🌊,苗栗縣,內灣村
192804,山房子,24.587082,120.996379,飯店,🏨,苗栗縣,南江村
192805,親民路2巷,24.651689,120.958174,森林,🌲,苗栗縣,三灣村
192806,忠孝街,24.654078,120.957884,便利店,🏪,苗栗縣,三灣村
192807,信義街,24.65517,120.959257,路邊,🛣️,苗栗縣,三灣村
192808,中豐公路,24.666334,120.965727,水邊,🌊,苗栗縣,三灣村
192809,四維街,24.658621,120.959628,水邊,🌊,苗栗縣,三灣村
192810,南湖路,24.737674,120.939622,森林,🌲,新竹市,香山區
192811,科東三路,24.708778,120.920354,公園,🌳,苗栗縣,頂埔里
192812,中華路,24.696176,120.917221,路邊,🛣️,苗栗縣,建國里
192813,正興路,24.686895,120.918112,水邊,🌊,苗栗縣,頭份里
192814,中石化頭份廠,24.678511,120.895539,路邊,🛣️,苗栗縣,田寮里
192815,銀河南路195巷,24.67584,120.899472,路邊,🛣️,苗栗縣,民生里
192816,恆誼化工,24.674143,120.891429,公車站,🚌,苗栗縣,蘆竹里
192817,工業路,24.674515,120.883811,路邊,🛣️,苗栗縣,蘆竹里
192818,福爾摩沙高速公路,24.675607,120.847459,橋樑,🌉,苗栗縣,港墘里
192819,森林,24.677476,120.838874,森林,🌲,苗栗縣,海口里
192820,苗9-1,24.657609,120.840488,森林,🌲,苗栗縣,龍昇村
192821,苗9-1,24.649886,120.83508,水邊,🌊,苗栗縣,龍昇村
192822,西部濱海公路,24.658193,120.812978,路邊,🛣️,苗栗縣,海寶里
192823,明山路,24.644385,120.806157,車站,🚉,苗栗縣,大山里
192824,西部濱海公路,24.645776,120.797416,路邊,🛣️,苗栗縣,大山里
192825,路邊,24.642652,120.779905,路邊,🛣️,苗栗縣,海埔里
192826,西部濱海公路,24.625492,120.773812,路邊,🛣️,苗栗縣,溪洲里
192827,中正路,24.613236,120.787768,餐廳,🍴,苗栗縣,中龍里
192828,縱貫公路,24.611831,120.79135,水邊,🌊,苗栗縣,大庄里
192829,縱貫公路,24.612337,120.789313,公園,🌳,苗栗縣,大庄里
192830,成功路,24.611655,120.798142,公車站,🚌,苗栗縣,大庄里
192831,出水路,24.450787,120.646658,路邊,🛣️,苗栗縣,西平里
192832,介壽路,24.447726,120.65002,橋樑,🌉,苗栗縣,西平里
192833,臨江路,24.414058,120.609794,路邊,🛣️,臺中市,大甲區
192834,臨江路185巷,24.410346,120.604473,公園,🌳,臺中市,大甲區
192835,幼獅路,24.403447,120.653999,公車站,🚌,臺中市,大甲區
192836,水邊,24.410774,120.66417,水邊,🌊,苗栗縣,田心里
192837,福爾摩沙高速公路,24.400945,120.670265,路邊,🛣️,苗栗縣,山柑里
192838,121,24.395336,120.671596,公車站,🚌,苗栗縣,山柑里
192839,140,24.390002,120.675736,路邊,🛣️,苗栗縣,大甲區
192840,苗69,24.373059,120.692964,路邊,🛣️,苗栗縣,上舘里
192841,上舘十路,24.366492,120.707899,路邊,🛣️,苗栗縣,上舘里
192842,上舘七路,24.372373,120.707922,公車站,🚌,苗栗縣,上舘里
192843,苗69,24.379624,120.705262,路邊,🛣️,苗栗縣,上舘里
192844,公車站,24.389867,120.694767,公車站,🚌,苗栗縣,泰田里
192845,鎮安二十二路,24.391939,120.686784,橋樑,🌉,苗栗縣,玉田里
192846,顏厝,24.406478,120.680348,公車站,🚌,苗栗縣,社苓里
192847,苗50,24.416293,120.684717,郵局,📮,苗栗縣,舊社里
192848,苗50,24.416942,120.683961,便利店,🏪,苗栗縣,舊社里
192849,田寮,24.422692,120.676293,公車站,🚌,苗栗縣,福田里
192850,苗47,24.428847,120.662024,路邊,🛣️,苗栗縣,中正里
192851,便利店,24.434248,120.659708,便利店,🏪,苗栗縣,客庄里
192852,大興路,24.435411,120.654967,公園,🌳,苗栗縣,客庄里
192853,服裝店,24.437559,120.651085,服裝店,👕,苗栗縣,房裡里
192854,世界路一段,24.444757,120.65488,餐廳,🍴,苗栗縣,苑東里
192855,中山路,24.449164,120.655866,橋樑,🌉,苗栗縣,苑港里
192856,中山路,24.453148,120.659385,水邊,🌊,苗栗縣,苑港里
192857,路邊,24.450045,120.696698,路邊,🛣️,苗栗縣,坪頂里
192859,中山路,24.477328,120.674021,公車站,🚌,苗栗縣,通南里
192860,橋樑,24.479846,120.665105,橋樑,🌉,苗栗縣,五北里
192861,中山路,24.481292,120.675714,公車站,🚌,苗栗縣,通南里
192862,南和路二段,24.482347,120.682752,公車站,🚌,苗栗縣,梅南里
192863,崇仁路,24.489414,120.686057,路邊,🛣️,苗栗縣,平元里
192864,中山路,24.493476,120.681229,公園,🌳,苗栗縣,通西里
192865,中山路,24.538104,120.694992,水邊,🌊,苗栗縣,新埔里
192866,中山路,24.535403,120.694523,公車站,🚌,苗栗縣,通灣里
192867,中山路,24.537647,120.695231,餐廳,🍴,苗栗縣,新埔里
192868,水邊,24.549618,120.705519,水邊,🌊,苗栗縣,新埔里
192869,台鹽通霄觀光園區,24.557156,120.703288,水邊,🌊,苗栗縣,內島里
192870,啟明國小,24.559244,120.708385,水邊,🌊,苗栗縣,內島里
192871,路邊,24.56988,120.709683,路邊,🛣️,苗栗縣,白西里
192872,苗41線拓寬段,24.571383,120.708331,水邊,🌊,苗栗縣,白東里
192873,苗33,24.593141,120.729401,路邊,🛣️,苗栗縣,中和里
192874,新庄街2巷,24.555185,120.820952,橋樑,🌉,苗栗縣,維新里
192875,維新客家文物館,24.553057,120.824276,路邊,🛣️,苗栗縣,維新里
192876,私立育民工家,24.537092,120.813408,路邊,🛣️,苗栗縣,水源里
192877,中正路,24.540762,120.817421,公車站,🚌,苗栗縣,水源里
192878,中正路1319巷,24.542205,120.818232,超市,🛒,苗栗縣,水源里
192879,橋樑,24.546499,120.818708,橋樑,🌉,苗栗縣,勝利里
192880,新東街,24.550482,120.823298,便利店,🏪,苗栗縣,維新里
192881,四維街285巷',24.555518,120.831347,路邊,🛣️,苗栗縣,維祥里
192882,玉清路380巷,24.562388,120.835746,便利店,🏪,苗栗縣,玉華里
192883,玉清路380巷,24.564235,120.837523,公園,🌳,苗栗縣,玉華里
192884,旭光路,24.075947,120.546981,五金行,🔧,彰化縣,東興里
192885,彰22,24.111757,120.451827,路邊,🛣️,彰化縣,山崙里
192886,和樂路,24.11045,120.4671,路邊,🛣️,彰化縣,下犁村
192887,西園路,24.112457,120.483432,路邊,🛣️,彰化縣,四張里
192888,西園路,24.112652,120.49046,公車站,🚌,彰化縣,和西里
192889,道周路799巷,24.114189,120.490739,大學&學院,🎓,彰化縣,和西里
192890,和靖路,24.108373,120.492691,超市,🛒,彰化縣,仁愛里
192891,和光路,24.109712,120.490408,公園,🌳,彰化縣,面前里
192892,仁愛路,24.104474,120.496266,路邊,🛣️,彰化縣,山犁里
192893,愛國路,24.105453,120.499763,路邊,🛣️,彰化縣,山犁里
192894,道周路,24.106316,120.501949,公車站,🚌,彰化縣,和東里
192895,忠全壘球場,24.115344,120.503322,公園,🌳,彰化縣,竹營里
192896,孝行路,24.115403,120.507827,路邊,🛣️,彰化縣,竹營里
192897,嘉卿路二段,24.118526,120.510532,水邊,🌊,彰化縣,塗厝里
192898,員東路二段,23.957882,120.579478,便利店,🏪,彰化縣,忠孝里
192899,芬草路一段,23.98498,120.679985,路邊,🛣️,南投縣,敦和里
192900,中正路,23.999369,120.690413,路邊,🛣️,南投縣,御史里
192901,同德高中,23.998292,120.69567,路邊,🛣️,南投縣,御史里
192903,山丘,23.987431,120.73174,山丘,⛰️,南投縣,中原里
192904,農會碾米廠,23.982607,120.733619,公車站,🚌,南投縣,南埔里
192905,宅內街118巷,23.981159,120.713435,路邊,🛣️,南投縣,富寮里
192906,南坪路555巷,23.973552,120.723002,森林,🌲,南投縣,南埔里
192907,富頂路一段,23.973904,120.705411,路邊,🛣️,南投縣,富寮里
192908,富頂路一段,23.979431,120.699704,公車站,🚌,南投縣,富寮里
192909,富春路八德巷,23.981587,120.698653,大學&學院,🎓,南投縣,富寮里
192911,御富路275巷,23.990459,120.690875,森林,🌲,南投縣,御史里
192912,中正路,23.990272,120.687866,公車站,🚌,南投縣,新豐里
192913,便利店,23.928917,120.698352,便利店,🏪,南投縣,內興里
192914,中研路,23.935039,120.700603,公車站,🚌,南投縣,內興里
192915,光復國小,23.941302,120.701669,餐廳,🍴,南投縣,光明里
192916,南崗一路,23.906497,120.679867,便利店,🏪,南投縣,三興里
192917,包尾,23.906125,120.696078,公車站,🚌,南投縣,振興里
192918,信義街,23.914863,120.689513,美容院,💅,南投縣,平和里
192920,復興路,23.918326,120.678246,公車站,🚌,南投縣,漳和里
192921,南崗三路,23.924485,120.671102,路邊,🛣️,南投縣,平山里
192922,瓊文巷,23.898396,120.938185,山丘,⛰️,南投縣,魚池村
192923,魚池街,23.899299,120.933975,山丘,⛰️,南投縣,魚池村
192924,有水巷,23.881268,120.925396,山丘,⛰️,南投縣,中明村
192925,金天巷,23.876009,120.945492,路邊,🛣️,南投縣,大林村
192926,許厝路,23.813475,120.233671,森林,🌲,雲林縣,中興村
192927,仁德西路二段,23.797365,120.229479,水邊,🌊,雲林縣,中興村
192928,湖仔內交流道,23.737829,120.24475,橋樑,🌉,雲林縣,四美村
192929,路邊,23.716764,120.208364,路邊,🛣️,雲林縣,五港村
192930,中山路,23.70081,120.193989,藥局,💊,雲林縣,海口村
192931,民族路,23.698216,120.198539,便利店,🏪,雲林縣,海南村
192932,東西向快速公路 台西古坑線,23.689729,120.185361,路邊,🛣️,雲林縣,溪頂村
192933,雲132,23.635329,120.174676,路邊,🛣️,雲林縣,三姓村
192934,路邊,23.601588,120.178111,路邊,🛣️,雲林縣,頂湖村
192935,烏麻園街,23.58649,120.18446,路邊,🛣️,雲林縣,湖東村
192936,文昌路,23.584127,120.186394,水邊,🌊,雲林縣,湖東村
192937,中正路一段,23.580333,120.186887,圖書館,📚,雲林縣,湖東村
192938,復興路,23.547181,120.191201,郵局,📮,雲林縣,梧北村
192939,永晟超市,23.547555,120.193121,超市,🛒,雲林縣,梧北村
192940,文光路,23.541702,120.189935,公車站,🚌,雲林縣,梧南村
192941,雲149,23.537099,120.193195,水邊,🌊,雲林縣,水井村
192942,路邊,23.539814,120.224202,路邊,🛣️,雲林縣,山腳村
192943,頂厝路,23.511897,120.227979,藥局,💊,雲林縣,松中村
192944,蔦松路,23.515359,120.230318,文具店,✏️,雲林縣,松北村
192945,蔦松路,23.51717,120.231562,路邊,🛣️,雲林縣,松北村
192946,路邊,23.519215,120.250349,路邊,🛣️,嘉義縣,魚寮村
192947,路邊,23.506551,120.252219,路邊,🛣️,嘉義縣,六腳村
192948,路邊,23.531025,120.263206,路邊,🛣️,嘉義縣,永賢村
192949,東陽街,23.5706,120.245616,路邊,🛣️,雲林縣,水南村
192950,水林路,23.571758,120.239115,便利店,🏪,雲林縣,水南村
192951,水林路,23.571365,120.251582,路邊,🛣️,雲林縣,水南村
192952,顏思齊大道,23.570734,120.255874,公車站,🚌,雲林縣,水北村
192953,民生路,23.565858,120.294777,水邊,🌊,雲林縣,光復里
192954,民生路,23.564972,120.301042,橋樑,🌉,雲林縣,南安里
192955,民生路,23.566172,120.293469,水邊,🌊,雲林縣,光復里
192956,民主路,23.568246,120.300222,超市,🛒,雲林縣,光復里
192957,北港農工,23.57862,120.308693,服裝店,👕,雲林縣,新街里
192958,聖母六街,23.592505,120.312328,路邊,🛣️,雲林縣,新街里
192959,中正路,23.601513,120.392211,公園,🌳,嘉義縣,溪西村
192960,民溪路,23.558838,120.423884,藥局,💊,嘉義縣,西安村
192961,路邊,23.561077,120.432556,路邊,🛣️,嘉義縣,東榮村
192962,三豐路,23.553016,120.469976,路邊,🛣️,嘉義縣,三興村
192963,公車站,23.557618,120.480791,公車站,🚌,嘉義縣,三興村
192964,三豐路,23.553291,120.47577,路邊,🛣️,嘉義縣,三興村
192965,信義路25巷,23.672356,120.482574,車站,🚉,雲林縣,舊社里
192966,僑真街,23.668917,120.473325,路邊,🛣️,雲林縣,僑真里
192967,全聯福利中心,23.668445,120.474528,超市,🛒,雲林縣,僑真里
192968,新興街,23.674282,120.471781,路邊,🛣️,雲林縣,明昌里
192969,新興街,23.673912,120.472834,拉麵店,🍜,雲林縣,明昌里
192970,長安路一段,23.675921,120.473783,便利店,🏪,雲林縣,明昌里
192971,大安路,23.676776,120.472383,餐廳,🍴,雲林縣,大同里
192972,中興路,23.677836,120.467751,路邊,🛣️,雲林縣,大同里
192973,中興路170巷10弄,23.680547,120.468737,公園,🌳,雲林縣,大同里
192974,大同路,23.686308,120.471127,公車站,🚌,雲林縣,小東里
192975,東科三街,23.688708,120.475898,路邊,🛣️,雲林縣,小東里
192976,光榮路,23.689887,120.493536,路邊,🛣️,雲林縣,東明里
192977,雲林路三段,23.690712,120.505424,路邊,🛣️,雲林縣,長平里
192978,雲林路三段,23.695937,120.52109,水邊,🌊,雲林縣,久安里
192979,雲林路三段,23.69572,120.519268,公車站,🚌,雲林縣,保庄里
192980,國立雲林科技大學,23.688372,120.53536,大學&學院,🎓,雲林縣,龍潭里
192981,大學路三段,23.697468,120.53976,餐廳,🍴,雲林縣,鎮南里
192982,中山路,23.700896,120.538323,便利店,🏪,雲林縣,社口里
192983,雲南街,23.704174,120.535227,路邊,🛣️,雲林縣,鎮西里
192984,同心街,23.704485,120.535992,超市,🛒,雲林縣,鎮西里
192985,西平路,23.71146,120.534133,路邊,🛣️,雲林縣,三平里
192986,明德北路二段,23.717155,120.535874,體育館,🏋️,雲林縣,三平里
192987,斗六二路,23.721872,120.540227,便利店,🏪,雲林縣,明德里
192988,萬年橋,23.72633,120.548471,橋樑,🌉,雲林縣,長安里
192989,水邊,23.495015,120.406504,水邊,🌊,嘉義市,西區
192990,高鐵大道,23.4897,120.393761,路邊,🛣️,嘉義縣,南新里
192991,高鐵大道,23.48909,120.395927,公車站,🚌,嘉義縣,西區
192992,北港路,23.482262,120.425967,公車站,🚌,嘉義市,西區
192993,保忠三街,23.510264,120.450066,路邊,🛣️,嘉義市,東區
192994,路邊,23.508278,120.463367,路邊,🛣️,嘉義縣,大崎村
192995,林森東路321巷16弄,23.493717,120.471006,路邊,🛣️,嘉義市,東區
192996,森林,23.490448,120.480621,森林,🌲,嘉義市,東區
192997,文心街51巷,23.482398,120.485869,公園,🌳,嘉義市,東區
192998,公園,23.482624,120.488068,公園,🌳,嘉義市,東區
192999,森林,23.482418,120.496607,森林,🌲,嘉義市,東區
193000,學府路,23.462245,120.481611,大學&學院,🎓,嘉義市,東區
193001,環蘭潭公路,23.467381,120.478308,水邊,🌊,嘉義市,東區
193002,彌陀路,23.46435,120.468475,公園,🌳,嘉義市,東區
193003,路邊,23.461653,120.458403,路邊,🛣️,嘉義市,東區
193004,超市,23.461191,120.458264,超市,🛒,嘉義市,東區
193005,興安國小,23.459832,120.454529,路邊,🛣️,嘉義市,東區
193006,橋樑,23.457421,120.453811,橋樑,🌉,嘉義市,東區
193007,興美六路,23.458523,120.451547,便利店,🏪,嘉義市,東區
193008,興安街203巷21弄,23.459901,120.451193,超市,🛒,嘉義市,東區
193009,三安路77巷,23.460683,120.248424,服裝店,👕,嘉義縣,平和里
193010,路邊,23.502142,120.158409,路邊,🛣️,嘉義縣,鰲鼓村
193011,公車站,23.49394,120.172394,公車站,🚌,嘉義縣,鰲鼓村
193012,公車站,23.484524,120.172488,公車站,🚌,嘉義縣,副瀨村
193013,路邊,23.481827,120.174828,路邊,🛣️,嘉義縣,副瀨村
193014,嘉9,23.481314,120.179697,公車站,🚌,嘉義縣,龍港村
193015,路邊,23.471518,120.1706,路邊,🛣️,嘉義縣,三家村
193016,西部濱海公路,23.462696,120.173853,公園,🌳,嘉義縣,永屯村
193017,水邊,23.412052,120.164332,水邊,🌊,嘉義縣,掌潭村
193018,太平東路549巷,23.377676,120.165987,路邊,🛣️,嘉義縣,光復里
193019,太平東路549巷,23.377853,120.165517,超市,🛒,嘉義縣,光復里
193020,太平路,23.377813,120.1582,郵局,📮,嘉義縣,九龍里
193021,路邊,23.327698,120.160816,路邊,🛣️,嘉義縣,復興里
193022,和順國小,23.306653,120.182145,路邊,🛣️,嘉義縣,官順村
193023,163,23.305687,120.184869,公車站,🚌,嘉義縣,官順村
193024,163,23.304113,120.197966,路邊,🛣️,嘉義縣,西過村
193025,公車站,23.304879,120.204826,公車站,🚌,嘉義縣,西過村
193026,東過路仔,23.305233,120.209975,公車站,🚌,嘉義縣,東過村
193027,嘉27,23.316921,120.222011,路邊,🛣️,嘉義縣,新富村
193028,路邊,23.333946,120.24025,路邊,🛣️,嘉義縣,六桂村
193029,路邊,23.336037,120.249129,路邊,🛣️,嘉義縣,義竹村
193030,172,23.337017,120.245381,超市,🛒,嘉義縣,六桂村
193031,172,23.33743,120.24285,郵局,📮,嘉義縣,仁里村
193032,公車站,23.355457,120.271538,公車站,🚌,嘉義縣,五厝村
193033,路邊,23.364639,120.278144,路邊,🛣️,嘉義縣,中平村
193034,公車站,23.374921,120.286556,公車站,🚌,嘉義縣,光潭村
193035,路邊,23.411393,120.252438,路邊,🛣️,嘉義縣,松華里
193036,嘉16,23.428843,120.273677,路邊,🛣️,嘉義縣,新庄里
193037,大同技術學院太保校區,23.45067,120.290764,大學&學院,🎓,嘉義縣,安仁里
193038,縣府二街,23.457343,120.296729,公園,🌳,嘉義縣,安仁里
193039,博愛路,23.464665,120.296729,公車站,🚌,嘉義縣,東勢里
193040,嘉科一路,23.477145,120.305675,車站,🚉,嘉義縣,東勢里
193041,嘉科一路,23.469035,120.316491,森林,🌲,嘉義縣,東勢里
193042,路邊,23.45892,120.332819,路邊,🛣️,嘉義縣,太保里
193043,路邊,23.454944,120.346938,路邊,🛣️,嘉義縣,前潭里
193044,水邊,23.461319,120.351101,水邊,🌊,嘉義縣,前潭里
193045,嘉朴公路,23.444589,120.367365,橋樑,🌉,嘉義縣,大堀村
193046,機場,23.444436,120.391007,機場,✈️,嘉義縣,粗溪村
193047,路邊,23.435415,120.397363,路邊,🛣️,嘉義縣,粗溪村
193048,中正路,23.42797,120.399888,餐廳,🍴,嘉義縣,水頭村
193049,進學街,23.425785,120.396948,路邊,🛣️,嘉義縣,水上村
193050,第二月台,23.412987,120.386937,車站,🚉,嘉義縣,三鎮村
193051,省北路二段,22.039306,120.735431,機場,✈️,屏東縣,仁壽里
193052,省北路二段531巷,22.039547,120.729828,機場,✈️,屏東縣,仁壽里
193053,山腳路,22.056172,120.730796,路邊,🛣️,屏東縣,保力村
193054,海口路,22.087829,120.714938,路邊,🛣️,屏東縣,海口村
193055,田中路,22.080968,120.713351,路邊,🛣️,屏東縣,田中村
193056,福興路24巷,22.07376,120.712054,水邊,🌊,屏東縣,福興村
193057,新興路,22.072408,120.716269,圖書館,📚,屏東縣,福興村
193058,中山路,22.071285,120.71509,公園,🌳,屏東縣,福興村
193059,北門路,22.073491,120.708009,路邊,🛣️,屏東縣,福興村
193061,國立海洋生物博物館,22.046309,120.701247,路邊,🛣️,屏東縣,後灣村
193062,第一研究中心,22.048754,120.69949,森林,🌲,屏東縣,後灣村
193063,茄苳路,22.035488,120.716441,水邊,🌊,屏東縣,茄湖里
193064,崁頭路,22.023997,120.700599,路邊,🛣️,屏東縣,頭溝里
193065,路邊,22.027259,120.743342,路邊,🛣️,屏東縣,仁壽里
193066,三溝路 代巡巷,22.015695,120.722814,水邊,🌊,屏東縣,四溝里
193067,四溝里社區活動中心,22.010503,120.727257,水邊,🌊,屏東縣,四溝里
193068,草埔路,22.008414,120.739572,飯店,🏨,屏東縣,城西里
193069,恆南路11巷,22.000894,120.742512,郵局,📮,屏東縣,山腳里
193070,環城南路,21.997283,120.742846,超市,🛒,屏東縣,山腳里
193071,恆公路,21.998198,120.741698,水邊,🌊,屏東縣,山腳里
193072,湖內路,21.99407,120.753284,水邊,🌊,屏東縣,山腳里
193074,省北路,22.015575,120.744229,公園,🌳,屏東縣,網紗里
193075,省北路,22.017146,120.744271,公車站,🚌,屏東縣,網紗里
193076,南灣路,21.967888,120.756478,路邊,🛣️,屏東縣,龍水里
193077,頂泉路,21.941056,120.72884,路邊,🛣️,屏東縣,水泉里
193078,水泉國小,21.94086,120.732446,水邊,🌊,屏東縣,水泉里
193079,公園路,21.948778,120.797036,路邊,🛣️,屏東縣,墾丁里
193080,公園路,21.948162,120.804694,森林,🌲,屏東縣,墾丁里
193081,燈塔路,21.903594,120.852311,森林,🌲,屏東縣,鵝鑾里
193082,船帆路676巷,21.934349,120.824567,飯店,🏨,屏東縣,鵝鑾里
193083,林舍路,24.679586,121.690617,路邊,🛣️,宜蘭縣,大義村
193084,上將路三段,24.685473,121.707119,公車站,🚌,宜蘭縣,大義村
193085,義和,24.686641,121.71755,公車站,🚌,宜蘭縣,大義村
193086,文興路二段,24.693504,121.775164,公園,🌳,宜蘭縣,中興村
193087,中正路二段,24.693797,121.771325,公園,🌳,宜蘭縣,中興村
193088,南昌社區活動中心,24.668781,121.773104,公園,🌳,宜蘭縣,南昌里
193089,永清路321巷,24.664415,121.7654,路邊,🛣️,宜蘭縣,清溝村
193090,大吉三路216巷,24.694586,121.801567,飯店,🏨,宜蘭縣,大吉村
193091,自強東路,24.683954,121.800094,路邊,🛣️,宜蘭縣,協和村
193092,親河路二段291巷51弄,24.671356,121.804023,路邊,🛣️,宜蘭縣,協和村
193093,親河路二段,24.673247,121.809149,公車站,🚌,宜蘭縣,協和村
193094,親河路二段213巷,24.673286,121.806018,拉麵店,🍜,宜蘭縣,協和村
193095,親河路二段,24.673432,121.807081,餐廳,🍴,宜蘭縣,協和村
193096,利工一路二段,24.661448,121.832195,公園,🌳,宜蘭縣,成興村
193097,利工一路二段,24.649868,121.835885,公園,🌳,宜蘭縣,成興村
193098,存美路,24.628295,121.841895,路邊,🛣️,宜蘭縣,存仁里
193099,隘界路38巷,24.619156,121.835683,麵包店,🥐,宜蘭縣,隘丁里
193100,新城一路52巷,24.61661,121.823378,車站,🚉,宜蘭縣,新城里
193101,三民路,24.610271,121.845522,森林,🌲,宜蘭縣,港邊里
193102,蘇濱路一段,24.610814,121.854169,路邊,🛣️,宜蘭縣,港邊里
193103,公車站,24.611029,121.855222,公車站,🚌,宜蘭縣,港邊里
193104,功明巷,24.591892,121.85241,路邊,🛣️,宜蘭縣,長安里
193105,國立蘇澳海事,24.592029,121.842431,水邊,🌊,宜蘭縣,蘇西里
193107,聖賢路,24.598564,121.8331,便利店,🏪,宜蘭縣,聖愛里
193108,隘丁,24.615267,121.835328,公車站,🚌,宜蘭縣,隘丁里
193110,安永心,24.615491,121.818286,公車站,🚌,宜蘭縣,新城里
193111,武荖坑路,24.611508,121.813176,公園,🌳,宜蘭縣,新城里
193112,新城一路,24.616632,121.819363,路邊,🛣️,宜蘭縣,新城里
193113,臺灣化學纖維 龍德廠,24.628999,121.817861,路邊,🛣️,宜蘭縣,大興村
193114,富農路一段103巷,24.637228,121.792994,車站,🚉,宜蘭縣,南興村
193115,照安路113巷,24.630108,121.794379,服裝店,👕,宜蘭縣,南興村
193116,全聯福利中心,24.631093,121.795795,超市,🛒,宜蘭縣,香和村
193117,森林,24.128703,121.652379,森林,🌲,花蓮縣,秀林村
193118,中山路,24.123845,121.650108,水邊,🌊,花蓮縣,新城村
193119,秀林國中,24.12496,121.654292,橋樑,🌉,花蓮縣,新城村
193120,中山路,24.123413,121.649112,公車站,🚌,花蓮縣,新城村
193121,公車站,24.128584,121.635856,公車站,🚌,花蓮縣,秀林村
193122,公車站,24.12463,121.631608,公車站,🚌,花蓮縣,秀林村
193123,公車站,24.116131,121.638217,公車站,🚌,花蓮縣,順安村
193124,公車站,24.106786,121.620817,公車站,🚌,花蓮縣,順安村
193125,路邊,24.105318,121.621694,路邊,🛣️,花蓮縣,順安村
193126,景美,24.090292,121.610668,車站,🚉,花蓮縣,景美村
193127,蘇花公路,24.088295,121.612384,公車站,🚌,花蓮縣,康樂村
193128,蘇花公路,24.090998,121.613006,便利店,🏪,花蓮縣,康樂村
193129,蘇花公路,24.076485,121.608944,路邊,🛣️,花蓮縣,康樂村
193130,蘇花公路,24.060301,121.606503,水邊,🌊,花蓮縣,康樂村
193131,神鷹營區,24.034244,121.620103,機場,✈️,花蓮縣,大漢村
193132,北埔,24.032474,121.601055,車站,🚉,花蓮縣,北埔村
193133,花9,24.029301,121.593371,機場,✈️,花蓮縣,佳林村
193134,嘉里路,24.018248,121.610064,路邊,🛣️,花蓮縣,嘉里村
193135,家樂福,24.014785,121.609532,超市,🛒,花蓮縣,嘉里村
193136,嘉新路63巷,24.006552,121.612349,便利店,🏪,花蓮縣,嘉新村
193137,華德街24巷,24.009874,121.621244,大學&學院,🎓,花蓮縣,美崙產業園區
193138,花蓮高爾夫球場,24.006134,121.626932,森林,🌲,花蓮縣,民享里
193139,台泥花蓮廠,24.010407,121.6362,水邊,🌊,花蓮縣,民孝里
193140,民族路,23.996604,121.6294,路邊,🛣️,花蓮縣,民孝里
193141,中美五街,23.994301,121.626473,餐廳,🍴,花蓮縣,民政里
193142,民權七街1巷,23.987313,121.624778,圖書館,📚,花蓮縣,民立里
193143,花崗山田徑場,23.976844,121.614316,公園,🌳,花蓮縣,民權里
193144,東里十五街,23.963243,121.598427,便利店,🏪,花蓮縣,東昌村
193145,化仁國小,23.961351,121.596185,路邊,🛣️,花蓮縣,東昌村
193146,南海八街,23.945629,121.58848,公車站,🚌,花蓮縣,仁安村
193147,廣賢路一段,23.952771,121.577874,路邊,🛣️,花蓮縣,稻香村
193148,中央路一段,23.963963,121.566293,路邊,🛣️,花蓮縣,福興村
193149,吉安路三段,23.966716,121.558827,飯店,🏨,花蓮縣,福興村
193150,福興路,23.973138,121.551423,森林,🌲,花蓮縣,福興村
193151,吉興五街,23.973707,121.557107,路邊,🛣️,花蓮縣,吉安村
193152,華興一街,23.95363,121.556765,路邊,🛣️,花蓮縣,南華村
193153,南華二街,23.954426,121.551001,公車站,🚌,花蓮縣,南華村
193154,吉安路六段,23.949157,121.548195,拉麵店,🍜,花蓮縣,干城村
193155,干城二街,23.946754,121.543303,飯店,🏨,花蓮縣,干城村
193156,干城一街,23.947636,121.545341,路邊,🛣️,花蓮縣,干城村
193157,水邊,23.950646,121.53016,水邊,🌊,花蓮縣,干城村
193158,藍蜻蜓輕航機場,23.896711,121.568521,機場,✈️,花蓮縣,平和村
193159,國立東華大學,23.894334,121.545845,森林,🌲,花蓮縣,平和村
193160,大學路二段,23.889351,121.538699,森林,🌲,花蓮縣,平和村
193161,豐坪路三段,23.869992,121.535989,路邊,🛣️,花蓮縣,共和村
193162,圖書館,23.87077,121.507286,圖書館,📚,花蓮縣,壽豐村
193163,中山路五段,23.864079,121.507092,路邊,🛣️,花蓮縣,壽豐村
193164,中山路,23.846987,121.498379,公車站,🚌,花蓮縣,豐裡村
193165,中山路,23.843513,121.504259,路邊,🛣️,花蓮縣,豐裡村
193166,和平街,23.841275,121.507712,公車站,🚌,花蓮縣,豐裡村
193167,中山路,23.842551,121.491406,公車站,🚌,花蓮縣,豐山村
193168,溪口路251巷,23.822428,121.476325,路邊,🛣️,花蓮縣,溪口村
193169,機場,23.778912,121.473933,機場,✈️,花蓮縣,林榮里
193170,新光兆豐休閒農場,23.787317,121.483805,主題樂園,🎡,花蓮縣,林榮里
193171,自強路,23.782092,121.458188,車站,🚉,花蓮縣,南平里
193172,第二月台,23.745994,121.446601,車站,🚉,花蓮縣,鳳智里
193173,路邊,23.739198,121.450763,路邊,🛣️,花蓮縣,鳳信里
193174,長德街,23.712253,121.417969,車站,🚉,花蓮縣,長橋里
193175,花蓮縣光復鄉立圖書館,23.663581,121.423676,圖書館,📚,花蓮縣,大安村
193176,大進國小,23.655256,121.41947,飯店,🏨,花蓮縣,大進村
193177,中山路一段,23.650618,121.41682,公車站,🚌,花蓮縣,光復鄉
193178,大富大農平地森林園區,23.618832,121.415425,主題樂園,🎡,花蓮縣,光復鄉
193179,尚德街2巷,23.606248,121.389033,車站,🚉,花蓮縣,大豐村
193180,中山路一段,23.605403,121.392647,公車站,🚌,花蓮縣,大富村
193181,中山路一段10巷,23.604813,121.390309,拉麵店,🍜,花蓮縣,大富村
193182,第一月台,23.58037,121.380214,車站,🚉,花蓮縣,富源村
193183,森林,23.584129,121.377121,森林,🌲,花蓮縣,富源村
193184,中正北路一段,23.508908,121.375919,路邊,🛣️,花蓮縣,瑞穗村
193185,民權西路,23.496765,121.37354,公車站,🚌,花蓮縣,瑞穗村
193186,中山路三段,23.493144,121.392978,公車站,🚌,花蓮縣,瑞良村
193187,瑞達路一段,23.4946,121.389868,圖書館,📚,花蓮縣,瑞美村
193188,民權東路,23.492948,121.388346,公園,🌳,花蓮縣,瑞美村
193189,中山路一段,23.49634,121.381351,餐廳,🍴,花蓮縣,瑞美村
193190,民權東路,23.49393,121.379367,超市,🛒,花蓮縣,瑞美村
193191,中正南路一段,23.490822,121.376221,公車站,🚌,花蓮縣,瑞美村
193831,離佳客來，有一點距離的五金行純點,24.111197,120.678377,五金行,🔧,臺中市,大里區
193832,林新醫院旁,24.150027,120.638963,公園,🌳,臺中市,南屯區
193834,全成商號,23.605019,120.482894,服裝店,👕,嘉義縣,三和里
193835,辰翰衣材,24.046246,120.51002,森林,🌲,彰化縣,安溪村
193836,路竹一甲郵局,22.873769,120.270327,郵局,📮,高雄市,路竹區
193837,秀水華龍國小,24.037666,120.513534,圖書館,📚,彰化縣,秀水村
193838,小北百貨-嘉義興達店,23.485563,120.436122,咖啡杯,☕,嘉義市,西區
193839,稚匯公園,25.035829,121.472808,公園,🌳,新北市,板橋區
193840,長江路檳榔攤,25.033983,121.473562,公車站,🚌,新北市,板橋區
193841,寶高園區,24.976734,121.550464,路邊,🛣️,新北市,新店區
193842,絲織工業區服務中心,23.735888,120.545452,公車站,🚌,雲林縣,長安里
193843,S1-3030電信箱,22.96145,120.227542,公車站,🚌,臺南市,東區
193844,uTagGo 鎮宸國軍基隆醫院,25.144467,121.764846,森林,🌲,基隆市,中正區
193845,伸港森林純點,24.154618,120.493888,森林,🌲,彰化縣,大同村
193846,台南永康復國二路18巷-38巷間,23.003588,120.247325,藥局,💊,臺南市,復國里
193847,中原國小,23.972092,121.596638,電影院,🎬,花蓮縣,主權里
193848,7-11鎮北店,22.644155,120.368938,服裝店,👕,高雄市,鳳山區
193849,昌平國小,25.055712,121.455648,麵包店,🥐,新北市,新莊區
193850,艾杰旭二廠工務入口,23.721788,120.510447,路邊,🛣️,雲林縣,虎溪里
193851,長治圖書館,22.676402,120.526124,圖書館,📚,屏東縣,進興村
193852,龍城營區,24.851049,121.229773,機場,✈️,桃園市,富林里
193853,信裕藥局,23.894569,120.368421,藥局,💊,彰化縣,南光里
193854,冬山莢麵包,24.626233,121.79609,麵包店,🥐,宜蘭縣,香和村
193856,陳綢阿嬤基金會,23.969543,120.949037,路邊,🛣️,南投縣,大城里
193858,國立空中大學南投服務處,23.955216,120.688672,服裝店,👕,南投縣,光華里
193859,美術館純點,23.92031,120.53983,美術館,🖼️,彰化縣,永北村
193860,國一民權路,24.968494,121.215902,橋樑,🌉,桃園市,永光里
193862,蔡金春附近,24.491532,120.6895,麵包店,🥐,苗栗縣,平安里
193863,9號冰店 - 仙草雪花冰 嘉義後庄店,23.452583,120.459101,文具店,✏️,嘉義縣,和興村
193864,超商、蘑菇純點,25.010051,121.518742,路邊,🛣️,新北市,永和區
193865,竹林路巷弄,25.01181,121.521963,路邊,🛣️,新北市,永和區
193866,萬波宏匯店,25.056737,121.45076,餐廳,🍴,新北市,新莊區
193867,南區親水公園入口,22.923755,120.175514,海灘,🏖️,臺南市,南區
193868,路邊⋯,22.78874,121.115283,路邊,🛣️,臺東縣,南王里
193869,台東美術館,22.764639,121.150524,美術館,🖼️,臺東縣,寶桑里
193870,中央公園四葉純點,24.190239,120.655213,公園,🌳,臺中市,西屯區
193871,全聯福利中心Pxmart 台東更生,22.773398,121.1306,超市,🛒,臺東縣,南榮里
193872,河堤墾丁渡假酒店停車場,22.012793,120.743778,飯店,🏨,屏東縣,網紗里
193873,成興生鮮,24.410216,120.67941,超市,🛒,苗栗縣,舊社里
193874,鞋子大王旁邊,23.023247,120.261223,文具店,✏️,臺南市,永康里
193875,崧美皮飾有限公司,24.421818,120.677453,服裝店,👕,苗栗縣,福田里
193876,美衣潔智慧綠能自助洗衣,24.33842,120.617018,自助洗衣店&乾洗店,🧺,臺中市,大甲區
193877,崧美皮飾有限公司,24.418003,120.682315,公車站,🚌,苗栗縣,舊社里
193878,仁義潭堤防步道,23.459572,120.505722,水邊,🌊,嘉義縣,內甕村
193879,順家藥局,24.730586,121.093643,美容院,💅,新竹縣,竹東鎮
193880,順達實業股份有限公司,24.06846,120.519426,水邊,🌊,彰化縣,平和里
193881,下埔下公車站,24.444175,118.311682,公車站,🚌,金門縣,湖埔村
193882,築間進去的巷子,24.950371,121.2431,藥局,💊,桃園市,普慶里
193883,派出所後門巷子,24.163351,120.69446,電器行,🔌,臺中市,北屯區
193884,雷令宮,24.257326,120.533209,文具店,✏️,臺中市,梧棲區
193885,明秀公園,24.204881,120.572523,公園,🌳,臺中市,沙鹿區
193886,員水路郵局,23.950784,120.597792,郵局,📮,彰化縣,崙雅里
193887,郵局,23.951073,120.576726,郵局,📮,彰化縣,民生里
193888,八德前程街,24.971422,121.300375,超市,🛒,桃園市,大正里
193889,思源公園兒童遊樂場,24.973628,121.298551,公園,🌳,桃園市,大福里
193890,八方雲集自強店,23.034868,120.26044,餐廳,🍴,臺南市,龍埔里
193891,7-11 孝威店,24.681743,121.809692,便利店,🏪,宜蘭縣,孝威村
193892,大福觀景平台,24.802428,121.819129,海灘,🏖️,宜蘭縣,大福村
193893,中央大學,24.966975,121.185929,大學&學院,🎓,桃園市,雙連里
193894,威天宮旁道路,25.055833,121.335676,森林,🌲,桃園市,大坑里
193895,和窯文創園區,24.850771,121.170526,麵包店,🥐,桃園市,三和里
193896,虎山藝術館,23.950671,120.698696,公園,🌳,南投縣,光榮里
193897,春小樹咖啡店,23.952285,121.550284,咖啡杯,☕,花蓮縣,南華村
193898,民生人行地下道道門口,24.085901,120.540725,文具店,✏️,彰化縣,忠孝里
193899,7-Eleven,25.000215,121.489793,橋樑,🌉,新北市,中和區
193900,千塘行旅,24.934444,121.281593,飯店,🏨,桃園市,福興里
193901,新港路,24.153252,120.486425,水邊,🌊,彰化縣,新港村
193902,埤墘一路,24.142579,120.492336,森林,🌲,彰化縣,埤墘村
193903,水溝邊,24.141954,120.48829,公車站,🚌,彰化縣,新港村
193904,和港路,24.135647,120.488823,水邊,🌊,彰化縣,好修里
193905,必勝客,24.138897,120.488523,義式餐廳,🍝,彰化縣,新港村
193906,燦坤3C-新和美店,24.110972,120.495528,電器行,🔌,彰化縣,和西里
193907,佳佳樂食品五金百貨,24.105932,120.499618,五金行,🔧,彰化縣,山犁里
193908,富田食品廠股份公司對面，崙雅里,23.94936,120.595678,服裝店,👕,彰化縣,崙雅里
193909,全家聚興店,24.203976,120.718873,便利店,🏪,臺中市,潭子區
193910,麥味登 豐原圓環店,24.248384,120.709397,五金行,🔧,臺中市,豐原區
193911,510彰化縣員林市出水里出水巷50號二百崁步道附近,23.942868,120.621672,森林,🌲,彰化縣,出水里
193912,台中大雅交流道同志巷,24.205852,120.658797,森林,🌲,臺中市,西屯區
193914,公園旁,22.766962,121.147055,公園,🌳,臺東縣,新生里
193916,宜蘭冬山鄉喜互惠超市純點,24.655584,121.761125,超市,🛒,宜蘭縣,順安村
193917,華祥路,24.656164,121.760332,便利店,🏪,宜蘭縣,順安村
193918,宜蘭冬山鄉清溝公園純點,24.662894,121.768014,公園,🌳,宜蘭縣,清溝村
193919,乙春堂篸藥行,25.042128,121.135457,藥局,💊,桃園市,草漯里
193920,宜蘭群英村冬山路髮圈純點,24.667532,121.769199,服裝店,👕,宜蘭縣,群英村
193921,花蓮華西路機場純點,24.016299,121.623263,機場,✈️,花蓮縣,民心里
193922,點一碗銷魂鴨肉飯,24.965804,121.232784,超市,🛒,桃園市,幸福里
193923,Marco studio,25.064846,121.628635,公車站,🚌,新北市,汐止區
193924,拉亞漢堡,24.351871,120.623199,餐廳,🍴,臺中市,大甲區
193925,東西七路99巷,24.368349,120.629424,公車站,🚌,臺中市,大甲區
193926,世祥汽材製造廠,23.679571,120.484593,森林,🌲,雲林縣,北銘里
193927,覓覓別墅,24.892268,121.044148,森林,🌲,新竹縣,湖口鄉
193928,自強路,24.68322,121.796405,服裝店,👕,宜蘭縣,五結村
193929,中興文化創意園區,24.693426,121.77126,便利店,🏪,宜蘭縣,中興村
193930,景美博愛銅像,24.990036,121.537542,公園,🌳,臺北市,文山區
193931,全聯,24.037841,120.436042,超市,🛒,彰化縣,福興鄉
193932,秀水湯包,24.050218,120.511289,拉麵店,🍜,彰化縣,安溪村
193933,全聯文山羅斯福,24.997742,121.537644,超市,🛒,臺北市,文山區
193934,宜蘭連大現代生活廣場大樓,24.749373,121.764219,公車站,🚌,宜蘭縣,新東里
193935,頤園行館,24.054317,120.436742,公園,🌳,彰化縣,景福里
193936,雲鑽社區A棟,24.919634,121.209126,超市,🛒,桃園市,平安里
193937,廣泰藥局,24.962889,121.302035,藥局,💊,桃園市,大義里
193938,中強光電股份有限公司竹科廠,24.769129,121.028459,橋樑,🌉,新竹縣,東區
193939,水田,22.89655,120.204042,水邊,🌊,高雄市,湖內區
193940,勝二美術,24.045293,120.45621,美術館,🖼️,彰化縣,番婆村
193942,理想健身房,24.04717,120.449016,森林,🌲,彰化縣,橋頭村
193943,李科勇圖書館純點,24.749677,121.760429,圖書館,📚,宜蘭縣,東村里
193944,榮星花園籃球場,25.063406,121.539534,公園,🌳,臺北市,中山區
193945,仁慈公園旁,22.671941,120.357642,公園,🌳,高雄市,仁武區
193946,台北松山區民族東路678號,25.064485,121.546814,機場,✈️,臺北市,松山區
193947,台北市松山區民族東路668巷3號,25.064551,121.546121,公園,🌳,臺北市,松山區
193948,眼鏡叔叔無煙燒烤,24.915639,121.248692,便利店,🏪,桃園市,華安里
193949,姜䒕鴨薑母鴨專賣店,23.190285,120.254266,甜點店,🍰,臺南市,南勢里
193950,森林純點,23.154042,120.18371,森林,🌲,臺南市,鎮山里
193951,髮圈純點,23.17751,120.221479,服裝店,👕,臺南市,麻口里
193952,遠雄加值園區訪客室外機車停車場,25.093351,121.255531,公車站,🚌,桃園市,海口里
193953,平鎮郵局,24.945645,121.209231,郵局,📮,桃園市,義民里
193954,水門轉運站,22.709605,120.636064,公車站,🚌,屏東縣,水門村
193955,7-11高雄鑫巨蛋,22.672813,120.300361,藥局,💊,高雄市,左營區
193957,衣淨坊自助洗衣,23.46039,120.285768,餐廳,🍴,嘉義縣,大葛里
193958,宜祿泰居家長照,23.112376,120.310835,森林,🌲,臺南市,蓮潭里
193961,新坡國小活動中心,25.014199,121.136937,圖書館,📚,桃園市,新坡里
193962,路邊點,24.978377,121.458081,水邊,🌊,新北市,土城區
193963,路邊廚師純點,24.978531,121.4595,餐廳,🍴,新北市,土城區
193964,洗衣店,22.666757,120.318122,自助洗衣店&乾洗店,🧺,高雄市,三民區
193965,歸仁機場,22.981668,120.279843,機場,✈️,臺南市,七甲里
193966,鳳鳴機器人公園,24.965622,121.334109,公園,🌳,新北市,鶯歌區
193967,永漢路興業路交叉路口,23.080442,120.300046,服裝店,👕,臺南市,港墘里
193968,三民街112巷,23.082221,120.300722,公園,🌳,臺南市,港墘里
193969,大草坪的大石門餐廳,24.835399,121.238949,主題樂園,🎡,桃園市,佳安里
193970,立賢路85號,25.114543,121.502968,公車站,🚌,臺北市,北投區
193971,社子大橋橋頭,25.112266,121.49926,橋樑,🌉,臺北市,北投區
193972,河濱自行車道涼亭,25.114532,121.493232,水邊,🌊,臺北市,北投區
193973,河濱自行車道涼亭,25.115045,121.485354,水邊,🌊,臺北市,北投區
193974,河濱自行車道,25.114005,121.481506,水邊,🌊,臺北市,北投區
193975,河濱自行車道,25.113953,121.476493,公園,🌳,臺北市,北投區
193976,同心公園內壽司點,23.702616,120.434649,壽司,🍣,雲林縣,安慶里
193977,中華賓士大樓車道出口,25.123898,121.468609,橋樑,🌉,臺北市,北投區
193978,北投好市多汽車出口,25.12632,121.47062,咖啡杯,☕,臺北市,北投區
193979,彰化師大校徽,24.082405,120.560733,大學&學院,🎓,彰化縣,復興里
193981,溪州大橋附近,23.796903,120.471952,橋樑,🌉,雲林縣,大園里
193982,許厝公車站牌,24.846653,120.957149,公車站,🚌,新竹縣,竹北市
193983,溪洲郵局附近,23.85039,120.49476,郵局,📮,彰化縣,溪州村
193984,竹義里休閒步道,24.838504,121.002958,森林,🌲,新竹縣,竹北市
193985,WIN企業總部,25.030453,121.428263,服裝店,👕,新北市,新莊區
193986,自由路電器行,23.705039,120.546533,路邊,🛣️,雲林縣,公正里
193987,大學路7-11,23.697918,120.542709,便利店,🏪,雲林縣,社口里
193988,溪湖湖西郵局彰化26支局,23.960414,120.47556,郵局,📮,彰化縣,湖西里
193989,八德東路243號,24.268074,120.537063,公車站,🚌,臺中市,清水區
193990,火燒店車站,23.284297,120.302701,車站,🚉,臺南市,士林里
193991,曾文農工,23.187185,120.262366,大學&學院,🎓,臺南市,南勢里
193992,松玫冰果室,23.17393,120.20753,藥局,💊,臺南市,子龍里
193994,7-ELEVEN 新墘門市,23.082635,120.299038,便利店,🏪,臺南市,港墘里
193995,隱樂燒烤,23.083799,120.301424,公車站,🚌,臺南市,港墘里
193996,晟瑞國際企業有限公司,23.086315,120.304147,水邊,🌊,臺南市,港墘里
193998,台1線&南139線交叉路口,23.090858,120.307169,水邊,🌊,臺南市,大營里
193999,薇格造型沙龍,23.074831,120.297615,服裝店,👕,臺南市,港墘里
194000,目加溜灣大道旁小路,23.119465,120.313074,森林,🌲,臺南市,小新里
194002,東方髮粧,24.837993,121.003734,美容院,💅,新竹縣,竹北市
194003,北投子地界碑,25.178737,121.467998,森林,🌲,新北市,淡水區
194004,岡山金屬股份有限公司,22.796133,120.282602,藥局,💊,高雄市,岡山區
194005,巷弄內美容院純點,22.765921,121.137786,美容院,💅,臺東縣,馬蘭里
194006,佳欣洗衣店,24.942827,121.226248,自助洗衣店&乾洗店,🧺,桃園市,振興里
194007,依視界動物醫院,23.023317,120.232983,公園,🌳,臺南市,東橋里
194008,陸軍專科學校_校徽胸針,24.936561,121.258743,大學&學院,🎓,桃園市,中堅里
194009,特斯拉,25.002979,121.488345,公車站,🚌,新北市,中和區
194010,九德街超市皮,24.111819,120.641459,超市,🛒,臺中市,烏日區
194011,七股 雅凡書坊旁路邊,23.19855,120.157111,郵局,📮,臺南市,西甲里
194013,總統府附近,25.040631,121.512902,路邊,🛣️,臺北市,中正區
194015,五常國小門口,25.064529,121.542604,路邊,🛣️,臺北市,中山區
194016,台灣水泥門口,25.065951,121.287946,公車站,🚌,桃園市,內厝里
194020,新強公園,22.611752,120.341382,公車站,🚌,高雄市,鳳山區
194023,中山西路,22.627706,120.349588,拉麵店,🍜,高雄市,鳳山區
194024,旗山區公所,22.888511,120.483344,拉麵店,🍜,高雄市,旗山區
194027,球場路,22.662158,120.338485,森林,🌲,高雄市,鳥松區
194028,過勇路296巷,22.59166,120.363936,森林,🌲,高雄市,鳳山區
194034,中山西路387巷,22.627525,120.34488,美容院,💅,高雄市,鳳山區
194041,瑞興街,22.608947,120.33143,甜點店,🍰,高雄市,前鎮區
194056,五福二路,22.625286,120.303736,文具店,✏️,高雄市,新興區
194061,曹公圖書館,22.627289,120.357503,圖書館,📚,高雄市,鳳山區
194065,環球路,22.882419,120.260736,大學&學院,🎓,高雄市,路竹區
194067,三商街,22.600111,120.335496,咖啡杯,☕,高雄市,鳳山區
194069,大學二十八街,22.73018,120.290565,餐廳,🍴,高雄市,楠梓區
194070,新富路,22.617741,120.350938,義式餐廳,🍝,高雄市,鳳山區
194071,瑞竹兒童公園,22.626353,120.369079,拉麵店,🍜,高雄市,鳳山區
194073,協和兒童公園,22.625555,120.353265,拉麵店,🍜,高雄市,鳳山區
194074,八德路433巷,22.641718,120.354774,拉麵店,🍜,高雄市,鳳山區
194076,大昌一路,22.65592,120.324443,拉麵店,🍜,高雄市,三民區
194079,右昌聯合醫院,22.713343,120.290856,餐廳,🍴,高雄市,楠梓區
194088,建榮路,22.659774,120.277062,水邊,🌊,高雄市,鼓山區
194089,民昌街287巷,22.721382,120.286246,水邊,🌊,高雄市,楠梓區
194105,河邊街,22.640082,120.281652,車站,🚉,高雄市,鼓山區
194110,星光廣場,22.61433,120.346613,公園,🌳,高雄市,鳳山區
194114,協善心德堂,22.595012,120.328862,森林,🌲,高雄市,鳳山區
194117,大埤路,22.650845,120.356087,公園,🌳,高雄市,鳥松區
194118,立民公園,22.743396,120.337481,公園,🌳,高雄市,楠梓區
194122,龍鳳宮,22.624159,120.274772,森林,🌲,高雄市,鼓山區
194124,基督教鳳山長老教會,22.627904,120.361427,拉麵店,🍜,高雄市,鳳山區
194127,文中街,22.641355,120.355209,五金行,🔧,高雄市,鳳山區
194128,中華路39巷,22.728315,120.349178,藥局,💊,高雄市,大社區
194134,鳳東里,22.628433,120.381983,便利店,🏪,高雄市,鳳山區
194135,海洋一路,22.610038,120.345377,便利店,🏪,高雄市,鳳山區
194145,伊犁街,22.65379,120.277194,便利店,🏪,高雄市,鼓山區
194149,高雄長庚紀念醫院,22.649764,120.354333,郵局,📮,高雄市,鳥松區
194154,正修科技大學,22.650182,120.351173,大學&學院,🎓,高雄市,鳥松區
194236,大學二十二街,22.728256,120.280209,文具店,✏️,高雄市,楠梓區
194804,圖書館,23.755006,120.498927,圖書館,📚,雲林縣,莿桐村
194805,芳苑海邊,23.928406,120.312752,海灘,🏖️,彰化縣,芳中村
194806,北埔郵局,24.041203,121.603589,郵局,📮,花蓮縣,大漢村
194807,正義浸信會,25.039924,121.542024,圖書館,📚,臺北市,大安區
194808,浩鈞有限公司,25.029558,121.466264,路邊,🛣️,新北市,板橋區
194809,泰安停車場,22.902776,120.54225,超市,🛒,高雄市,美濃區
194810,全聯 苓雅中正一店,22.630391,120.325561,咖啡杯,☕,高雄市,苓雅區
194811,天保街150巷,24.175507,120.614756,公車站,🚌,臺中市,西屯區
194812,清和公園純點,24.977402,121.461603,公園,🌳,新北市,土城區
194813,全家 龜山善捷店,25.045389,121.388186,便利店,🏪,桃園市,樂善里
194814,龜山文化公園,25.057245,121.371208,公園,🌳,桃園市,文化里
194815,南進路郵局郵票,22.551562,120.543226,郵局,📮,屏東縣,三共里
194816,路竹車站後方(大同路),22.853538,120.267416,車站,🚉,高雄市,路竹區
194817,高雄市九孔橋,22.825631,120.289819,橋樑,🌉,高雄市,路竹區
194818,全御禾牛角撥經-新竹竹北店,24.806757,121.027027,公園,🌳,新竹縣,竹北市
194819,學甲華宗公園,23.228723,120.181477,公園,🌳,臺南市,仁得里
194820,學甲東寮公車站,23.22493,120.183719,公車站,🚌,臺南市,新榮里
194821,綠的家具旁,24.0674,120.525532,咖啡杯,☕,彰化縣,向陽里
194822,禎祥日照旁,24.113578,120.503832,拉麵店,🍜,彰化縣,竹營里
194823,楓康超市員林莒光店,23.965725,120.566703,超市,🛒,彰化縣,南平里
194824,郭媽媽小吃附近,23.473537,120.460211,餐廳,🍴,嘉義市,東區
194825,青年新城社區管理室旁,25.027104,121.504321,拉麵店,🍜,臺北市,萬華區
194828,大全聯台東,22.772655,121.106038,超市,🛒,臺東縣,豐年里
194829,七星潭大道,24.068147,121.611822,水邊,🌊,花蓮縣,康樂村
194830,七星廣場停車場前,24.031796,121.626542,公園,🌳,花蓮縣,大漢村
194831,三元花園韓式餐廳,24.183018,120.598504,韓國餐廳,🥘,臺中市,西屯區
194832,高雄台船郵局,22.5541,120.345987,郵局,📮,高雄市,小港區
194833,中鋼路,22.552631,120.34914,郵局,📮,高雄市,小港區
194834,旗南二路,22.841756,120.46379,郵局,📮,高雄市,旗山區
194835,新昌街,22.710419,120.299023,郵局,📮,高雄市,楠梓區
194836,前鎮街,22.589594,120.306796,郵局,📮,高雄市,前鎮區
194837,郵局,22.938206,120.462088,郵局,📮,高雄市,内埔
194838,興北巷,22.822728,120.30351,郵局,📮,高雄市,岡山區
194839,建國路一段522巷,22.63597,120.365133,郵局,📮,高雄市,鳳山區
194840,鼓山二路182巷,22.638338,120.2808,郵局,📮,高雄市,鼓山區
194841,中華一路,22.668624,120.285977,郵局,📮,高雄市,鼓山區
194907,新興街,22.887648,120.53159,郵局,📮,高雄市,美濃區
194908,永工二路,22.80863,120.252565,郵局,📮,高雄市,永安區
194909,大寮路779巷,22.592298,120.41619,郵局,📮,高雄市,大寮區
194910,郵局,23.107136,120.699938,郵局,📮,高雄市,六龜區
194911,銀川街,22.64898,120.280203,郵局,📮,高雄市,鼓山區
194912,美術北三路,22.663962,120.29205,郵局,📮,高雄市,鼓山區
194913,和平路三段,22.903755,120.187521,郵局,📮,高雄市,茄萣區
194916,富貴路53巷28弄,22.80548,120.302644,郵局,📮,高雄市,岡山區
194917,松興路69巷,22.573941,120.37223,郵局,📮,高雄市,小港區
194918,中山路,22.77929,120.248726,郵局,📮,高雄市,彌陀區
194919,加昌路415巷,22.718375,120.30944,郵局,📮,高雄市,楠梓區
194920,經四路,22.71987,120.304096,郵局,📮,高雄市,楠梓區
194921,廣東二街112巷,22.618406,120.321247,郵局,📮,高雄市,苓雅區
194922,中崙二路574巷,22.601416,120.350743,郵局,📮,高雄市,鳳山區
194923,茂林巷,22.88651,120.665405,郵局,📮,高雄市,茂林區
194929,東一街,22.601884,120.291757,郵局,📮,高雄市,前鎮區
194939,大明路33巷9弄,22.607415,120.341,郵局,📮,高雄市,鳳山區
194940,大中二路,22.678014,120.317053,郵局,📮,高雄市,左營區
194941,大社路2巷,22.86087,120.261905,郵局,📮,高雄市,路竹區
194942,中正路一段513巷17弄,22.908288,120.215578,郵局,📮,高雄市,湖內區
194944,信義街,22.880792,120.49259,郵局,📮,高雄市,旗山區
194947,大昌一路240巷,22.65707,120.322487,郵局,📮,高雄市,三民區
194951,鳳松路27巷,22.633104,120.360373,郵局,📮,高雄市,鳳山區
194952,四維四路,22.614885,120.29775,郵局,📮,高雄市,苓雅區
194953,後龍巷,22.754422,120.35713,郵局,📮,高雄市,燕巢區
194962,四維街,22.994799,120.636272,郵局,📮,高雄市,六龜區
194966,中興西路42巷,22.691904,120.4314,郵局,📮,高雄市,大樹區
194967,郵局,22.534711,120.401899,郵局,📮,高雄市,林園區
194972,九如二路612巷,22.642749,120.294424,拉麵店,🍜,高雄市,三民區
194973,鳳源路,22.525287,120.345713,藥局,💊,高雄市,小港區
194974,衙慶一街,22.58357,120.323443,橋樑,🌉,高雄市,前鎮區
195125,崇蘭國小門口,22.684473,120.476736,超市,🛒,屏東縣,崇蘭
195126,中正路284巷與經國路二段60巷交叉口,24.813195,120.964989,郵局,📮,新竹市,北區
195127,老地方美食,23.455344,120.288652,餐廳,🍴,嘉義縣,大葛里
195128,神州檜木中埔店,23.445122,120.498235,森林,🌲,嘉義縣,金蘭村
195129,青島餃子,22.683061,120.337688,餐廳,🍴,高雄市,仁武區
195130,國一水上交流道,23.448345,120.369773,森林,🌲,嘉義縣,大堀村
195131,臺北松山機場,25.067658,121.553418,機場,✈️,臺北市,松山區
195132,富暘羽球運動中心,25.040442,121.279989,便利店,🏪,桃園市,蘆興里
195133,文心森林公園,24.14559,120.644724,公園,🌳,臺中市,南屯區
195135,新和國小,25.026561,121.503135,森林,🌲,臺北市,萬華區
195136,六甲區公所,23.231604,120.347504,公車站,🚌,臺南市,二甲里
195236,內埔建興郵局,22.65491,120.57534,郵局,📮,屏東縣,建興村
195237,佳和路,22.415046,120.552125,郵局,📮,屏東縣,佳冬村
195238,滿州郵局,22.01808,120.83785,郵局,📮,屏東縣,滿州村
195239,舊庄39巷,22.1985,120.69058,郵局,📮,屏東縣,楓港村
195240,里港三和路郵局,22.80992,120.50277,郵局,📮,屏東縣,三廍村
195241,南興路1巷,22.4857,120.459722,郵局,📮,屏東縣,中洲村
195242,屏東頭前溪郵局,22.64841,120.46466,郵局,📮,屏東縣,前進里
195243,東山路,22.591097,120.630655,郵局,📮,屏東縣,赤山村
195335,文化三路,22.415284,120.55272,圖書館,📚,屏東縣,佳冬村
195337,復興路86巷,22.676341,120.530843,郵局,📮,屏東縣,進興村
195345,萬巒郵局,22.57111,120.56581,郵局,📮,屏東縣,萬巒村
195346,光明路,22.620919,120.524884,郵局,📮,屏東縣,西勢村
195349,彭厝路,22.742609,120.556567,郵局,📮,屏東縣,新二村
195350,中山路,22.652661,120.524107,郵局,📮,屏東縣,麟洛
195355,郵局,22.369676,120.624047,郵局,📮,屏東縣,春日村
195356,廣東路954巷9弄,22.688484,120.485857,郵局,📮,屏東縣,勝利里
195358,中山南路,22.772181,120.49449,郵局,📮,屏東縣,春林村
195360,中正路二段63巷,22.715234,120.653047,郵局,📮,屏東縣,三地村
195363,民權路48巷,22.3854,120.595899,郵局,📮,屏東縣,人和村
195369,棒球路,22.65573,120.4808,郵局,📮,屏東縣,永安里
195371,玉光巷,22.68208,120.491243,郵局,📮,屏東縣,斯文里
195373,全家便利商店,22.675089,120.600033,郵局,📮,屏東縣,龍潭村
195374,青雲路,22.825971,120.599523,郵局,📮,屏東縣,高樹村
195375,中正路,22.469165,120.451153,郵局,📮,屏東縣,頂中里
195376,延平路,22.632246,120.544604,郵局,📮,屏東縣,豐田村
195418,六合路,22.55131,120.537475,車站,🚉,屏東縣,新生里
195419,赤東六街,22.681812,120.346893,橋樑,🌉,高雄市,仁武區
195428,仙吉路42巷1弄,22.540979,120.460989,郵局,📮,屏東縣,仙吉村
195433,吉林路,22.614977,120.469583,郵局,📮,屏東縣,社口村
195438,瑞光南路,22.638497,120.485729,郵局,📮,屏東縣,龍華里
195441,榮華二街,22.702964,120.573793,郵局,📮,屏東縣,繁華村
195473,舊店路,22.54073,120.513067,便利店,🏪,屏東縣,力社村
195474,全家便利商店,22.65434,120.629717,便利店,🏪,屏東縣,老埤村
195475,新隆路,22.526665,120.624294,便利店,🏪,屏東縣,新置村
195476,同安路,22.84881,120.609123,便利店,🏪,屏東縣,司馬村
195477,7-Eleven,22.49155,120.53269,便利店,🏪,屏東縣,壽元村
195478,屏112,22.50474,120.571804,便利店,🏪,屏東縣,萬隆村
195479,復興巷,22.668122,120.58482,便利店,🏪,屏東縣,大新村
195480,中興路,22.690175,120.532347,便利店,🏪,屏東縣,崙上村
195481,萊爾富,22.488859,120.488403,便利店,🏪,屏東縣,興和里
195482,三民巷,22.680358,120.52015,便利店,🏪,屏東縣,新潭村
195483,九如路三段,22.7566,120.492086,便利店,🏪,屏東縣,耆老村
195484,台灣中油,22.69511,120.505207,便利店,🏪,屏東縣,三山里
195485,7-Eleven,22.539065,120.54872,便利店,🏪,屏東縣,彭城里
195486,通潮路,22.54865,120.571107,便利店,🏪,屏東縣,泗林里
195487,7-Eleven,22.48311,120.54289,便利店,🏪,屏東縣,壽元村
195488,7-Eleven,22.733,120.48442,便利店,🏪,屏東縣,九明村
195489,中山路,22.705625,120.6405,便利店,🏪,屏東縣,水門村
195490,中和路,22.80825,120.501406,便利店,🏪,屏東縣,三廍村
195491,7-Eleven,22.68693,120.60168,便利店,🏪,屏東縣,黎明村
195492,7-Eleven,21.946655,120.73719,便利店,🏪,屏東縣,大光里
195496,萬新路287巷,22.560025,120.48617,便利店,🏪,屏東縣,新鐘村
195497,崙頂路,22.58996,120.461327,便利店,🏪,屏東縣,崙頂村
195498,萊爾富,22.561845,120.5401,便利店,🏪,屏東縣,三共里
195499,機場北路,22.68625,120.472257,便利店,🏪,屏東縣,崇陽里
195500,超群汽車駕駛人訓練班,22.535041,120.550631,便利店,🏪,屏東縣,彭城里
195501,光明路,22.61967,120.526033,便利店,🏪,屏東縣,西勢村
195502,大武路,22.660719,120.473377,便利店,🏪,屏東縣,清溪里
195503,龍門路,22.61699,120.521887,便利店,🏪,屏東縣,西勢村
195506,全家便利商店,22.473925,120.460196,便利店,🏪,屏東縣,新街里
195507,德新路,22.695798,120.5482,便利店,🏪,屏東縣,德協村
195508,大潭路,22.454719,120.490614,便利店,🏪,屏東縣,大潭里
195509,中山路三段,22.244254,120.665145,便利店,🏪,屏東縣,枋山村
195511,中山路2巷,22.018771,120.839064,便利店,🏪,屏東縣,滿州村
195516,保長厝街227巷,22.580021,120.48658,便利店,🏪,屏東縣,寶厝村
195518,臨海路二段7巷,22.404405,120.579426,便利店,🏪,屏東縣,東海村
195521,清涼路一段,22.6963,120.62968,便利店,🏪,屏東縣,隘寮村
195522,便利店,22.695951,120.59972,便利店,🏪,屏東縣,三和村
195523,萊爾富,22.51903,120.56131,便利店,🏪,屏東縣,九塊里
195525,平和路,22.73908,120.584216,便利店,🏪,屏東縣,高朗村
195526,萊爾富,22.69452,120.62916,便利店,🏪,屏東縣,隘寮村
195527,盛春路,22.553385,120.57759,便利店,🏪,屏東縣,四春里
195528,里義路,22.61777,120.541233,便利店,🏪,屏東縣,富田村
195529,南山路,22.631452,120.59757,便利店,🏪,屏東縣,老埤村
195530,全家便利商店,22.67311,120.52252,便利店,🏪,屏東縣,潭頭村
195531,壽比路,22.631925,120.596323,便利店,🏪,屏東縣,老埤村
195532,全家便利商店,22.61693,120.5776,便利店,🏪,屏東縣,興南村
195533,7-Eleven,22.46265,120.44388,便利店,🏪,屏東縣,豐漁里
195534,建業路,22.638403,120.54565,便利店,🏪,屏東縣,豐田村
195535,萊爾富,22.48661,120.4724,便利店,🏪,屏東縣,興農里
195536,全家便利商店,22.71744,120.53183,便利店,🏪,屏東縣,德和村
195537,萬年路,22.54258,120.532067,便利店,🏪,屏東縣,永春里
195540,7-Eleven,22.44585,120.55978,便利店,🏪,屏東縣,昌隆村
195542,三民路,22.78717,120.614974,便利店,🏪,屏東縣,泰山村
195545,全家便利商店,22.47605,120.46597,便利店,🏪,屏東縣,東新里
195546,北寧路,22.61991,120.566047,便利店,🏪,屏東縣,東寧村
195548,自治街,22.742228,120.558482,便利店,🏪,屏東縣,新圍村
195550,7-Eleven,22.73874,120.55531,便利店,🏪,屏東縣,新二村
195551,7-Eleven,22.65077,120.46441,便利店,🏪,屏東縣,前進里
195552,7-Eleven,22.60209,120.466897,便利店,🏪,屏東縣,上村村
195553,屏35,22.709435,120.647967,便利店,🏪,屏東縣,北葉村
195554,7-Eleven,22.74678,120.49054,便利店,🏪,屏東縣,耆老村
195555,龍善路2巷,22.672486,120.601097,便利店,🏪,屏東縣,龍潭村
195556,7-Eleven,22.48099,120.46698,便利店,🏪,屏東縣,內關帝里
195560,新中路,22.629069,120.54325,便利店,🏪,屏東縣,振豐村
195561,7-Eleven,22.02078,120.74401,便利店,🏪,屏東縣,網紗里
195562,7-Eleven,22.68366,120.50791,便利店,🏪,屏東縣,大連里
195563,光明路,22.53917,120.537767,便利店,🏪,屏東縣,光春里
195564,東山路,22.590676,120.629753,便利店,🏪,屏東縣,赤山村
195565,新鐘路127巷16弄,22.560796,120.484546,便利店,🏪,屏東縣,新鐘村
195566,全家便利商店,22.55369,120.54834,便利店,🏪,屏東縣,三星里
195568,勝利路,22.388038,120.59596,便利店,🏪,屏東縣,地利村
195569,漁港便利超商,22.47635,120.44007,便利店,🏪,屏東縣,共和村
195570,和生路二段,22.653595,120.47558,便利店,🏪,屏東縣,前進里
195572,壽比路,22.633649,120.59807,便利店,🏪,屏東縣,老埤村
195574,公裕街,22.68959,120.490827,便利店,🏪,屏東縣,北勢頭
195575,7-Eleven,22.58929,120.48684,便利店,🏪,屏東縣,萬後村
195576,全家便利商店,22.54501,120.54394,便利店,🏪,屏東縣,潮州
195579,信義路,22.82373,120.598986,便利店,🏪,屏東縣,長榮村
195580,大成路,22.461845,120.457467,便利店,🏪,屏東縣,東津里
195581,新東路,22.527919,120.453457,便利店,🏪,屏東縣,新東村
195582,蝦皮店到店,22.47265,120.46074,便利店,🏪,屏東縣,新街里
195583,萊爾富,22.47807,120.44015,便利店,🏪,屏東縣,鹽埔村
195584,屏東榮民總醫院,22.66478,120.4733,便利店,🏪,屏東縣,崇武里
195585,7-Eleven,22.49145,120.53744,便利店,🏪,屏東縣,壽元村
195586,南寧路,22.619919,120.562203,便利店,🏪,屏東縣,東寧村
195588,新中路,22.467409,120.549187,便利店,🏪,屏東縣,新埤村
195589,文化路,22.55854,120.543863,便利店,🏪,屏東縣,三共里
195590,光陽街,22.541205,120.537471,便利店,🏪,屏東縣,永春里
195591,萬興路,22.593436,120.610993,便利店,🏪,屏東縣,萬金村
195598,田寮巷,22.67394,120.509876,便利店,🏪,屏東縣,田寮
195605,學府路,22.64099,120.594357,便利店,🏪,屏東縣,老埤村
195606,萊爾富,22.72304,120.61127,便利店,🏪,屏東縣,振興村
195607,自強一路,22.42784,120.626821,便利店,🏪,屏東縣,玉泉村
195608,美華路,22.438265,120.518371,便利店,🏪,屏東縣,永樂村
195609,富漁五路,22.460311,120.447751,便利店,🏪,屏東縣,興漁里
195612,7-Eleven,22.63609,120.57316,便利店,🏪,屏東縣,東勢村
195615,博愛路,22.680735,120.48088,便利店,🏪,屏東縣,空翔里
195617,民族路,22.651464,120.527347,便利店,🏪,屏東縣,麟洛
195618,丹榮路,22.589135,120.492446,便利店,🏪,屏東縣,萬全村
195629,建國路119巷,22.664216,120.480803,便利店,🏪,屏東縣,崇武里
195637,大信路157巷,22.61848,120.471903,便利店,🏪,屏東縣,社中村
195638,公裕街503巷,22.689768,120.49877,便利店,🏪,屏東縣,北勢頭
195642,東寧路,22.732716,120.4904,便利店,🏪,屏東縣,東寧村
195644,文化路,22.513511,120.513153,便利店,🏪,屏東縣,崁頂村
195645,華一街,22.682891,120.501283,便利店,🏪,屏東縣,華山里
195650,美和中學,22.600819,120.55913,便利店,🏪,屏東縣,美和村
195656,南興路,22.491885,120.45911,便利店,🏪,屏東縣,興龍村
195657,恆南路,21.990836,120.746636,便利店,🏪,屏東縣,山腳里
195658,便利店,22.63135,120.54321,便利店,🏪,屏東縣,豐田村
195662,中山路4巷,22.020271,120.839455,便利店,🏪,屏東縣,滿州村
195663,全家便利商店,22.80906,120.50229,便利店,🏪,屏東縣,三廍村
195664,新東路,22.537876,120.459314,便利店,🏪,屏東縣,仙吉村
195666,屏東縣立大同高級中學,22.677922,120.47485,便利店,🏪,屏東縣,潭墘
195667,廣安路,22.611935,120.485563,便利店,🏪,屏東縣,廣安村
195671,佳和路,22.410569,120.562364,便利店,🏪,屏東縣,佳冬村
195687,琉球國小,22.33879,120.368969,便利店,🏪,屏東縣,大福村
195688,香社路,22.563229,120.47183,便利店,🏪,屏東縣,香社村
195689,溫泉路,22.093172,120.74856,便利店,🏪,屏東縣,溫泉村
195691,中正路82巷,22.58464,120.545283,便利店,🏪,屏東縣,竹田村
195692,文化街,22.469691,120.548586,便利店,🏪,屏東縣,新埤村
195693,中山路二段,22.382506,120.596303,便利店,🏪,屏東縣,人和村
195694,光復路350巷,22.669584,120.474523,便利店,🏪,屏東縣,長安
195697,屏鵝公路,22.199249,120.689005,便利店,🏪,屏東縣,楓港村
195698,廣東路1586巷35弄,22.683474,120.474333,便利店,🏪,屏東縣,崇陽里
195701,南華街,22.701166,120.574919,便利店,🏪,屏東縣,繁華村
195702,信義路,22.777009,120.490429,便利店,🏪,屏東縣,玉田村
195703,鹽龍路,22.481389,120.442951,便利店,🏪,屏東縣,鹽埔村
195712,三民巷,22.432359,120.562953,便利店,🏪,屏東縣,石光村
195713,褒忠路,22.572991,120.569363,便利店,🏪,屏東縣,萬和村
195719,嘉漁街,22.458995,120.449964,便利店,🏪,屏東縣,興漁里
195825,長興路,22.67887,120.519861,便利店,🏪,屏東縣,新潭村
195826,新鐘路,22.561693,120.486907,便利店,🏪,屏東縣,新鐘村
195829,光復路2巷,22.474593,120.443897,便利店,🏪,屏東縣,共和村
195830,壽比路189巷,22.632647,120.595506,便利店,🏪,屏東縣,老埤村
195834,神農路,22.712348,120.537748,便利店,🏪,屏東縣,德和村
195843,興東路,22.479901,120.465433,便利店,🏪,屏東縣,內關帝里
195846,中山路3巷,22.434057,120.514276,便利店,🏪,屏東縣,仁和村
195859,勝利路,22.757252,120.576233,便利店,🏪,屏東縣,鹽中村
195872,光復路,22.754904,120.57782,便利店,🏪,屏東縣,鹽南村
195875,綏平路,22.61899,120.561837,美容院,💅,屏東縣,東寧村
195876,大光國小,21.9517,120.739811,拉麵店,🍜,屏東縣,大光里
195878,崁頂國小,22.514242,120.51208,便利店,🏪,屏東縣,崁頂村
195879,茄苳路,22.776791,120.515083,超市,🛒,屏東縣,茄苳村
195880,南灣路,21.973176,120.75486,公車站,🚌,屏東縣,南灣里
195881,朝昇東路,22.551127,120.548788,超市,🛒,屏東縣,潮州
195882,興中路2巷,22.822251,120.599983,超市,🛒,屏東縣,長榮村
195883,振興路,22.512536,120.512176,超市,🛒,屏東縣,崁頂村
195884,進源街,22.678148,120.5289,超市,🛒,屏東縣,進興村
195886,光明路,22.537915,120.536126,超市,🛒,屏東縣,光春里
195888,丹榮路,22.586589,120.493346,超市,🛒,屏東縣,萬生村
195889,龍興路,22.677061,120.601977,超市,🛒,屏東縣,龍潭村
195890,全聯福利中心,22.61627,120.47263,超市,🛒,屏東縣,社皮村
195893,八德路,22.774985,120.49137,超市,🛒,屏東縣,玉田村
195895,大武路,22.663534,120.47276,超市,🛒,屏東縣,清溪里
195896,全聯福利中心,22.478555,120.46699,超市,🛒,屏東縣,東新里
195900,繁榮街,22.70471,120.575016,超市,🛒,屏東縣,繁榮村
195901,中山路4巷,22.01963,120.839549,超市,🛒,屏東縣,滿州村
195902,台灣自來水公司東港營運所,22.464071,120.455267,超市,🛒,屏東縣,共和里
195906,新源街85巷,22.678214,120.525845,超市,🛒,屏東縣,新潭村
195907,復興南路一段,22.65082,120.485917,超市,🛒,屏東縣,新生里
195908,全聯福利中心,22.73478,120.487917,超市,🛒,屏東縣,九清村
195917,榮吉街,22.552278,120.535817,超市,🛒,屏東縣,蓬萊里
195918,勝光路61巷,22.614499,120.572197,超市,🛒,屏東縣,內埔村
195920,合作街76巷,22.655441,120.48278,超市,🛒,屏東縣,永安里
195921,814百貨生鮮超市,22.61486,120.5708,超市,🛒,屏東縣,內埔村
195922,元泰街268巷,22.58966,120.490326,超市,🛒,屏東縣,萬全村
195925,三進六巷,22.555335,120.540926,超市,🛒,屏東縣,三共里
195927,里港路158巷5弄,22.776943,120.497719,超市,🛒,屏東縣,春林村
195931,延平路,22.468582,120.44925,超市,🛒,屏東縣,頂中里
195936,建華三街,22.667517,120.484475,超市,🛒,屏東縣,建國里
196042,仙吉路,22.548372,120.464043,拉麵店,🍜,屏東縣,仙吉村
196043,屏109-1,22.55009,120.610937,咖啡杯,☕,屏東縣,新置村
196044,船頭路,22.450009,120.48176,咖啡杯,☕,屏東縣,大潭里
196047,木鋤造樸咖啡,22.37737,120.597887,咖啡杯,☕,屏東縣,人和村
196051,東山路,22.59168,120.620734,咖啡杯,☕,屏東縣,赤山村
196054,杉板路,22.339571,120.367686,咖啡杯,☕,屏東縣,上福村
196055,Coffee Time,22.46548,120.45949,咖啡杯,☕,屏東縣,東津里
196056,屏鵝公路,22.30058,120.644228,咖啡杯,☕,屏東縣,加祿村
196058,建國路,22.66527,120.474483,咖啡杯,☕,屏東縣,安鎮里
196060,本漁路,22.350495,120.382102,咖啡杯,☕,屏東縣,本福村
196061,恆春鎮公所,22.003069,120.748085,咖啡杯,☕,屏東縣,城南里
196065,和平路3巷,22.334426,120.37155,咖啡杯,☕,屏東縣,大福村
196078,大憲街,22.589661,120.488474,咖啡杯,☕,屏東縣,萬全村
196090,華二街172巷33弄,22.683694,120.499577,咖啡杯,☕,屏東縣,華山里
196094,50嵐,22.82539,120.60029,咖啡杯,☕,屏東縣,高樹村
196095,廣濟路21巷,22.609579,120.56455,咖啡杯,☕,屏東縣,內田村
196108,大武山二街,22.604845,120.611424,咖啡杯,☕,屏東縣,泰武村
196113,永光路,22.608545,120.563286,咖啡杯,☕,屏東縣,內田村
196345,高原街,22.682232,120.48375,拉麵店,🍜,屏東縣,空翔里
196347,東陽街,22.61433,120.567833,公園,🌳,屏東縣,內埔村
196348,環山路,22.678137,120.635381,森林,🌲,屏東縣,隘寮村
196351,悠客馬場馬術渡假中心,22.07721,120.73392,飯店,🏨,屏東縣,統埔村
196361,優生美地休閒農場,22.090541,120.745598,飯店,🏨,屏東縣,溫泉村
196369,清海民宿,22.33741,120.36724,飯店,🏨,屏東縣,上福村
196370,歐洲花園汽車旅館,22.7291,120.48161,飯店,🏨,屏東縣,九明村
196371,中華路,22.33827,120.365457,飯店,🏨,屏東縣,上福村
196374,復興路,22.34903,120.371427,飯店,🏨,屏東縣,上福村
196674,潮州路,22.566949,120.53837,橋樑,🌉,屏東縣,竹南村
196690,新墾丁遊戲主題餐廳,22.014394,120.742172,飯店,🏨,屏東縣,網紗里
196693,後灣路,22.0427,120.70264,飯店,🏨,屏東縣,後灣村
196695,溫泉路,22.092721,120.747855,飯店,🏨,屏東縣,溫泉村
196705,光復路一段29巷,22.508741,120.531244,飯店,🏨,屏東縣,檨子里
196706,南風民宿網,22.33392,120.36587,飯店,🏨,屏東縣,南福村
196709,墾丁路,21.945928,120.79244,飯店,🏨,屏東縣,墾丁里
196715,復興路,22.343129,120.364766,飯店,🏨,屏東縣,杉福村
196716,彩茶花園民宿,22.34767,120.3707,飯店,🏨,屏東縣,上福村
196718,墾丁怡灣渡假酒店,22.00944,120.741268,飯店,🏨,屏東縣,網紗里
196722,恆福一街,22.010254,120.746984,飯店,🏨,屏東縣,網紗里
196725,沿海五路,22.465508,120.46052,飯店,🏨,屏東縣,東津里
196734,恆南路77巷22弄,21.99557,120.744231,飯店,🏨,屏東縣,山腳里
196737,飯店,22.34326,120.367193,飯店,🏨,屏東縣,上福村
196739,民族路,22.35304,120.379859,飯店,🏨,屏東縣,本福村
196976,洛陽街,22.684389,120.482107,超市,🛒,屏東縣,崇蘭
196977,格尚庭園汽車旅館,22.66774,120.4736,橋樑,🌉,屏東縣,安鎮里
196978,延平一路,22.666965,120.48417,公園,🌳,屏東縣,建國里
197032,文化路,22.095049,120.749277,飯店,🏨,屏東縣,溫泉村
197036,椰林渡假村,22.352209,120.379262,飯店,🏨,屏東縣,本福村
197048,四溝路,22.009552,120.71875,飯店,🏨,屏東縣,四溝里
197275,機場,22.352556,120.377968,機場,✈️,屏東縣,本福村
197281,東門路,22.004629,120.747427,五金行,🔧,屏東縣,城北里
197353,冬根路,22.417446,120.546981,拉麵店,🍜,屏東縣,六根村
197437,鹽埔鄉立圖書館,22.74232,120.551616,圖書館,📚,屏東縣,新二村
197438,赤山萬金多功能活動中心,22.596495,120.613953,圖書館,📚,屏東縣,萬金村
197441,公正路,22.47883,120.439289,圖書館,📚,屏東縣,共和村
197446,仁愛路26巷1弄,22.78012,120.493179,圖書館,📚,屏東縣,過江村
197448,新園鄉公所,22.543956,120.461723,圖書館,📚,屏東縣,仙吉村
197451,文化路,22.024025,120.838042,圖書館,📚,屏東縣,滿州村
197452,恆春鎮衛生所,22.003281,120.74694,圖書館,📚,屏東縣,城南里
197465,萬丹鄉立圖書館,22.588858,120.484909,圖書館,📚,屏東縣,萬後村
197471,豐源路,22.826193,120.6015,圖書館,📚,屏東縣,高樹村
197485,中正路,22.470205,120.550073,圖書館,📚,屏東縣,新埤村
197497,加祿國小枋山分校,22.261204,120.651387,海灘,🏖️,屏東縣,枋山村
197498,餐廳,22.627729,120.543686,餐廳,🍴,屏東縣,振豐村
197499,成功路,22.652518,120.525672,美容院,💅,屏東縣,麟蹄村
197500,長春街,22.6807,120.494096,餐廳,🍴,屏東縣,溝美里
197501,餐廳,22.433865,120.480024,餐廳,🍴,屏東縣,南平里
197502,中正路,22.758366,120.616913,餐廳,🍴,屏東縣,廣福村
197503,光明路,22.458891,120.5026,餐廳,🍴,屏東縣,鎮安村
197504,塭田路,22.410596,120.522287,餐廳,🍴,屏東縣,塭豐村
197507,湘港水產,22.720225,120.55254,餐廳,🍴,屏東縣,新二村
197509,玻璃心空景觀餐廳,22.45986,120.527567,餐廳,🍴,屏東縣,竹林村
197512,中興路,22.410955,120.520096,餐廳,🍴,屏東縣,塭豐村
197514,吃尚香,22.41827,120.50847,餐廳,🍴,屏東縣,水利村
197515,圓味肉骨茶,22.05702,120.72494,餐廳,🍴,屏東縣,保力村
197516,粮田集,22.53675,120.54383,餐廳,🍴,屏東縣,富春里
197518,品福美饌會館,22.69987,120.56498,餐廳,🍴,屏東縣,繁華村
197519,恆公路,21.999699,120.740636,餐廳,🍴,屏東縣,山腳里
197521,癮石男女柴燒麵,22.70779,120.57833,餐廳,🍴,屏東縣,繁昌村
197522,洪記牛肉湯,22.58266,120.48461,餐廳,🍴,屏東縣,寶厝村
197523,公成路,22.6375,120.480637,餐廳,🍴,屏東縣,龍華里
197524,金來麵食,22.19201,120.68961,餐廳,🍴,屏東縣,善餘村
197529,草地人小館,22.78716,120.56302,餐廳,🍴,屏東縣,新南村
197530,屏鵝公路,22.202411,120.688773,餐廳,🍴,屏東縣,楓港村
197531,餐廳,22.202381,120.687495,餐廳,🍴,屏東縣,楓港村
197535,大光路,21.933779,120.732086,餐廳,🍴,屏東縣,大光里
197536,南興路,22.595735,120.45992,餐廳,🍴,屏東縣,厦南村
197538,斗笠阿嬤烤鳥魷魚,22.19257,120.69175,餐廳,🍴,屏東縣,善餘村
197539,成功路,22.779245,120.496189,餐廳,🍴,屏東縣,永春村
197544,客家牛,22.66998,120.51077,餐廳,🍴,屏東縣,香楊脚
197545,砂尾路,21.957145,120.738866,餐廳,🍴,屏東縣,大光里
197547,南灣路,21.971465,120.755218,餐廳,🍴,屏東縣,南灣里
197552,大同路,22.488549,120.54044,餐廳,🍴,屏東縣,壽元村
197553,屏鵝公路,22.332875,120.617288,餐廳,🍴,屏東縣,加祿村
197560,惠崙路,22.585225,120.485157,餐廳,🍴,屏東縣,萬惠村
197561,屏鵝公路,22.19439,120.6933,餐廳,🍴,屏東縣,善餘村
197564,屏鵝公路,22.295186,120.644603,餐廳,🍴,屏東縣,加祿村
197565,餐廳,22.330869,120.619574,餐廳,🍴,屏東縣,加祿村
197567,復興路,22.343865,120.363488,餐廳,🍴,屏東縣,杉福村
197571,餐廳,22.32211,120.631491,餐廳,🍴,屏東縣,加祿村
197574,漁港街,21.94609,120.738252,餐廳,🍴,屏東縣,大光里
197575,藍色海灣,22.34976,120.368903,餐廳,🍴,屏東縣,杉福村
197580,建興路,22.387081,120.592961,餐廳,🍴,屏東縣,地利村
197581,長治鄉第二公墓,22.6926,120.538784,餐廳,🍴,屏東縣,崙上村
197582,阿英漂流木鮪魚飯湯,22.4096,120.52324,餐廳,🍴,屏東縣,塭豐村
197583,下泉路,21.934349,120.723596,餐廳,🍴,屏東縣,水泉里
197585,過江路,22.78442,120.497767,餐廳,🍴,屏東縣,過江村
197586,歸仁路,22.656529,120.50432,餐廳,🍴,屏東縣,歸來
197587,薛臭豆腐,22.02379,120.84066,餐廳,🍴,屏東縣,滿州村
197590,傅家麵店,22.59288,120.4909,餐廳,🍴,屏東縣,萬全村
197591,高原街86巷7弄,22.68531,120.483817,餐廳,🍴,屏東縣,崇蘭
197593,來我家吧,22.591,120.49086,餐廳,🍴,屏東縣,萬全村
197594,大昌路,22.61685,120.466907,餐廳,🍴,屏東縣,社皮村
197596,大同路43巷,22.666474,120.47584,餐廳,🍴,屏東縣,安鎮里
197597,屏東縣政府警察局枋寮分局獅子分駐所,22.201715,120.704132,餐廳,🍴,屏東縣,楓林村
197599,阿鳳麵店,22.69362,120.54857,餐廳,🍴,屏東縣,德成村
197600,信義路,22.32924,120.355453,餐廳,🍴,屏東縣,天福村
197602,建國路,22.66404,120.486683,餐廳,🍴,屏東縣,一心里
197604,中山路,22.351131,120.382056,餐廳,🍴,屏東縣,本福村
197605,省北路二段,22.052091,120.722123,餐廳,🍴,屏東縣,仁壽里
197610,國中路26巷,22.26382,120.652589,餐廳,🍴,屏東縣,枋山村
197611,餐廳,22.672068,120.50135,餐廳,🍴,屏東縣,豐源里
197613,華中街,22.70409,120.5752,餐廳,🍴,屏東縣,繁榮村
197617,中華路,22.3447,120.368781,餐廳,🍴,屏東縣,上福村
197618,春日路,22.369559,120.625381,餐廳,🍴,屏東縣,春日村
197626,久港美食,22.49372,120.51156,餐廳,🍴,屏東縣,溪北村
197630,瀋陽街8巷,22.679476,120.492847,餐廳,🍴,屏東縣,斯文里
197632,莊敬街二段,22.69011,120.501507,餐廳,🍴,屏東縣,中正里
197633,湖內路3巷,21.992425,120.74824,餐廳,🍴,屏東縣,山腳里
197637,和平路,22.337772,120.37006,餐廳,🍴,屏東縣,大福村
197638,婆婆媽媽私房菜,22.34646,120.37122,餐廳,🍴,屏東縣,上福村
197643,餐廳,22.189701,120.691115,餐廳,🍴,屏東縣,善餘村
197644,屏菸1936文化基地,22.662191,120.50497,餐廳,🍴,屏東縣,瑞光里
197646,中山路二段275巷,22.385385,120.594151,餐廳,🍴,屏東縣,人和村
197649,餐廳,22.682079,120.49575,餐廳,🍴,屏東縣,溝美里
197651,仁愛路,22.335695,120.372323,餐廳,🍴,屏東縣,大福村
197656,回香牛肉麵,22.68923,120.50223,餐廳,🍴,屏東縣,中正里
197657,山腳路,22.00268,120.752772,餐廳,🍴,屏東縣,山腳里
197658,海伯牛肉麵店,22.68876,120.60272,餐廳,🍴,屏東縣,黎明村
197661,晨間廚房,22.68994,120.49753,餐廳,🍴,屏東縣,北勢頭
197663,董娘的店,21.99568,120.74698,餐廳,🍴,屏東縣,山腳里
197666,朝昇路,22.55615,120.541403,餐廳,🍴,屏東縣,三共里
197669,中興路233巷,22.614692,120.56925,餐廳,🍴,屏東縣,內埔村
197674,水源路,22.701216,120.573287,餐廳,🍴,屏東縣,繁華村
197712,餐廳,22.02125,120.839899,餐廳,🍴,屏東縣,滿州村
197716,本漁路,22.350315,120.381303,餐廳,🍴,屏東縣,本福村
197723,高豐街,22.675425,120.501937,餐廳,🍴,屏東縣,田寮
197729,民享一路62巷,22.67327,120.497864,餐廳,🍴,屏東縣,豐榮里
197776,民利路,22.66899,120.49717,餐廳,🍴,屏東縣,橋北里
197785,萬壽路二段,22.58677,120.48875,餐廳,🍴,屏東縣,萬安村
197795,明禮路199巷,22.47349,120.461581,餐廳,🍴,屏東縣,新街里
197812,民貴二街,22.674511,120.498314,餐廳,🍴,屏東縣,豐榮里
197813,民和國小,22.669785,120.496634,餐廳,🍴,屏東縣,橋北里
197818,餐廳,22.683951,120.481558,餐廳,🍴,屏東縣,崇蘭
197823,上杉路,22.343455,120.367933,餐廳,🍴,屏東縣,上福村
197836,長青巷,22.656813,120.573875,餐廳,🍴,屏東縣,建興村
197842,新建路,22.477272,120.560486,餐廳,🍴,屏東縣,建功村
197856,勝利路,22.799818,120.582863,餐廳,🍴,屏東縣,田子村
198869,富豐路,22.619042,120.544717,咖啡杯,☕,屏東縣,富田村
198870,明東路,22.618804,120.547335,拉麵店,🍜,屏東縣,富田村
198871,船頭路,22.463866,120.458437,公車站,🚌,屏東縣,東津里
198872,頂寮里文化廣場,24.266307,120.532304,公園,🌳,臺中市,梧棲區
198873,竹蓮國小後方,24.796631,120.973167,公園,🌳,新竹市,東區
198874,東光園路100巷的巷口,24.12544,120.696418,圖書館,📚,臺中市,東區
198875,回憶小時候 鼓山龍德店,22.653839,120.300008,森林,🌲,高雄市,鼓山區
198876,惠城公園幸運草,24.158242,120.637438,公園,🌳,臺中市,西屯區
198877,大仁街105巷,24.927657,121.225076,公園,🌳,桃園市,北富里
198878,711鹿棋門市,24.082636,120.475516,便利店,🏪,彰化縣,溝墘里
198879,羅東格林美語,24.673806,121.773459,文具店,✏️,宜蘭縣,開明里
198880,Yellow house,21.97794,120.7545,公園,🌳,屏東縣,南灣里
198881,陽濟路1巷,22.6128,120.56918,自助洗衣店&乾洗店,🧺,屏東縣,內埔村
198882,公正四街114巷,22.6845,120.488176,拉麵店,🍜,屏東縣,勝利里
198883,建國路107巷,22.664012,120.48167,藥局,💊,屏東縣,崇武里
198884,元泰街61巷,22.585346,120.489805,圖書館,📚,屏東縣,萬生村
198885,平和路,22.503519,120.475166,超市,🛒,屏東縣,港東村
198887,埔墘營區,22.051302,120.715012,公園,🌳,屏東縣,埔墘村
198888,國立屏東科技大學,22.644835,120.60562,大學&學院,🎓,屏東縣,老埤村
198891,國立屏東科技大學,22.64295,120.60881,大學&學院,🎓,屏東縣,中林村
198903,大仁科技大學,22.728107,120.545052,大學&學院,🎓,屏東縣,新二村
198905,國立屏東科技大學,22.644051,120.612489,大學&學院,🎓,屏東縣,中林村
198910,國立屏東大學屏商校區,22.657697,120.509898,大學&學院,🎓,屏東縣,瑞光里
198924,大仁科技大學,22.726908,120.542016,大學&學院,🎓,屏東縣,新二村
198929,民生路,22.664972,120.503999,大學&學院,🎓,屏東縣,瑞光里
198933,北葉國小,22.707126,120.645809,體育館,🏋️,屏東縣,北葉村
198951,新屏42,22.668461,120.46619,機場,✈️,屏東縣,六塊厝
198952,信義國小,22.68579,120.492487,餐廳,🍴,屏東縣,北勢里
198953,私立民生家商,22.659268,120.514037,大學&學院,🎓,屏東縣,瑞光里
199109,永南路,21.994635,120.798084,山丘,⛰️,屏東縣,永靖村
199111,和平路3巷,22.33243,120.36844,山丘,⛰️,屏東縣,大福村
199112,中興路,22.34333,120.372407,山丘,⛰️,屏東縣,上福村
199113,山丘,22.72043,120.59883,山丘,⛰️,屏東縣,久愛村
199114,民眾路,22.469356,120.58809,公園,🌳,屏東縣,箕湖村
199115,新埤國中,22.481696,120.565724,公園,🌳,屏東縣,建功村
199116,瀰力路,22.818535,120.491587,公園,🌳,屏東縣,瀰力村
199117,崁頂鄉立托兒所,22.514366,120.505507,公園,🌳,屏東縣,崁頂村
199118,平和北路,22.517186,120.478114,公園,🌳,屏東縣,港東村
199119,東海路,22.401036,120.577794,公園,🌳,屏東縣,東海村
199121,葫爐路,22.396135,120.550672,公園,🌳,屏東縣,賴家村
199122,義新路2巷,22.507176,120.579774,公園,🌳,屏東縣,義林村
199123,崁頂街1巷,22.729596,120.476917,公園,🌳,屏東縣,九明村
199124,民族路,22.415667,120.55747,公園,🌳,屏東縣,佳冬村
199128,崙頂路661巷,22.590866,120.460864,公園,🌳,屏東縣,崙頂村
199129,公園,22.454113,120.455975,公園,🌳,屏東縣,嘉蓮里
199130,大潭路,22.457346,120.492944,公園,🌳,屏東縣,大潭里
199131,鵬灣大道五段,22.436826,120.474678,公園,🌳,屏東縣,南平里
199132,環美社區形象藝術磁磚畫,22.484346,120.468647,公園,🌳,屏東縣,興農里
199133,公園,22.466368,120.581572,公園,🌳,屏東縣,箕湖村
199134,環灣自行車道,22.445727,120.45828,公園,🌳,屏東縣,南平里
199135,公園,22.569584,120.61087,公園,🌳,屏東縣,新厝村
199136,德聖路,22.386337,120.566153,公園,🌳,屏東縣,大庄村
199140,公園,22.759675,120.631789,公園,🌳,屏東縣,廣福村
199143,大學路,22.589546,120.494297,公園,🌳,屏東縣,萬全村
199144,興店路,22.784106,120.557054,公園,🌳,屏東縣,新南村
199146,公園,22.726218,120.488303,公園,🌳,屏東縣,九清村
199148,大坵路12巷,22.740046,120.480801,公園,🌳,屏東縣,大坵村
199149,文昌路,22.824796,120.592275,公園,🌳,屏東縣,東興村
199150,聯通街,22.652979,120.60291,公園,🌳,屏東縣,中林村
199151,南華大橋,22.773164,120.590309,公園,🌳,屏東縣,鹽北村
199152,台灣中油,22.653056,120.494323,公園,🌳,屏東縣,橋南里
199154,維興路,22.872016,120.631487,公園,🌳,屏東縣,新豐村
199156,車城鄉第五公墓,22.058776,120.734932,公園,🌳,屏東縣,保力村
199158,公園,22.646994,120.44344,公園,🌳,屏東縣,前進里
199159,光復路一段,22.519696,120.529554,公園,🌳,屏東縣,興美里
199163,神農東路,22.706476,120.543709,公園,🌳,屏東縣,德協村
199164,風沙路,21.931391,120.844216,公園,🌳,屏東縣,鵝鑾里
199165,學興路,22.604275,120.570526,公園,🌳,屏東縣,和興村
199169,過江路,22.785272,120.49181,公園,🌳,屏東縣,過江村
199170,公園,22.53178,120.536051,公園,🌳,屏東縣,光春里
199172,公園,22.458176,120.444169,公園,🌳,屏東縣,鎮海里
199173,南華路,22.616382,120.575483,公園,🌳,屏東縣,內埔村
199174,龍祥二號橋,22.657684,120.492054,公園,🌳,屏東縣,義勇里
199175,文山路,22.606981,120.570486,公園,🌳,屏東縣,內埔村
199176,石光街,22.435237,120.564542,公園,🌳,屏東縣,石光村
199178,勝利路,22.490494,120.51556,公園,🌳,屏東縣,米崙村
199179,園西二路,22.714244,120.533373,公園,🌳,屏東縣,德和村
199181,公園,21.920254,120.735059,公園,🌳,屏東縣,水泉里
199182,公園,22.725865,120.48624,公園,🌳,屏東縣,九清村
199183,長春街二段216巷,22.680445,120.512094,公園,🌳,屏東縣,長興
199184,大平路,22.408476,120.559994,公園,🌳,屏東縣,賴家村
199186,榮總南路,22.660308,120.47436,公園,🌳,屏東縣,崇武里
199187,吉星路102巷,22.546094,120.552534,公園,🌳,屏東縣,三星里
199188,廣田路,22.613333,120.56317,公園,🌳,屏東縣,內田村
199189,187丙,22.658907,120.551087,公園,🌳,屏東縣,新田村
199190,東林路,22.40444,120.571431,公園,🌳,屏東縣,東海村
199191,九如國小,22.727801,120.48553,公園,🌳,屏東縣,九明村
199192,公園,22.665297,120.509314,公園,🌳,屏東縣,瑞光里
199195,工業一路,22.663319,120.499547,公園,🌳,屏東縣,橋南里
199196,東山路,22.592214,120.62397,公園,🌳,屏東縣,赤山村
199198,仙隆路,22.544418,120.458901,公園,🌳,屏東縣,仙吉村
199199,繁華路192巷,22.698257,120.58237,公園,🌳,屏東縣,繁華村
199200,八德巷,22.695336,120.585474,公園,🌳,屏東縣,榮華村
199201,西方道堂,22.580849,120.630372,公園,🌳,屏東縣,赤山村
199202,屏東客運,22.664805,120.498093,公園,🌳,屏東縣,橋南里
199206,萬聖路,22.595777,120.612606,公園,🌳,屏東縣,萬金村
199207,鶴聲國中,22.659281,120.4711,公園,🌳,屏東縣,清溪里
199208,中華路站前巷,22.636587,120.514633,公園,🌳,屏東縣,田道村
199210,國立海洋生物博物館,22.046575,120.700721,公園,🌳,屏東縣,後灣村
199211,惠崙路813巷,22.588644,120.463096,公園,🌳,屏東縣,崙頂村
199214,崇勇街,22.685326,120.482237,公園,🌳,屏東縣,崇蘭
199215,武士街72巷,22.654631,120.477423,公園,🌳,屏東縣,大武里
199216,福星路,22.544878,120.547796,公園,🌳,屏東縣,潮州
199217,復興國小,22.659227,120.485401,公園,🌳,屏東縣,永安里
199218,新逸巷,22.674209,120.50577,公園,🌳,屏東縣,田寮
199219,民富街126巷,22.686974,120.49892,公園,🌳,屏東縣,中正里
199220,屏東縣屏東市勝利國民小學,22.680793,120.48629,公園,🌳,屏東縣,勝利里
199222,公園,22.657156,120.497873,公園,🌳,屏東縣,橋南里
199224,康定街83巷28弄,22.676569,120.480281,公園,🌳,屏東縣,永城里
199225,船頭路,22.457015,120.481531,公園,🌳,屏東縣,大潭里
199226,東港高中,22.465697,120.456177,公園,🌳,屏東縣,新勝里
199229,二重溪營區,22.083334,120.737501,公園,🌳,屏東縣,溫泉村
199233,成功路1巷,22.432284,120.506081,公園,🌳,屏東縣,田厝村
199234,開元三巷,22.544636,120.568464,公園,🌳,屏東縣,泗林里
199236,嘉新路一段,22.457087,120.449784,公園,🌳,屏東縣,嘉蓮里
199238,光明路,22.575176,120.599186,公園,🌳,屏東縣,佳和村
199241,復興南路一段376巷59弄,22.646683,120.484297,公園,🌳,屏東縣,劉厝莊
199243,武順街154巷,22.656349,120.47393,公園,🌳,屏東縣,大武里
199246,德豐街216巷,22.681252,120.506427,公園,🌳,屏東縣,大連里
199247,振昇路,22.557336,120.5421,公園,🌳,屏東縣,三共里
199248,和興街,22.558539,120.53837,公園,🌳,屏東縣,三和里
199250,沿海路,22.470748,120.463835,公園,🌳,屏東縣,東新里
199252,中正路401巷63弄,22.688909,120.4961,公園,🌳,屏東縣,北勢頭
199253,勝利街,22.735294,120.491074,公園,🌳,屏東縣,東寧村
199254,新學路,22.46887,120.456964,公園,🌳,屏東縣,東光里
199256,廣東路100巷,22.672756,120.501377,公園,🌳,屏東縣,豐源里
199257,中山路3巷,22.433337,120.514312,公園,🌳,屏東縣,仁和村
199258,崇明一街30巷,22.685736,120.479333,公園,🌳,屏東縣,崇蘭
199259,莊敬街一段211巷,22.685705,120.503247,公園,🌳,屏東縣,華山里
199260,清寧街130巷,22.661341,120.47176,公園,🌳,屏東縣,清溪里
199262,屏東縣社會福利綜合館,22.685305,120.501167,公園,🌳,屏東縣,華山里
199263,和生路一段,22.656483,120.501373,公園,🌳,屏東縣,歸來
199264,永大多元照顧中心,22.660663,120.477853,公園,🌳,屏東縣,大武里
199266,建國國小,22.664658,120.48648,公園,🌳,屏東縣,一心里
199267,成功路1巷,22.247983,120.660135,公園,🌳,屏東縣,枋山村
199269,武愛街116巷,22.658257,120.47898,公園,🌳,屏東縣,大武里
199270,復興路,22.005093,120.741103,公園,🌳,屏東縣,城西里
199271,內埔國中,22.612296,120.571477,公園,🌳,屏東縣,內埔村
199272,迪化街,22.680569,120.482803,公園,🌳,屏東縣,空翔里
199273,德豐街94巷,22.679674,120.50905,公園,🌳,屏東縣,大連里
199274,民生路,22.778786,120.495334,公園,🌳,屏東縣,永春村
199275,大連路11巷3弄,22.682925,120.509293,公園,🌳,屏東縣,大連里
199280,新基街,22.468748,120.452984,公園,🌳,屏東縣,新勝里
199283,北門路68巷,22.00535,120.747503,公園,🌳,屏東縣,城北里
199284,華山街,22.684779,120.499653,公園,🌳,屏東縣,華山里
199285,私立陸興高中,22.674199,120.50146,公園,🌳,屏東縣,田寮
199288,中正國小,22.673566,120.487167,公園,🌳,屏東縣,大同里
199293,復興路112巷,22.00681,120.741273,公園,🌳,屏東縣,城西里
199294,忠孝國小,22.677443,120.502747,公園,🌳,屏東縣,豐年里
199303,新南路,22.533091,120.460034,化妝品,💄,屏東縣,仙吉村
199352,中洲路,22.543499,120.544619,義式餐廳,🍝,屏東縣,潮州
199353,建國路,22.662319,120.470221,餐廳,🍴,屏東縣,清溪里
199354,公裕街353巷23弄,22.691848,120.495825,餐廳,🍴,屏東縣,北勢頭
199355,大同北路,22.681181,120.47387,餐廳,🍴,屏東縣,潭墘
199356,惠民街,22.542705,120.538446,拉麵店,🍜,屏東縣,永春里
199357,新心商店,22.69409,120.62555,文具店,✏️,屏東縣,隘寮村
199359,公興路165巷,22.640575,120.47955,文具店,✏️,屏東縣,公館里
199363,昌隆一街,22.702901,120.576657,文具店,✏️,屏東縣,繁隆村
199391,水邊,22.533656,120.514867,水邊,🌊,屏東縣,圍內村
199392,新勝路,22.675496,120.596467,水邊,🌊,屏東縣,大新村
199394,水邊,22.671476,120.71314,水邊,🌊,屏東縣,排灣村
199396,萬興路,22.851975,120.632644,水邊,🌊,屏東縣,舊寮村
199397,金榮路,22.357175,120.637023,水邊,🌊,屏東縣,隆山村
199399,南迴公路,22.210444,120.728768,水邊,🌊,屏東縣,丹路村
199402,忠孝路,22.708648,120.494553,水邊,🌊,屏東縣,信和里
199404,行政路,22.348431,120.381872,水邊,🌊,屏東縣,中福村
199405,後灣路,22.038811,120.696493,水邊,🌊,屏東縣,後灣村
199407,水邊,22.689404,120.478463,水邊,🌊,屏東縣,崇蘭
199408,船帆路846巷,21.936824,120.82348,水邊,🌊,屏東縣,鵝鑾里
199410,環島公路,22.337418,120.361128,海灘,🏖️,屏東縣,上福村
199411,中正路,22.73736,120.623613,主題樂園,🎡,屏東縣,廣興村
199413,1,22.52619,120.531794,主題樂園,🎡,屏東縣,光春里
199415,紀清環保水溶性乾洗,22.55268,120.49631,自助洗衣店&乾洗店,🧺,屏東縣,興全村
199416,光復路,22.541198,120.535598,自助洗衣店&乾洗店,🧺,屏東縣,永春里
199462,復興路,22.350093,120.373125,機場,✈️,屏東縣,杉福村
199463,車站,22.306265,120.64328,車站,🚉,屏東縣,加祿村
199465,東海,22.39891,120.57234,車站,🚉,屏東縣,東海村
199466,屏68,22.52232,120.525318,車站,🚉,屏東縣,興美里
199471,儲運路,22.369148,120.59529,車站,🚉,屏東縣,枋寮村
199473,復興路,22.413725,120.548825,車站,🚉,屏東縣,六根村
199475,仁里路,22.49187,120.511271,車站,🚉,屏東縣,仁里村
199485,船頭路,22.463589,120.458865,麵包店,🥐,屏東縣,東津里
199487,三城路,22.544323,120.550343,咖哩,🍛,屏東縣,三星里
199500,清流巷,22.670195,120.49682,拉麵店,🍜,屏東縣,橋北里
199501,萬丹灣內村飯湯,22.56694,120.46384,拉麵店,🍜,屏東縣,灣內村
199502,下城路,22.054458,120.72432,拉麵店,🍜,屏東縣,保力村
199505,龍泉路,21.986985,120.733537,拉麵店,🍜,屏東縣,龍水里
199511,內埔國中,22.611245,120.56983,拉麵店,🍜,屏東縣,內埔村
199515,富強路,22.552685,120.542886,拉麵店,🍜,屏東縣,三共里
199523,拉麵店,22.616572,120.570916,拉麵店,🍜,屏東縣,內田村
199528,和生路二段,22.655405,120.46947,餐廳,🍴,屏東縣,清溪里
199885,環龍路,22.535557,120.527359,藥局,💊,屏東縣,八爺里
199886,勝利街,22.747007,120.546478,餐廳,🍴,屏東縣,彭厝村
199978,杭州街122巷,22.556528,120.534775,藥局,💊,屏東縣,五魁里
200237,平和街,22.755556,120.579277,服裝店,👕,屏東縣,鹽中村
200238,平安路,22.552425,120.538277,拉麵店,🍜,屏東縣,新生里
200239,下廍路200巷,22.576255,120.478622,藥局,💊,屏東縣,寶厝村
200334,屏鵝公路,22.118139,120.711742,海灘,🏖️,屏東縣,海口村
200336,南灣路,21.959067,120.761761,海灘,🏖️,屏東縣,南灣里
200341,恆公路,22.012225,120.741216,動物園,🦒,屏東縣,網紗里
200661,太平路,22.560198,120.533257,藥局,💊,屏東縣,五魁里
200663,森林,22.820026,120.63593,森林,🌲,屏東縣,青山村
200664,森林,22.127886,120.881685,森林,🌲,屏東縣,港仔村
200665,屏108,22.548936,120.619834,森林,🌲,屏東縣,新置村
200666,槺林北路145巷,22.002415,120.726303,森林,🌲,屏東縣,德和里
200667,森林,22.405946,120.610754,森林,🌲,屏東縣,太源村
200668,內獅巷,22.303846,120.653122,森林,🌲,屏東縣,內獅村
200669,土庫路,22.830976,120.503963,森林,🌲,屏東縣,土庫村
200670,東川巷,22.754485,120.756615,森林,🌲,屏東縣,大武村
200671,興和路238巷,22.491596,120.483914,森林,🌲,屏東縣,興和里
200672,屏146,22.361695,120.642747,森林,🌲,屏東縣,古華村
200673,福爾摩沙高速公路,22.75684,120.476881,森林,🌲,屏東縣,三塊村
200674,森林,22.132809,120.711277,森林,🌲,屏東縣,海口村
200675,森林,22.654311,120.49611,森林,🌲,屏東縣,橋南里
200676,環山路,22.688125,120.6379,森林,🌲,屏東縣,隘寮村
200677,下泉路,21.932394,120.731774,森林,🌲,屏東縣,水泉里
200678,屏東縣獅子鄉草埔國民小學,22.235545,120.80371,森林,🌲,屏東縣,草埔村
200679,森林,22.718175,120.48736,森林,🌲,屏東縣,玉水村
200684,廣東路96巷,22.672294,120.500897,義式餐廳,🍝,屏東縣,豐源里
200689,中正路652巷,22.687862,120.49853,義式餐廳,🍝,屏東縣,中正里
200691,大憲街,22.58914,120.488517,義式餐廳,🍝,屏東縣,萬全村
200705,豐年街117巷17弄,22.677227,120.506831,義式餐廳,🍝,屏東縣,豐年里
200723,成功路,22.709867,120.637604,咖啡杯,☕,屏東縣,水門村
200726,學興路,22.60386,120.569896,路邊,🛣️,屏東縣,和興村
200728,正成國中,22.26436,120.660896,路邊,🛣️,屏東縣,枋山村
200729,中正路,22.32386,120.356396,路邊,🛣️,屏東縣,南福村
200730,舊寮司馬活動中心,22.85236,120.615396,路邊,🛣️,屏東縣,舊寮村
200731,射寮路,22.05436,120.706396,路邊,🛣️,屏東縣,射寮村
200732,冬根路,22.41836,120.548896,路邊,🛣️,屏東縣,六根村
200735,路邊,22.64236,120.447396,路邊,🛣️,屏東縣,前進里
200736,下泉路,21.92836,120.730896,路邊,🛣️,屏東縣,水泉里
200737,祥興街,22.74036,120.629396,路邊,🛣️,屏東縣,廣興村
200744,泉利街103巷20弄,22.57236,120.485896,路邊,🛣️,屏東縣,水泉村
200751,老潭巷,22.57586,120.653896,山丘,⛰️,屏東縣,泰武村
200752,五金行,22.55768,120.54083,電器行,🔌,屏東縣,三共里
200753,中山路,22.438954,120.512506,電器行,🔌,屏東縣,永樂村
200756,學人路702巷,22.60669,120.56478,電器行,🔌,屏東縣,和興村
200760,武立街,22.658124,120.475683,電器行,🔌,屏東縣,大武里
200761,永樂路,22.777639,120.492059,電器行,🔌,屏東縣,玉田村
200820,中正路,22.480173,120.441414,餐廳,🍴,屏東縣,鹽埔村
200840,復興路,22.007105,120.740502,漢堡,🍔,屏東縣,城西里
200930,屏南機場,22.67826,120.46196,機場,✈️,屏東縣,潭墘
200931,古松巷,22.69643,120.47875,機場,✈️,屏東縣,廣興里
200932,環河路,22.670752,120.446276,機場,✈️,屏東縣,潭墘
200938,小琉球機場舊跑道,22.34992,120.37591,機場,✈️,屏東縣,上福村
200939,車站,22.330113,120.62381,車站,🚉,屏東縣,加祿村
200940,榮總醫學科技大樓,25.120246,121.521622,橋樑,🌉,臺北市,北投區
200941,六甲藝鍋物附近,23.230334,120.349474,超市,🛒,臺南市,二甲里
200942,眼科對面路邊人行道上,25.088125,121.484392,公車站,🚌,新北市,三重區
200943,蘆洲民權路96巷一弄十字路口,25.088233,121.474344,餐廳,🍴,新北市,蘆洲區
200944,西昌路,22.456869,120.558197,橋樑,🌉,屏東縣,豐隆村
200948,福爾摩沙高速公路,22.70182,120.54589,橋樑,🌉,屏東縣,德協村
200949,高屏溪斜張橋,22.75867,120.46821,橋樑,🌉,屏東縣,大樹區
200950,東西向快速公路 高雄潮州線,22.564648,120.503348,橋樑,🌉,屏東縣,鳳明村
200951,農場路,22.433188,120.61385,橋樑,🌉,屏東縣,玉泉村
200954,福爾摩沙高速公路,22.48351,120.531458,橋樑,🌉,屏東縣,壽元村
200955,雙園大橋,22.499311,120.430382,橋樑,🌉,屏東縣,五房村
200956,高屏溪斜張橋,22.760173,120.463383,橋樑,🌉,高雄市,大樹區
200957,沿山公路,22.442499,120.601476,橋樑,🌉,屏東縣,玉泉村
200958,里嶺大橋,22.768435,120.471385,橋樑,🌉,屏東縣,大樹區
200959,福爾摩沙高速公路,22.68118,120.56327,橋樑,🌉,屏東縣,榮華村
200960,歸禮巷,22.64638,120.50665,橋樑,🌉,屏東縣,湖南里
200961,東昌路,22.457299,120.569936,橋樑,🌉,屏東縣,昌隆村
200963,單車國道,22.73919,120.50508,橋樑,🌉,屏東縣,東寧村
200966,崁頂橋,22.50157,120.511505,橋樑,🌉,屏東縣,園寮村
201616,三地門大橋,22.71007,120.64278,橋樑,🌉,屏東縣,水門村
201620,和平路,22.43355,120.55518,橋樑,🌉,屏東縣,石光村
201621,東西向快速公路 高雄潮州線,22.56858,120.4819,橋樑,🌉,屏東縣,新庄村
201622,亮球街,22.71444,120.53931,橋樑,🌉,屏東縣,德和村
201623,瑞華路,22.62717,120.55986,橋樑,🌉,屏東縣,東寧村
201624,高美大橋,22.834456,120.580575,橋樑,🌉,屏東縣,東振村
201627,高屏溪斜張橋,22.762497,120.457373,橋樑,🌉,高雄市,大樹區
201628,高樹大橋,22.78125,120.538872,橋樑,🌉,屏東縣,載興村
201629,潮州路,22.56682,120.54482,橋樑,🌉,屏東縣,鹿寮村
201630,口社大橋,22.76794,120.64326,橋樑,🌉,屏東縣,賽嘉村
201631,沿山公路,22.45471,120.61223,橋樑,🌉,屏東縣,箕湖村
201632,玉水路95巷,22.71092,120.48111,橋樑,🌉,屏東縣,玉水村
201636,中正大路,22.35208,120.61032,橋樑,🌉,屏東縣,隆山村
201637,屏110,22.52444,120.65652,橋樑,🌉,屏東縣,丹林村
201645,復興路,22.52861,120.55634,橋樑,🌉,屏東縣,崙東里
201648,福爾摩沙高速公路,22.741367,120.503413,橋樑,🌉,屏東縣,東寧村
201649,泗溝大橋,22.59167,120.57165,橋樑,🌉,屏東縣,和興村
201679,鐵店路,22.777081,120.502113,藥局,💊,屏東縣,鐵店村
201680,土庫路,22.819044,120.507278,藥局,💊,屏東縣,土庫村
201681,武愛街,22.658691,120.478865,麵包店,🥐,屏東縣,大武里
201796,仙吉路42巷1弄,22.541332,120.460941,麵包店,🥐,屏東縣,仙吉村
201798,中正路688巷,22.688305,120.499996,麵包店,🥐,屏東縣,中正里
201928,九如路一段,22.717211,120.48823,公車站,🚌,屏東縣,玉水村
201929,罡旻企業有限公司,22.639185,120.45559,公車站,🚌,屏東縣,大洲里
201932,加工區1(河見電機),22.64794,120.45364,公車站,🚌,屏東縣,前進里
201933,涵仔口,22.447062,120.50387,公車站,🚌,屏東縣,鎮安村
201935,水果意象馆,22.345389,120.611013,公車站,🚌,屏東縣,隆山村
201940,橋頭路,22.004935,120.816692,公車站,🚌,屏東縣,永靖村
201943,科大路一段,22.64283,120.5796,公車站,🚌,屏東縣,東勢村
202300,竹田,22.58995,120.55419,公車站,🚌,屏東縣,二崙村
202301,北和興,22.70104,120.50068,公車站,🚌,屏東縣,和興里
202302,麟洛運動公園,22.64048,120.53664,公車站,🚌,屏東縣,麟蹄村
202303,忠孝路,22.323514,120.361427,公車站,🚌,屏東縣,南福村
202306,西溝尾,22.62619,120.55216,公車站,🚌,屏東縣,豐田村
202307,武丁潭,22.45417,120.55337,公車站,🚌,屏東縣,豐隆村
202309,內庄,22.52625,120.46251,公車站,🚌,屏東縣,內庄村
202310,臥龍路,22.495659,120.446044,公車站,🚌,屏東縣,興龍村
202311,下社皮,22.60914,120.46929,餐廳,🍴,屏東縣,加興村
202315,公館(恆),21.99189,120.83306,公車站,🚌,屏東縣,港口村
202317,三和路,22.711846,120.625843,公車站,🚌,屏東縣,水門村
202320,青山,22.43429,120.57033,公車站,🚌,屏東縣,玉泉村
202323,四十份,22.65396,120.56121,公車站,🚌,屏東縣,建興村
202331,環島公路,22.32517,120.354431,公車站,🚌,屏東縣,天福村
202350,大慶工業區1(元晶),22.64436,120.44684,公車站,🚌,屏東縣,前進里
202351,大和社區,22.65011,120.57208,公車站,🚌,屏東縣,東勢村
202352,東海,22.40407,120.58212,公車站,🚌,屏東縣,東海村
202354,鵬灣大道一段,22.45576,120.484957,公車站,🚌,屏東縣,大潭里
202355,武丁,22.51626,120.53079,公車站,🚌,屏東縣,興美里
202357,隘寮,22.72222,120.60669,公車站,🚌,屏東縣,久愛村
202358,獅子鄉立綜合體育館,22.2046,120.701747,公車站,🚌,屏東縣,楓港村
202359,仁壽里,22.02828,120.74157,公車站,🚌,屏東縣,仁壽里
202360,佳和路,22.42003,120.541762,公車站,🚌,屏東縣,六根村
202362,公車站,22.115066,120.713945,公車站,🚌,屏東縣,海口村
202365,國光客運麟洛站,22.64803,120.52933,公車站,🚌,屏東縣,麟蹄村
202366,仙林路,22.52401,120.53143,公車站,🚌,屏東縣,光春里
202369,屏東糖廠廠内籃球場,22.660872,120.49204,公車站,🚌,屏東縣,義勇里
202370,臨海路二段,22.40651,120.569799,公車站,🚌,屏東縣,東海村
202372,建國路,22.65831,120.46793,公車站,🚌,屏東縣,清溪里
202374,大區園,22.69846,120.56219,公車站,🚌,屏東縣,繁華村
202379,下繁昌,22.70993,120.57999,公車站,🚌,屏東縣,繁昌村
202383,船頭路,22.458944,120.478446,公車站,🚌,屏東縣,船頭里
202384,省北路二段,22.038035,120.737482,公車站,🚌,屏東縣,仁壽里
202386,崇勝二街,22.68865,120.472224,公車站,🚌,屏東縣,崇陽里
202387,環島公路,22.33579,120.361953,公車站,🚌,屏東縣,天福村
202390,佳和路,22.412629,120.556544,公車站,🚌,屏東縣,佳冬村
202391,成功路1巷,22.248989,120.659185,公車站,🚌,屏東縣,枋山村
202392,敬軍路,22.693338,120.48874,公車站,🚌,屏東縣,廣興里
202396,南和興,22.69575,120.49521,公車站,🚌,屏東縣,和興里
202400,美人路,22.353816,120.375916,公車站,🚌,屏東縣,杉福村
202401,美人路,22.351605,120.370094,公車站,🚌,屏東縣,杉福村
202402,忠孝路,22.70633,120.49553,公車站,🚌,屏東縣,信和里
202403,錦隆村,22.71904,120.59955,公車站,🚌,屏東縣,久愛村
202406,光春路,22.535294,120.540527,公車站,🚌,屏東縣,光春里
202410,大潭路,22.45372,120.492469,公車站,🚌,屏東縣,大潭里
202411,巷子內,22.49299,120.53848,公車站,🚌,屏東縣,壽元村
202412,臥龍路,22.49193,120.45772,公車站,🚌,屏東縣,興龍村
202413,網紗路,22.023405,120.744217,公車站,🚌,屏東縣,網紗里
202414,光復路一段,22.510454,120.531397,公車站,🚌,屏東縣,興美里
202415,信義路,22.330155,120.356153,公車站,🚌,屏東縣,天福村
202417,公車站,22.191149,120.690842,公車站,🚌,屏東縣,善餘村
202418,振興,22.72334,120.61253,公車站,🚌,屏東縣,振興村
202419,福德街,22.693952,120.54979,公車站,🚌,屏東縣,德成村
202421,公車站,22.29387,120.644958,公車站,🚌,屏東縣,加祿村
202422,社皮路三段163巷,22.618125,120.469587,餐廳,🍴,屏東縣,社中村
202424,船頭路,22.46175,120.465674,公車站,🚌,屏東縣,船頭里
202425,中山路三段,22.405086,120.588403,公車站,🚌,屏東縣,太源村
202426,中山路四段,22.261695,120.6531,公車站,🚌,屏東縣,枋山村
202427,舊庄44巷,22.1982,120.688492,公車站,🚌,屏東縣,楓港村
202430,庄內路,22.004945,120.810404,公車站,🚌,屏東縣,永靖村
202431,中正路,22.469965,120.547001,公車站,🚌,屏東縣,新埤村
202432,公車站,22.321105,120.630294,公車站,🚌,屏東縣,加祿村
202433,復興路,22.388525,120.59364,公車站,🚌,屏東縣,天時村
202434,公車站,22.548926,120.544033,公車站,🚌,屏東縣,光華里
202440,橋頭路,21.999861,120.819902,公車站,🚌,屏東縣,港口村
202443,沙崙,22.4761,120.54567,公車站,🚌,屏東縣,新埤村
202445,水泉,22.57521,120.48857,便利店,🏪,屏東縣,水泉村
202448,西屏東,22.65456,120.46327,公車站,🚌,屏東縣,前進里
202450,羌園,22.42851,120.52775,公車站,🚌,屏東縣,羌園村
202451,昌隆,22.44337,120.56183,公車站,🚌,屏東縣,昌隆村
202452,中山路,22.706496,120.64264,公車站,🚌,屏東縣,水門村
202453,公車站,22.690239,120.48186,公車站,🚌,屏東縣,廣興里
202454,後庄,22.74939,120.49096,公車站,🚌,屏東縣,耆老村
202455,中山路,22.358115,120.60023,公車站,🚌,屏東縣,安樂村
202456,公車站,22.328505,120.622323,公車站,🚌,屏東縣,加祿村
202457,康寧路,22.621119,120.560887,公車站,🚌,屏東縣,東寧村
202458,臨海路二段,22.405129,120.57511,公車站,🚌,屏東縣,東海村
202459,興安街,22.658999,120.48611,公車站,🚌,屏東縣,永安里
202461,壽元,22.48625,120.54112,公車站,🚌,屏東縣,壽元村
202463,和興街,22.415299,120.550389,公車站,🚌,屏東縣,佳冬村
202465,九如路二段,22.729124,120.489397,公車站,🚌,屏東縣,九清村
202466,義和路,22.370755,120.591791,公車站,🚌,屏東縣,新龍村
202468,建新路,22.635559,120.54174,公車站,🚌,屏東縣,豐田村
202469,客家文物館,22.61735,120.5234,公車站,🚌,屏東縣,西勢村
202471,光復路139巷,22.539199,120.536269,公車站,🚌,屏東縣,光春里
202472,佳農街8巷,22.41018,120.564099,公車站,🚌,屏東縣,佳冬村
202473,丹榮路,22.579332,120.4856,餐廳,🍴,屏東縣,寶厝村
202474,東勢,22.63535,120.5722,公車站,🚌,屏東縣,東勢村
202475,中山路,22.076218,120.71395,公園,🌳,屏東縣,田中村
202477,公車站,22.203925,120.68789,公車站,🚌,屏東縣,楓港村
202479,杉板路,22.34074,120.364486,公車站,🚌,屏東縣,上福村
202480,中山路二段209巷,22.38357,120.594518,公車站,🚌,屏東縣,人和村
202482,南灣路,21.982745,120.750346,公車站,🚌,屏東縣,南灣里
202484,萬新路,22.5648,120.485777,麵包店,🥐,屏東縣,新庄村
202489,後灣路,22.045471,120.698682,公車站,🚌,屏東縣,後灣村
202491,南灣路,21.960546,120.762126,公車站,🚌,屏東縣,南灣里
202493,南興社區,21.99,120.74776,公車站,🚌,屏東縣,山腳里
202494,萬德路,22.594885,120.609337,公車站,🚌,屏東縣,萬金村
202496,興中路,22.827435,120.600506,公車站,🚌,屏東縣,高樹村
202499,南龍路,22.485051,120.458004,公車站,🚌,屏東縣,南龍村
202502,泗溝水,22.58834,120.58062,咖啡杯,☕,屏東縣,泗溝村
202503,昌隆,22.44832,120.55742,公車站,🚌,屏東縣,豐隆村
202505,香揚,22.66626,120.51256,公車站,🚌,屏東縣,香楊脚
202508,新中路,22.630236,120.543933,公車站,🚌,屏東縣,振豐村
202509,中山路175巷,22.684249,120.484073,公車站,🚌,屏東縣,崇蘭
202510,繁華國小,22.70207,120.57176,公車站,🚌,屏東縣,繁華村
202511,屏東縣立大同高級中學,22.678171,120.473897,公車站,🚌,屏東縣,潭墘
202512,統聯客運-麟洛站,22.65472,120.52073,公車站,🚌,屏東縣,麟洛
202514,屏東西市場停車場,22.673965,120.47903,公車站,🚌,屏東縣,維新里
202517,南門路14巷,22.00071,120.745969,公車站,🚌,屏東縣,城南里
202520,蘇州街,22.673956,120.488247,公車站,🚌,屏東縣,大同里
202525,振興路,22.556945,120.54109,公車站,🚌,屏東縣,三共里
202527,建國和平路口,22.6666,120.47878,公車站,🚌,屏東縣,厚生里
202528,朝昇路22巷,22.55609,120.548227,公車站,🚌,屏東縣,三共里
202529,中正路401巷,22.687158,120.49539,拉麵店,🍜,屏東縣,北勢頭
202532,廣東路,22.669445,120.49842,公車站,🚌,屏東縣,橋北里
202535,民榮街,22.547907,120.539471,拉麵店,🍜,屏東縣,新榮里
202537,歸仁路1巷,22.651681,120.502049,車站,🚉,屏東縣,歸來
202538,安麗兒藥局仁和店,22.971719,120.232906,咖啡杯,☕,臺南市,東區
202539,民權東路跟成功路口,25.068852,121.590243,餐廳,🍴,臺北市,內湖區
202540,中研院南院滯洪池,22.923551,120.292321,水邊,🌊,臺南市,沙崙里
202541,高雄火車站附近的翌睿音響,22.63842,120.305744,電器行,🔌,高雄市,三民區
202542,老厝54,22.590454,120.61505,森林,🌲,屏東縣,赤山村
202543,神奇的服飾店純點,24.120047,120.69455,服裝店,👕,臺中市,大里區
202544,錩檳榔,24.176535,120.664614,美術館,🖼️,臺中市,西屯區
202545,龍潭加油站,24.7758,121.74528,藥局,💊,宜蘭縣,茭白里
202546,文林派出所,25.087474,121.3797,公車站,🚌,新北市,林口區
202547,行忠路42號,25.065457,121.578157,便利店,🏪,臺北市,內湖區
202548,大崗國小的操場旁邊圍牆,25.052093,121.358861,圖書館,📚,桃園市,大崗里
202549,新竹後火車站機車停車場,24.801914,120.97361,路邊,🛣️,新竹市,東區
202550,麥浩斯室內設計(品果系統家具-中壢門市),24.947197,121.233206,拉麵店,🍜,桃園市,明德里
202551,池上衛生所,23.124312,121.212174,森林,🌲,臺東縣,福原村
202552,快速路五段,24.949499,121.161958,美術館,🖼️,桃園市,高榮里
202553,桃園市中壢屈福達路二段221-1號,24.979786,121.168706,服裝店,👕,桃園市,過嶺里
202554,紫南宮戲台旁,23.816761,120.722271,拉麵店,🍜,南投縣,社寮里
202555,太上龍頭忠義廟（頭社公廨）,23.14763,120.383794,森林,🌲,臺南市,頭社里
202556,屏東日十（忠孝店）,22.685018,120.489233,餐廳,🍴,屏東縣,勝利里
202557,住宅區巷道,24.976747,121.533669,餐廳,🍴,新北市,新店區
202558,台北晴灣社區,25.160432,121.418275,公園,🌳,新北市,八里區
202559,晨間廚房早午餐附近,24.941137,121.213094,餐廳,🍴,桃園市,新富里
202560,萬大國小後門巷子,25.025956,121.502334,藥局,💊,臺北市,萬華區
202561,鹽埔新埔路,22.730589,120.542908,水邊,🌊,屏東縣,新二村
202562,鹽南重劃兒童公園,22.752895,120.572691,公園,🌳,屏東縣,鹽南村
202563,漁光島,22.974234,120.161219,水邊,🌊,臺南市,安平區
202564,南寶鄉村高爾夫俱樂部,23.158529,120.374507,森林,🌲,臺南市,石湖里
202565,紅綠燈,22.511526,120.548043,森林,🌲,屏東縣,九塊里
202566,頭社派出所,23.143395,120.387137,公車站,🚌,臺南市,頭社里
202568,大學路,22.756765,120.339161,大學&學院,🎓,高雄市,燕巢區
202570,永宏巷,22.712038,120.34539,大學&學院,🎓,高雄市,仁武區
202571,台鋼科技大學,22.840895,120.270032,大學&學院,🎓,高雄市,路竹區
202572,致遠路,22.794696,120.274517,大學&學院,🎓,高雄市,岡山區
202573,長春四街1巷,22.883542,120.242718,大學&學院,🎓,高雄市,湖內區
202574,中華電信學院高雄所,22.67195,120.34869,大學&學院,🎓,高雄市,仁武區
202576,高雄支線,22.759684,120.379112,大學&學院,🎓,高雄市,燕巢區
202577,高雄師範大學燕巢校區,22.783853,120.406066,大學&學院,🎓,高雄市,燕巢區
202578,高大烤肉區,22.736691,120.279877,大學&學院,🎓,高雄市,楠梓區
202581,高雄師範大學燕巢校區,22.791591,120.408776,大學&學院,🎓,高雄市,燕巢區
202582,柳橋西路二段,22.789321,120.276738,大學&學院,🎓,高雄市,岡山區
202583,福智南海分院,22.896534,120.475759,大學&學院,🎓,高雄市,旗山區
202587,岡山北路,22.809769,120.287193,大學&學院,🎓,高雄市,岡山區
202588,樹德科技大學,22.766229,120.371891,大學&學院,🎓,高雄市,燕巢區
202590,和業二路,22.609682,120.428863,大學&學院,🎓,高雄市,大寮區
202591,卓越路,22.754535,120.325337,大學&學院,🎓,高雄市,楠梓區
202592,空軍軍官學校,22.781559,120.271035,大學&學院,🎓,高雄市,岡山區
202596,三號道,22.61268,120.36516,大學&學院,🎓,高雄市,鳳山區
202599,高雄師範大學燕巢校區,22.790894,120.408009,大學&學院,🎓,高雄市,燕巢區
202601,海專路,22.726753,120.31523,大學&學院,🎓,高雄市,楠梓區
202603,卓越路,22.752884,120.329258,大學&學院,🎓,高雄市,楠梓區
202604,游泳池,22.703786,120.28785,大學&學院,🎓,高雄市,左營區
202607,大占巷,22.77231,120.403256,大學&學院,🎓,高雄市,燕巢區
202608,建工路,22.647925,120.32852,大學&學院,🎓,高雄市,三民區
202609,棒球場,22.731978,120.27859,大學&學院,🎓,高雄市,楠梓區
202612,陸軍軍官學校,22.616409,120.365664,大學&學院,🎓,高雄市,鳳山區
202616,大學路,22.905481,120.468496,大學&學院,🎓,高雄市,內門區
202617,橫山路,22.763438,120.373799,大學&學院,🎓,高雄市,燕巢區
202618,信義路,22.633385,120.392547,大學&學院,🎓,高雄市,大寮區
202624,橫山路,22.761716,120.37629,大學&學院,🎓,高雄市,燕巢區
202625,高雄師範大學燕巢校區,22.781116,120.405547,大學&學院,🎓,高雄市,燕巢區
202626,中正路525巷56弄,22.899155,120.47829,大學&學院,🎓,高雄市,旗山區
202634,國立高雄餐旅大學,22.562645,120.372107,大學&學院,🎓,高雄市,小港區
202638,學城路一段,22.724579,120.40495,大學&學院,🎓,高雄市,大樹區
202643,十全一路,22.647948,120.30955,大學&學院,🎓,高雄市,三民區
202650,大學南路,22.732111,120.28378,大學&學院,🎓,高雄市,楠梓區
202652,大學路,22.753706,120.334846,大學&學院,🎓,高雄市,橋頭區
202653,旗津營區,22.607476,120.273883,大學&學院,🎓,高雄市,旗津區
202654,小港路,22.565276,120.345424,大學&學院,🎓,高雄市,小港區
202657,海專路,22.726003,120.317907,大學&學院,🎓,高雄市,楠梓區
202658,國立中山大學籃球場,22.623846,120.26509,大學&學院,🎓,高雄市,鼓山區
202660,高雄市立文山高級中學,22.647045,120.352447,大學&學院,🎓,高雄市,鳥松區
202662,竹圍路,22.626278,120.303345,壽司,🍣,高雄市,新興區
202663,體育管,24.57796,120.842194,體育館,🏋️,苗栗縣,嘉盛里
202664,熊特吉進口零食,24.173828,120.639511,超市,🛒,臺中市,西屯區
202665,LEXUS,22.678784,120.318591,公車站,🚌,高雄市,左營區
202667,華興街,22.843038,120.465544,藥局,💊,高雄市,旗山區
202668,捷運都會公園站,22.72943,120.31939,車站,🚉,高雄市,楠梓區
202669,山丘,22.53011,120.3817,山丘,⛰️,高雄市,小港區
202670,統嶺路,22.767186,120.431767,山丘,⛰️,高雄市,大樹區
202671,中寮二路,22.830445,120.433511,山丘,⛰️,高雄市,旗山區
202672,山丘,22.99202,120.491456,山丘,⛰️,高雄市,內門區
202673,篤實巷,22.781374,120.447833,山丘,⛰️,高雄市,旗山區
202674,過鞍巷,22.82298,120.360566,山丘,⛰️,高雄市,燕巢區
202675,山丘,22.952184,120.503878,山丘,⛰️,高雄市,內門區
202677,磱碡坑山步道,22.828576,120.457527,山丘,⛰️,高雄市,旗山區
202678,七星路,22.8291,120.38235,山丘,⛰️,高雄市,田寮區
202679,鹿埔路,22.88778,120.41501,山丘,⛰️,高雄市,田寮區
202680,高117,22.96161,120.49991,山丘,⛰️,高雄市,內門區
202683,欉仔坑山機車程,22.80844,120.45697,山丘,⛰️,高雄市,旗山區
202684,得勝巷,22.79413,120.45513,山丘,⛰️,高雄市,旗山區
202685,旗甲路一段353巷,22.909504,120.487726,山丘,⛰️,高雄市,旗山區
202686,內山公路,22.982235,120.46696,山丘,⛰️,高雄市,內門區
202688,仕豐路,22.747785,120.304353,五金行,🔧,高雄市,橋頭區
202689,五福路,22.50043,120.403906,五金行,🔧,高雄市,林園區
202690,家成五金企業有限公司,22.81908,120.28971,五金行,🔧,高雄市,岡山區
202691,漁港一路,22.725035,120.257353,五金行,🔧,高雄市,梓官區
202694,通化街,22.645306,120.292828,五金行,🔧,高雄市,三民區
202999,尚和,22.8148,120.46146,公車站,🚌,高雄市,旗山區
203000,杉林里,22.99867,120.55,公車站,🚌,高雄市,杉林區
203002,仁林路,22.698915,120.37971,公車站,🚌,高雄市,仁武區
203003,營房,22.55435,120.41749,公車站,🚌,高雄市,大寮區
203004,翁園,22.62631,120.411,公車站,🚌,高雄市,大寮區
203006,三和路,22.724969,120.429957,公車站,🚌,高雄市,大樹區
203007,旗南一路,22.869465,120.473601,公車站,🚌,高雄市,旗山區
203008,圓富里,22.91593,120.49456,公車站,🚌,高雄市,旗山區
203010,崇聖殿,22.67406,120.40782,公車站,🚌,高雄市,大樹區
203011,高雄客運茄萣站,22.86845,120.19878,公車站,🚌,高雄市,茄萣區
203012,上發八路,22.59783,120.43348,公車站,🚌,高雄市,大寮區
203013,旗六公路,22.891236,120.646792,公車站,🚌,高雄市,六龜區
203706,中寮二路,22.81711,120.424666,公園,🌳,高雄市,旗山區
203707,公園,22.85888,120.390754,公園,🌳,高雄市,田寮區
203708,暫無開放通行,22.892043,120.38695,公園,🌳,高雄市,田寮區
203709,民族路257巷,22.885359,120.330141,公園,🌳,高雄市,阿蓮區
203713,崗佑一街18巷,22.860436,120.332157,公園,🌳,高雄市,阿蓮區
203716,大莊路,22.806126,120.320188,公園,🌳,高雄市,岡山區
203717,瓊興路381巷,22.795785,120.326964,公園,🌳,高雄市,燕巢區
203718,安正路,22.788093,120.34254,公園,🌳,高雄市,燕巢區
203719,燕新五街,22.788835,120.357239,公園,🌳,高雄市,燕巢區
203721,大勇巷,22.7956,120.361512,藥局,💊,高雄市,燕巢區
203722,中西路71巷146弄,22.794368,120.357083,公園,🌳,高雄市,燕巢區
203723,大埔巷,22.801635,120.359829,公園,🌳,高雄市,燕巢區
203726,忠誠街125巷,22.800025,120.297798,公園,🌳,高雄市,岡山區
203727,筧橋路,22.787731,120.292464,公園,🌳,高雄市,岡山區
203731,岡山棒球場,22.781475,120.29726,公園,🌳,高雄市,岡山區
203733,白米路260巷,22.777059,120.283141,公園,🌳,高雄市,岡山區
203734,光潭路98巷,22.776286,120.276094,公園,🌳,高雄市,岡山區
203735,石潭路79巷,22.770575,120.266099,公園,🌳,高雄市,岡山區
203736,中正南路201巷,22.769611,120.254898,公園,🌳,高雄市,彌陀區
203738,梓官路大宅巷,22.755343,120.265519,公園,🌳,高雄市,梓官區
203740,大舍東路300巷,22.75404,120.268651,公園,🌳,高雄市,梓官區
203741,朝福路,22.753755,120.27608,公園,🌳,高雄市,橋頭區
203742,甲樹路,22.751796,120.29206,公園,🌳,高雄市,橋頭區
203743,橋新六路,22.742186,120.303034,公園,🌳,高雄市,橋頭區
203744,甲昌路龍泉巷,22.737436,120.297815,公園,🌳,高雄市,橋頭區
203745,營邊路,22.732645,120.29804,公園,🌳,高雄市,橋頭區
203746,援中路2巷,22.728883,120.294813,公園,🌳,高雄市,楠梓區
203749,大學十街,22.724375,120.28034,公園,🌳,高雄市,楠梓區
203752,高雄市楠梓區右昌國民小學,22.714535,120.291074,公園,🌳,高雄市,楠梓區
203753,後昌街780巷,22.712125,120.29763,公園,🌳,高雄市,楠梓區
203754,左楠路,22.711331,120.30215,公園,🌳,高雄市,楠梓區
203755,宏毅二路南四巷,22.712634,120.305991,公園,🌳,高雄市,楠梓區
203756,宏毅二路北三巷,22.716485,120.307423,公園,🌳,高雄市,楠梓區
203757,外環東路,22.721555,120.310633,公園,🌳,高雄市,楠梓區
203758,棒(壘)球場,22.732793,120.313075,公園,🌳,高雄市,楠梓區
203759,新中一街,22.738611,120.311501,公園,🌳,高雄市,橋頭區
203761,橋新八路,22.744536,120.310167,公園,🌳,高雄市,橋頭區
203762,仕隆國小,22.751575,120.311191,公園,🌳,高雄市,橋頭區
203763,橋中街,22.755633,120.308576,公園,🌳,高雄市,橋頭區
203765,瑞祥二街,22.765086,120.302216,公園,🌳,高雄市,橋頭區
203767,芎林一街,22.751036,120.326827,公園,🌳,高雄市,楠梓區
203773,臺灣高雄少年及家事法院家事法庭,22.732535,120.335276,公園,🌳,高雄市,楠梓區
203777,民生路131巷,22.725463,120.346757,公園,🌳,高雄市,大社區
203778,三民路62巷,22.722096,120.35191,公園,🌳,高雄市,大社區
203781,文中路,22.699615,120.355767,公園,🌳,高雄市,仁武區
203782,文學三街,22.696418,120.352261,公園,🌳,高雄市,仁武區
203784,名山七街66巷,22.689293,120.346353,公園,🌳,高雄市,仁武區
203787,八德西路532巷,22.684117,120.33109,公園,🌳,高雄市,仁武區
203788,九湖一街,22.682843,120.327913,公園,🌳,高雄市,仁武區
203790,榮總路442巷,22.685851,120.323503,公園,🌳,高雄市,左營區
203791,文學路611巷,22.690888,120.319414,公園,🌳,高雄市,左營區
203795,翠華路,22.687371,120.302353,公園,🌳,高雄市,左營區
203804,公園,22.677277,120.284103,公園,🌳,高雄市,左營區
203808,緯八路,22.696094,120.290287,公園,🌳,高雄市,左營區
203812,公園,22.699556,120.288893,公園,🌳,高雄市,左營區
203816,公園,22.7299,120.253967,公園,🌳,高雄市,梓官區
203819,葆禎路257巷1弄,22.663143,120.27986,公園,🌳,高雄市,鼓山區
203823,美術東二路,22.659386,120.288307,公園,🌳,高雄市,鼓山區
203827,同協路,22.64832,120.29567,公園,🌳,高雄市,三民區
203829,同盟三路370巷,22.642771,120.284027,公園,🌳,高雄市,三民區
203830,厚德路,22.64502,120.28023,公園,🌳,高雄市,鼓山區
203837,河東路,22.628849,120.28908,公園,🌳,高雄市,前金區
203838,海邊路,22.612525,120.291617,公園,🌳,高雄市,苓雅區
203842,籬仔內路,22.60674,120.316426,公園,🌳,高雄市,前鎮區
203845,和平三路,22.603555,120.31938,公園,🌳,高雄市,前鎮區
203850,凱興凱旺街口,22.592563,120.321906,公園,🌳,高雄市,前鎮區
203854,中山三路,22.600044,120.312245,公園,🌳,高雄市,前鎮區
203859,鎮東一街,22.58757,120.315793,公園,🌳,高雄市,前鎮區
203860,康定路121巷,22.586508,120.317616,公園,🌳,高雄市,前鎮區
203861,高雄市立前鎮國民中學,22.581895,120.320313,公園,🌳,高雄市,前鎮區
203864,崇敬街,22.571994,120.331469,公園,🌳,高雄市,小港區
203867,中安路,22.582908,120.332573,公園,🌳,高雄市,前鎮區
203870,南進五街10巷,22.58842,120.328746,公園,🌳,高雄市,鳳山區
203876,同明街62巷,22.604746,120.342937,公園,🌳,高雄市,鳳山區
203880,凱旋路,22.609556,120.355503,公園,🌳,高雄市,鳳山區
203883,和德街,22.618849,120.360277,公園,🌳,高雄市,鳳山區
203887,南京路,22.620612,120.344395,公園,🌳,高雄市,鳳山區
203893,澄清路335巷,22.637745,120.342863,公園,🌳,高雄市,三民區
203899,華山街,22.632347,120.3535,公園,🌳,高雄市,鳳山區
203903,鳳松路,22.637054,120.36253,公園,🌳,高雄市,鳳山區
203905,勝中路,22.632886,120.372317,公園,🌳,高雄市,鳳山區
203908,文化路,22.624225,120.38336,公園,🌳,高雄市,大寮區
203913,高英工商,22.594067,120.399596,公園,🌳,高雄市,大寮區
203917,大寮路686巷,22.590086,120.413736,公園,🌳,高雄市,大寮區
203921,公園街,22.569494,120.433034,公園,🌳,高雄市,大寮區
203925,高坪十九街,22.555121,120.390156,公園,🌳,高雄市,小港區
203930,公園,22.571402,120.36573,公園,🌳,高雄市,小港區
203934,桂陽路175巷6弄,22.579885,120.354703,公園,🌳,高雄市,小港區
203938,代德三街,22.588938,120.34415,公園,🌳,高雄市,鳳山區
203942,國慶三街,22.586325,120.339239,公園,🌳,高雄市,鳳山區
203946,中崙五路,22.59615,120.352696,公園,🌳,高雄市,鳳山區
203950,頂庄一街51巷,22.588366,120.353484,公園,🌳,高雄市,鳳山區
203954,港美街,22.563625,120.339266,公園,🌳,高雄市,小港區
203958,亞太路,22.558036,120.334644,公園,🌳,高雄市,小港區
203962,公園,22.531306,120.337109,公園,🌳,高雄市,小港區
203966,沿海三路,22.515407,120.361845,公園,🌳,高雄市,小港區
203970,王公一路82巷,22.510868,120.388551,公園,🌳,高雄市,林園區
203974,台灣中油石化事業部,22.497521,120.406495,公園,🌳,高雄市,林園區
203978,公園,22.48983,120.394566,公園,🌳,高雄市,林園區
203982,東汕路,22.476953,120.413366,公園,🌳,高雄市,林園區
203987,高雄長庚紀念醫院,22.648997,120.358617,公園,🌳,高雄市,鳥松區
203991,汾陽路,22.649921,120.338943,公園,🌳,高雄市,三民區
203995,法音禪寺,22.649426,120.311793,公園,🌳,高雄市,三民區
203996,鐵道二街,22.639115,120.311343,公園,🌳,高雄市,三民區
203998,公園,22.639395,120.307287,公園,🌳,高雄市,三民區
203999,鐵道一街,22.637845,120.32064,公園,🌳,高雄市,三民區
204000,五福一路,22.627294,120.317047,公園,🌳,高雄市,苓雅區
204001,高雄市三民區莊敬國民小學,22.657177,120.32458,公園,🌳,高雄市,三民區
204003,中山高速公路,22.662989,120.330184,公園,🌳,高雄市,三民區
204005,極品家具有限公司,22.671616,120.332494,公園,🌳,高雄市,三民區
204007,京中四街,22.678987,120.332697,公園,🌳,高雄市,仁武區
204008,大全一巷,22.673086,120.340783,公園,🌳,高雄市,仁武區
204012,赤西四街76巷,22.679312,120.34333,公園,🌳,高雄市,仁武區
204013,仁勇西巷,22.678936,120.352784,公園,🌳,高雄市,仁武區
204014,仁勇路,22.673065,120.35247,公園,🌳,高雄市,仁武區
204015,仁慈路35巷,22.670937,120.35898,公園,🌳,高雄市,仁武區
204016,西岸道路,22.663736,120.344648,公園,🌳,高雄市,鳥松區
204017,鎮北北巷,22.645373,120.36637,公園,🌳,高雄市,鳥松區
204018,北賢街,22.646997,120.37032,公園,🌳,高雄市,鳳山區
204022,美山路30巷,22.640788,120.380737,公園,🌳,高雄市,鳥松區
204028,公園,22.654871,120.429967,公園,🌳,高雄市,大樹區
204029,河堤路一段,22.638446,120.418987,公園,🌳,高雄市,大寮區
204030,公園,22.673225,120.422373,公園,🌳,高雄市,大樹區
204031,仁心路327巷,22.696061,120.370373,公園,🌳,高雄市,仁武區
204032,仁林路,22.699164,120.3678,公園,🌳,高雄市,仁武區
204034,橫山二巷,22.711256,120.379623,公園,🌳,高雄市,仁武區
204037,光華路20巷,22.746866,120.349611,公園,🌳,高雄市,大社區
204040,文奇路110巷22弄,22.672247,120.308611,公園,🌳,高雄市,左營區
204041,旗津營區,22.605202,120.275477,公園,🌳,高雄市,旗津區
204046,溪埔路3巷,22.728488,120.44321,公園,🌳,高雄市,大樹區
204049,台塑石油,22.869931,120.495029,公園,🌳,高雄市,旗山區
204052,合心路40巷,22.96336,120.540722,公園,🌳,高雄市,杉林區
204057,公園路二街,23.081695,120.592317,公園,🌳,高雄市,甲仙區
204060,東安路36巷,22.863571,120.268931,公園,🌳,高雄市,路竹區
204063,路科九路,22.841766,120.248817,公園,🌳,高雄市,路竹區
204066,本洲三街,22.811029,120.261734,公園,🌳,高雄市,岡山區
204069,育才路,22.8084,120.280159,公園,🌳,高雄市,岡山區
204072,公園,22.826636,120.284536,公園,🌳,高雄市,路竹區
204076,東方路398巷,22.881086,120.23878,公園,🌳,高雄市,湖內區
204085,莒光路三段,22.910033,120.187376,公園,🌳,高雄市,茄萣區
204089,福安路27巷,22.90381,120.22831,公園,🌳,高雄市,湖內區
204090,港嘴二路135巷18弄,22.493856,120.383767,公園,🌳,高雄市,林園區
204095,北林路,22.563476,120.365614,公園,🌳,高雄市,小港區
204102,港順街,22.569725,120.332969,公園,🌳,高雄市,小港區
204105,南衙路,22.579039,120.324949,公園,🌳,高雄市,前鎮區
204109,高雄市鳳山區正義國民小學,22.603683,120.339153,公園,🌳,高雄市,鳳山區
204113,保泰路220巷,22.600153,120.332183,公園,🌳,高雄市,鳳山區
204117,前鎮分局,22.608316,120.318663,公園,🌳,高雄市,前鎮區
204121,高雄市立英明國民中學,22.616115,120.32359,公園,🌳,高雄市,苓雅區
204131,高雄市左營區新上國民小學,22.656786,120.311143,公園,🌳,高雄市,左營區
204134,大和街,22.655253,120.326167,公園,🌳,高雄市,三民區
204135,金山路,22.662966,120.325797,公園,🌳,高雄市,三民區
204136,民族一路,22.66372,120.316924,公園,🌳,高雄市,三民區
204137,文育路,22.675826,120.316307,公園,🌳,高雄市,左營區
204143,左營下路,22.687778,120.295943,公園,🌳,高雄市,左營區
204144,海富路,22.694618,120.2884,公園,🌳,高雄市,左營區
204145,右昌一巷155弄,22.708824,120.28831,公園,🌳,高雄市,楠梓區
204148,壽民路101巷,22.719441,120.295426,公園,🌳,高雄市,楠梓區
204153,竹楠路,22.708029,120.33316,公園,🌳,高雄市,仁武區
204156,京吉一路,22.680965,120.342027,公園,🌳,高雄市,仁武區
204161,民貴街,22.634332,120.383813,公園,🌳,高雄市,大寮區
204169,285棟展演場,22.617898,120.34413,公園,🌳,高雄市,鳳山區
204175,澄清路,22.635749,120.344257,公園,🌳,高雄市,三民區
204179,光華東路,22.617716,120.358403,公園,🌳,高雄市,鳳山區
204183,頂新二街,22.58702,120.3647,公園,🌳,高雄市,鳳山區
204193,時代大道,22.596785,120.310006,公園,🌳,高雄市,前鎮區
204194,中山三路,22.602906,120.310039,公園,🌳,高雄市,前鎮區
204198,國城UFO_B棟,22.603866,120.29838,公園,🌳,高雄市,前鎮區
204202,大同一路,22.626762,120.298443,公園,🌳,高雄市,新興區
204204,中和街,22.640399,120.290767,公園,🌳,高雄市,三民區
204209,市立鼓山游泳池,22.65657,120.27699,公園,🌳,高雄市,鼓山區
204216,大學二十七街,22.722281,120.28125,公園,🌳,高雄市,楠梓區
204218,南北路,22.75644,120.27897,公園,🌳,高雄市,橋頭區
204223,鵬程東一路,22.783916,120.293654,公園,🌳,高雄市,岡山區
204228,港一街,22.727256,120.258897,公園,🌳,高雄市,梓官區
204231,土庫八街,22.744776,120.334425,公園,🌳,高雄市,楠梓區
204237,公園,22.909411,120.558428,公園,🌳,高雄市,美濃區
204239,江埤路,22.65248,120.38924,公園,🌳,高雄市,鳥松區
204240,瑞芳街40巷,22.627965,120.367843,公園,🌳,高雄市,鳳山區
204241,博愛路499巷1弄,22.630317,120.36426,公園,🌳,高雄市,鳳山區
204244,文教路43巷9弄,22.633066,120.351763,公園,🌳,高雄市,鳳山區
204252,二聖二路,22.614398,120.313257,公園,🌳,高雄市,前鎮區
204255,公園,22.590785,120.302866,公園,🌳,高雄市,前鎮區
204256,南光街,22.594833,120.33291,公園,🌳,高雄市,鳳山區
204257,明鳳七街,22.584555,120.33483,公園,🌳,高雄市,前鎮區
204260,學府路,22.565411,120.3606,公園,🌳,高雄市,小港區
204263,鳳德街,22.561128,120.36875,公園,🌳,高雄市,小港區
204264,孔宅街,22.579506,120.371733,公園,🌳,高雄市,小港區
204271,和興街,22.620659,120.358696,公園,🌳,高雄市,鳳山區
204276,同盟一路,22.651762,120.306243,公園,🌳,高雄市,三民區
204278,自立一路,22.650489,120.29681,公園,🌳,高雄市,三民區
204282,青泉街,22.649264,120.27462,公園,🌳,高雄市,鼓山區
204285,榮光街,22.685249,120.321437,公園,🌳,高雄市,左營區
204289,中華路,22.727595,120.35018,公園,🌳,高雄市,大社區
204293,德豐街,22.728173,120.2983,公園,🌳,高雄市,楠梓區
204296,中泰街76巷,22.71624,120.284871,公園,🌳,高雄市,楠梓區
204301,鳳林路126巷,22.528121,120.345526,公園,🌳,高雄市,小港區
204306,建國一路,22.634941,120.317927,公園,🌳,高雄市,三民區
204309,二聖二路135巷8弄,22.612214,120.312907,公園,🌳,高雄市,前鎮區
204312,善美路,22.601199,120.334277,公園,🌳,高雄市,鳳山區
204317,國昌路5巷,22.618095,120.35266,公園,🌳,高雄市,鳳山區
204332,北平路,22.637016,120.367543,公園,🌳,高雄市,鳳山區
204335,褒揚街,22.640495,120.343477,公園,🌳,高雄市,三民區
204338,海洋二路99巷,22.612095,120.347723,公園,🌳,高雄市,鳳山區
204343,民興街,22.60929,120.311446,公園,🌳,高雄市,前鎮區
204344,民權二路442巷,22.612195,120.314993,公園,🌳,高雄市,前鎮區
204345,高雄市立苓雅國民中學,22.618438,120.306223,公園,🌳,高雄市,苓雅區
204350,翠華路,22.662396,120.284667,公園,🌳,高雄市,鼓山區
204356,民族一路,22.684537,120.320387,公園,🌳,高雄市,左營區
204362,鳳東路,22.620211,120.375553,公園,🌳,高雄市,鳳山區
204386,同盟三路246巷,22.639309,120.286,公園,🌳,高雄市,三民區
204392,廈莊三街,22.582429,120.36037,公園,🌳,高雄市,小港區
204413,萬榮圖書館,23.714881,121.410515,圖書館,📚,花蓮縣,萬榮村
204414,西屯路,24.192827,120.588018,餐廳,🍴,臺中市,沙鹿區
204415,公老坪,24.263457,120.75359,森林,🌲,臺中市,豐原區
204416,成都-沙鹿,24.246682,120.56404,拉麵店,🍜,臺中市,沙鹿區
204420,旗南三路,22.774015,120.448976,公車站,🚌,高雄市,旗山區
204422,樹樺農場,22.774808,120.43544,公車站,🚌,高雄市,旗山區
204423,馬場,22.78047,120.42584,公車站,🚌,高雄市,燕巢區
204424,深興路,22.77305,120.393444,公車站,🚌,高雄市,燕巢區
204425,橫山國小,22.767541,120.37942,公車站,🚌,高雄市,燕巢區
204426,橫山路95巷,22.760606,120.369597,公車站,🚌,高雄市,燕巢區
204428,鳳旗路,22.756169,120.358247,公車站,🚌,高雄市,燕巢區
204431,萬金路,22.752175,120.34243,公車站,🚌,高雄市,大社區
204433,海峰,22.76365,120.33281,公車站,🚌,高雄市,橋頭區
204435,公車站,22.741081,120.339261,公車站,🚌,高雄市,大社區
204441,外環西路,22.713614,120.301857,公車站,🚌,高雄市,楠梓區
204442,後勁宿舍,22.71162,120.30831,公車站,🚌,高雄市,楠梓區
204445,軍校路,22.701215,120.292623,公車站,🚌,高雄市,左營區
204446,緯九路,22.69527,120.28753,公車站,🚌,高雄市,左營區
204449,海功東路,22.69282,120.301686,公車站,🚌,高雄市,左營區
204451,文府國小(重忠路口),22.69235,120.31394,公車站,🚌,高雄市,左營區
204455,高楠公路,22.71444,120.325747,公車站,🚌,高雄市,楠梓區
204456,竹楠路,22.710151,120.33431,公車站,🚌,高雄市,仁武區
204459,三民路,22.718074,120.351543,公車站,🚌,高雄市,大社區
204460,文安二街,22.706269,120.353367,公車站,🚌,高雄市,仁武區
204462,八卦寮,22.69604,120.34822,公車站,🚌,高雄市,仁武區
204464,赤富街,22.673906,120.34744,公車站,🚌,高雄市,仁武區
204468,成功路,22.67926,120.362173,公車站,🚌,高雄市,仁武區
204470,久保祥公司,22.69183,120.37001,公車站,🚌,高雄市,仁武區
204472,油庫,22.70098,120.38788,公車站,🚌,高雄市,仁武區
204473,公館一巷,22.712245,120.38826,公車站,🚌,高雄市,仁武區
204474,和山路,22.700189,120.40466,公車站,🚌,高雄市,大樹區
204476,興山北極殿,22.69374,120.426383,公車站,🚌,高雄市,大樹區
204479,姑山路,22.707831,120.437977,公車站,🚌,高雄市,大樹區
204481,溪埔國小,22.72238,120.44345,公車站,🚌,高雄市,大樹區
204483,興田路,22.737175,120.448107,公車站,🚌,高雄市,大樹區
204488,中正一路,22.677679,120.424773,公車站,🚌,高雄市,大樹區
204490,竹寮路,22.663459,120.42564,公車站,🚌,高雄市,大樹區
204491,九曲堂營區,22.654549,120.42304,公車站,🚌,高雄市,大樹區
204494,江山社區活動中心,22.63584,120.41065,公車站,🚌,高雄市,大寮區
204496,文昌路,22.63601,120.400847,公車站,🚌,高雄市,大寮區
204499,中庄,22.63097,120.38443,公車站,🚌,高雄市,大寮區
204501,前庄路,22.624469,120.395067,公車站,🚌,高雄市,大寮區
204503,琉球路,22.614065,120.411523,公車站,🚌,高雄市,大寮區
204504,上寮路口(至學路),22.60804,120.42246,公車站,🚌,高雄市,大寮區
204510,華中南路,22.570955,120.42875,公車站,🚌,高雄市,大寮區
204511,潮寮國中,22.5643,120.42507,公車站,🚌,高雄市,大寮區
204515,台灣中油,22.548565,120.412056,公車站,🚌,高雄市,大寮區
204517,鳳林一路82巷,22.53962,120.404733,便利店,🏪,高雄市,大寮區
204518,中厝路,22.528482,120.39882,公車站,🚌,高雄市,林園區
204520,清水寺,22.51301,120.40242,公車站,🚌,高雄市,林園區
204522,良聯工業,22.500438,120.40599,公車站,🚌,高雄市,林園區
204523,沿海路四段,22.500815,120.385907,公車站,🚌,高雄市,林園區
204524,中門路,22.50404,120.376087,公車站,🚌,高雄市,林園區
204526,鳳鼻頭港,22.50964,120.36003,公車站,🚌,高雄市,小港區
204528,鳳西街,22.52398,120.34574,公車站,🚌,高雄市,小港區
204531,中利路口,22.53033,120.35759,公車站,🚌,高雄市,小港區
204535,中林路,22.538515,120.369013,公車站,🚌,高雄市,小港區
204538,永光街,22.550311,120.36612,公車站,🚌,高雄市,小港區
204540,高坪11路,22.5463,120.37994,公車站,🚌,高雄市,小港區
204542,高坪66路,22.5598,120.38288,公車站,🚌,高雄市,小港區
204543,大平路,22.56162,120.392007,公車站,🚌,高雄市,小港區
204544,新厝路公墓,22.56167,120.40263,公車站,🚌,高雄市,大寮區
204546,過溪路口,22.57563,120.41617,公車站,🚌,高雄市,大寮區
204548,大崎腳(大寮),22.58216,120.40703,公車站,🚌,高雄市,大寮區
204553,溪寮路,22.629116,120.420317,公車站,🚌,高雄市,大寮區
204554,久堂路,22.658191,120.41402,公車站,🚌,高雄市,大樹區
204556,公車站,22.664551,120.405273,公車站,🚌,高雄市,大樹區
204560,龍目路,22.684835,120.413843,公車站,🚌,高雄市,大樹區
204562,水美加油站,22.6583,120.39954,公車站,🚌,高雄市,鳥松區
204563,同富街,22.657761,120.385173,公車站,🚌,高雄市,鳥松區
204566,水管路口(神農路),22.65945,120.37365,公車站,🚌,高雄市,鳥松區
204568,公園路,22.652516,120.359793,公車站,🚌,高雄市,鳥松區
204574,高雄市議會(忠孝國中),22.61993,120.34719,公車站,🚌,高雄市,鳳山區
204575,五甲一路,22.615299,120.352867,公車站,🚌,高雄市,鳳山區
204578,高雄市立鳳翔國民中學,22.597389,120.347483,公車站,🚌,高雄市,中崙
204583,明聖街,22.582615,120.34455,公車站,🚌,高雄市,小港區
204586,台機路,22.561926,120.34831,公車站,🚌,高雄市,小港區
204589,台糖聯結車停車場,22.576382,120.33089,公車站,🚌,高雄市,前鎮區
204591,高雄市立前鎮高級中學,22.58926,120.318897,公車站,🚌,高雄市,前鎮區
204594,成功二路,22.597761,120.304193,公車站,🚌,高雄市,前鎮區
204595,南七路口,22.59029,120.29659,公車站,🚌,高雄市,前鎮區
204598,海星幼稚園,22.59262,120.28398,公車站,🚌,高雄市,旗津區
204601,中洲三路,22.600769,120.277737,公車站,🚌,高雄市,旗津區
204607,遼北街,22.647128,120.29343,公車站,🚌,高雄市,三民區
204608,高雄市鼓山區中山國民小學,22.65676,120.289333,公車站,🚌,高雄市,鼓山區
204609,青峰街66巷,22.659165,120.276293,公車站,🚌,高雄市,鼓山區
204616,勝利路,22.676475,120.293987,公車站,🚌,高雄市,左營區
204617,先鋒路,22.67864,120.28276,公車站,🚌,高雄市,左營區
204622,大舍南路(典寶橋),22.7392,120.26453,公車站,🚌,高雄市,梓官區
204624,赤崁東路173巷,22.741494,120.251664,公車站,🚌,高雄市,梓官區
204628,南梓官,22.75755,120.26752,公車站,🚌,高雄市,梓官區
204633,彌陀國中(進學路),22.77614,120.24675,公車站,🚌,高雄市,彌陀區
204636,石螺潭,22.77308,120.26845,公車站,🚌,高雄市,岡山區
204639,清水路,22.777856,120.281557,公車站,🚌,高雄市,岡山區
204642,介壽路,22.783552,120.29613,超市,🛒,高雄市,岡山區
204643,樂安醫院,22.79242,120.28088,公車站,🚌,高雄市,岡山區
204649,本工西路,22.816316,120.266746,公車站,🚌,高雄市,岡山區
204652,高雄科學園區,22.82887,120.26015,公車站,🚌,高雄市,路竹區
204653,路科八路口,22.83635,120.2598,公車站,🚌,高雄市,路竹區
204657,保安路16巷,22.83534,120.235755,公車站,🚌,高雄市,永安區
204658,下甲,22.84794,120.23022,公車站,🚌,高雄市,路竹區
204661,東方路365巷25弄,22.877906,120.239012,公車站,🚌,高雄市,湖內區
204664,三興宮,22.89891,120.22293,公車站,🚌,高雄市,湖內區
204665,充龍街,22.908535,120.216906,公車站,🚌,高雄市,湖內區
204668,中正路二段580巷,22.91203,120.195708,公車站,🚌,高雄市,湖內區
204669,白砂路319巷,22.915501,120.184569,公車站,🚌,高雄市,茄萣區
204675,元智街,22.873291,120.191947,公車站,🚌,高雄市,茄萣區
204677,興達港(正大路),22.87875,120.20389,公車站,🚌,高雄市,茄萣區
204682,竹園里,22.87544,120.29205,公車站,🚌,高雄市,路竹區
204683,中路里,22.88912,120.29292,公車站,🚌,高雄市,阿蓮區
204684,中路國小,22.8944,120.29889,公車站,🚌,高雄市,阿蓮區
204686,社尾路口,22.8919,120.3151,公車站,🚌,高雄市,阿蓮區
204688,後寮,22.88714,120.33457,公車站,🚌,高雄市,阿蓮區
204691,峰山里,22.8763,120.35339,公車站,🚌,高雄市,阿蓮區
204693,崇德市場(消防隊),22.87723,120.38125,公車站,🚌,高雄市,田寮區
204694,月世界,22.88348,120.387,公車站,🚌,高雄市,田寮區
204697,古亭,22.893385,120.403446,公車站,🚌,高雄市,田寮區
204698,鹿埔路,22.885996,120.433386,公車站,🚌,高雄市,內門區
204699,鼓山崎嶺,22.88591,120.46575,公車站,🚌,高雄市,旗山區
204700,秋涼山,22.87946,120.47682,公車站,🚌,高雄市,旗山區
204702,延平二路,22.88179,120.491512,公車站,🚌,高雄市,旗山區
204706,崙仔頂,22.88526,120.50886,公車站,🚌,高雄市,美濃區
204709,中正路二段,22.887395,120.53451,公車站,🚌,高雄市,美濃區
204711,成功路,22.885469,120.554422,公車站,🚌,高雄市,美濃區
204713,中華路74巷,22.875509,120.574184,公車站,🚌,高雄市,美濃區
204719,永昇國術館,22.9058,120.63243,公車站,🚌,高雄市,六龜區
204721,新興(六龜),22.91737,120.6393,公車站,🚌,高雄市,六龜區
204726,復興,22.96369,120.64251,公車站,🚌,高雄市,六龜區
204729,光復路,22.986421,120.636508,公車站,🚌,高雄市,六龜區
204733,新發公路,23.005865,120.655566,公車站,🚌,高雄市,六龜區
204734,和平路,23.028809,120.664032,公車站,🚌,高雄市,六龜區
204737,新發公路,23.052121,120.667426,公車站,🚌,高雄市,六龜區
204741,頂濃路74巷,23.086829,120.680552,公車站,🚌,高雄市,六龜區
204745,興中巷,23.129191,120.718378,公車站,🚌,高雄市,桃源區
204752,高雄市立桃源國民中學,23.179438,120.78021,森林,🌲,高雄市,桃源區
204755,梅山巷,23.274044,120.825181,公車站,🚌,高雄市,桃源區
204757,五里路,23.15051,120.633432,公車站,🚌,高雄市,甲仙區
204758,上直瀨,23.07058,120.647676,公車站,🚌,高雄市,六龜區
204759,養護中心,23.07366,120.58048,公車站,🚌,高雄市,甲仙區
204762,中園路,23.057475,120.560984,公車站,🚌,高雄市,甲仙區
204764,通仙巷,23.032231,120.561048,公車站,🚌,高雄市,杉林區
204768,小木屋,23.0092,120.56843,公車站,🚌,高雄市,杉林區
204772,司馬路,22.986881,120.561282,公車站,🚌,高雄市,杉林區
204774,旗甲公路,22.976684,120.548498,公車站,🚌,高雄市,杉林區
204777,清水路公明巷,22.960781,120.529138,公車站,🚌,高雄市,杉林區
204778,旗甲路四段762巷,22.959762,120.51793,公車站,🚌,高雄市,旗山區
204779,華興路,22.949355,120.51084,公車站,🚌,高雄市,旗山區
204780,中隘,22.93938,120.50649,公車站,🚌,高雄市,旗山區
204784,旗文路,22.904575,120.479464,公車站,🚌,高雄市,旗山區
204785,高雄市立內門國民中學,22.922175,120.453344,公車站,🚌,高雄市,內門區
204786,公車站,22.932209,120.460422,公車站,🚌,高雄市,內門區
204788,內山公路,22.967115,120.467856,公車站,🚌,高雄市,內門區
204791,茄苳巷,23.01712,120.554804,公車站,🚌,高雄市,杉林區
204793,茄苳巷,23.028819,120.540488,公車站,🚌,高雄市,杉林區
204794,雷音寺,22.89862,120.52335,公車站,🚌,高雄市,美濃區
204796,大里街,22.853295,120.468517,公車站,🚌,高雄市,旗山區
204799,後厝巷,22.83223,120.462023,公車站,🚌,高雄市,旗山區
204801,七星路,22.823611,120.40647,公車站,🚌,高雄市,田寮區
204802,田寮,22.83802,120.40651,公車站,🚌,高雄市,田寮區
204803,七星路,22.832715,120.389706,公車站,🚌,高雄市,田寮區
204806,新興路,22.839081,120.36107,公車站,🚌,高雄市,田寮區
204808,山隙路,22.829612,120.34645,公車站,🚌,高雄市,岡山區
204813,嘉興國中,22.82292,120.30922,公車站,🚌,高雄市,岡山區
204816,晉禾公司,22.8075,120.29354,公車站,🚌,高雄市,岡山區
204818,中鴻鋼鐵,22.82459,120.29878,公車站,🚌,高雄市,岡山區
204820,田厝,22.8374,120.3178,公車站,🚌,高雄市,岡山區
204823,營盤代天府,22.86017,120.32857,公車站,🚌,高雄市,阿蓮區
204826,公車站,22.810978,120.31957,公車站,🚌,高雄市,岡山區
204828,三多鋼鐵,22.80742,120.30763,公車站,🚌,高雄市,岡山區
204831,安北路,22.791959,120.346171,公車站,🚌,高雄市,燕巢區
204833,工程路,22.801036,120.357257,公車站,🚌,高雄市,燕巢區
204834,燕巢區公所(中興路),22.78781,120.36236,公車站,🚌,高雄市,燕巢區
204836,角宿路11巷,22.770171,120.359113,公車站,🚌,高雄市,燕巢區
204837,和平路二段,22.729434,120.36082,公車站,🚌,高雄市,大社區
204839,橋新二路(橋新九路),22.73746,120.30729,公車站,🚌,高雄市,橋頭區
204840,仕元路口,22.75594,120.29722,公車站,🚌,高雄市,橋頭區
204845,芋寮路,22.7603,120.28554,公車站,🚌,高雄市,橋頭區
204847,後港巷,22.681094,120.326627,公車站,🚌,高雄市,仁武區
204850,凱旋二路,22.623152,120.32444,公車站,🚌,高雄市,苓雅區
204854,新衙路,22.580725,120.312837,公車站,🚌,高雄市,前鎮區
204859,松園一路,22.572216,120.369327,公車站,🚌,高雄市,小港區
204862,過昌街,22.58688,120.36101,公車站,🚌,高雄市,鳳山區
204865,鳳仁路,22.63587,120.369497,公車站,🚌,高雄市,鳳山區
204866,吳記工廠,22.64474,120.38564,公車站,🚌,高雄市,鳥松區
204869,文安路,22.79408,120.236806,公車站,🚌,高雄市,彌陀區
204871,保安路,22.80443,120.243387,公車站,🚌,高雄市,永安區
204874,本洲路,22.80809,120.258235,公車站,🚌,高雄市,岡山區
204875,保安路6巷,22.81655,120.242211,公車站,🚌,高雄市,永安區
204876,永達路,22.817288,120.22142,公車站,🚌,高雄市,永安區
204877,新港口,22.81776,120.21059,公車站,🚌,高雄市,永安區
204879,塭仔邊,22.8307,120.21166,公車站,🚌,高雄市,永安區
204887,童心幼稚園,22.59152,120.33025,公車站,🚌,高雄市,鳳山區
204890,敦和街2巷,22.572315,120.298617,公車站,🚌,高雄市,旗津區
204892,和平二路438巷,22.618254,120.32271,公車站,🚌,高雄市,苓雅區
204895,建國路三段,22.637195,120.352287,公車站,🚌,高雄市,鳳山區
204896,經武路,22.632495,120.36391,公車站,🚌,高雄市,鳳山區
204897,埤頂里活動中心,22.628614,120.378947,公車站,🚌,高雄市,鳳山區
204898,鳳林四路,22.620795,120.38135,公車站,🚌,高雄市,大寮區
204901,打鐵店,22.62997,120.40548,公車站,🚌,高雄市,大寮區
204905,高雄長庚紀念醫院,22.65044,120.353397,公車站,🚌,高雄市,鳥松區
204912,八德二路28巷,22.695258,120.33152,公車站,🚌,高雄市,仁武區
204914,大吉路515巷,22.734291,120.34795,公車站,🚌,高雄市,大社區
204916,中山路,22.7299,120.367847,公車站,🚌,高雄市,大社區
204919,成功南路信義巷,22.75064,120.313426,公車站,🚌,高雄市,橋頭區
204921,右昌國中,22.71403,120.28735,公車站,🚌,高雄市,楠梓區
204934,深中路,22.772916,120.405064,公車站,🚌,高雄市,燕巢區
204936,問道堂停車場,22.75365,120.44799,公車站,🚌,高雄市,大樹區
204937,得勝巷,22.796561,120.457543,公車站,🚌,高雄市,旗山區
204943,椰樹橋,22.98893,120.46875,公車站,🚌,高雄市,內門區
204945,大愛路,22.965994,120.544242,公車站,🚌,高雄市,杉林區
204953,關山里,23.11271,120.60615,公車站,🚌,高雄市,甲仙區
204954,大光巷,23.276421,120.721259,公車站,🚌,高雄市,那瑪夏區
204957,崙仔頂,22.87925,120.31315,公車站,🚌,高雄市,阿蓮區
204958,九鬮,22.85067,120.32496,公車站,🚌,高雄市,阿蓮區
204962,高雄市立路竹高級中學,22.853995,120.251479,公車站,🚌,高雄市,路竹區
204963,新竹滬,22.86156,120.22742,公車站,🚌,高雄市,路竹區
204964,東方路一段,22.876341,120.213559,公車站,🚌,高雄市,茄萣區
204965,環球北路,22.88237,120.249685,橋樑,🌉,高雄市,湖內區
204976,中港路,22.489676,120.392654,公車站,🚌,高雄市,林園區
204977,台農飼料廠,22.8981,120.23585,公車站,🚌,高雄市,湖內區
204988,台銀仁武分行,22.68236,120.339517,公車站,🚌,高雄市,仁武區
204995,高雄市前鎮區復興國民小學,22.608285,120.311447,公車站,🚌,高雄市,前鎮區
205001,北林路,22.56024,120.368007,公車站,🚌,高雄市,小港區
205003,鳳山熱帶園藝試驗分所,22.64332,120.36357,公車站,🚌,高雄市,鳳山區
205004,全國加油站,22.65073,120.39213,公車站,🚌,高雄市,鳥松區
205012,內門,22.94501,120.46373,公車站,🚌,高雄市,內門區
205013,口隘庄內,22.92033,120.49611,公車站,🚌,高雄市,旗山區
205015,中山路一段,22.902,120.532975,公車站,🚌,高雄市,美濃區
205020,三隆路39巷,22.60102,120.399797,公車站,🚌,高雄市,大寮區
205023,黃埔路,22.622655,120.36551,公車站,🚌,高雄市,鳳山區
205025,武智街,22.62279,120.335293,公車站,🚌,高雄市,苓雅區
205026,建國一路,22.63338,120.32167,公車站,🚌,高雄市,苓雅區
205029,籃球場,22.66157,120.302483,公車站,🚌,高雄市,鼓山區
205043,竹圍南街32巷2弄,22.79842,120.301106,公車站,🚌,高雄市,岡山區
205044,港六街,22.727979,120.258157,公車站,🚌,高雄市,梓官區
205048,和昌街,22.58052,120.321987,橋樑,🌉,高雄市,前鎮區
205052,國軍高雄總醫院,22.62644,120.34232,公車站,🚌,高雄市,苓雅區
205057,鼓山分局,22.670521,120.28596,公車站,🚌,高雄市,鼓山區
205060,大學三十二街312巷,22.73143,120.291206,公車站,🚌,高雄市,楠梓區
205069,萬全街,22.647894,120.307917,公車站,🚌,高雄市,三民區
205071,曾子路,22.682015,120.304233,公車站,🚌,高雄市,左營區
205087,建楠橫路,22.726086,120.328003,公車站,🚌,高雄市,楠梓區
205089,道德街,22.862461,120.262831,公車站,🚌,高雄市,路竹區
205099,鼎貴路,22.673104,120.32469,公車站,🚌,高雄市,三民區
205103,五甲二路310巷,22.59998,120.338377,公車站,🚌,高雄市,鳳山區
205106,大連街口,22.64112,120.30538,公車站,🚌,高雄市,三民區
205109,西門,22.62677,120.35264,公車站,🚌,高雄市,鳳山區
205115,延平路(旗山區公所),22.88779,120.48311,公車站,🚌,高雄市,旗山區
205124,路邊有飯店備品,24.754919,121.716821,飯店,🏨,宜蘭縣,永和村
205125,貓山,22.779458,121.138272,山丘,⛰️,臺東縣,南榮里
205126,495巷,24.77982,121.757365,水邊,🌊,宜蘭縣,茭白里
205127,艾旅motel,22.631894,120.359496,路邊,🛣️,高雄市,鳳山區
205128,曹瑾路,22.630857,120.359618,公園,🌳,高雄市,鳳山區
205129,大漢街142巷,24.252446,120.700343,麵包店,🥐,臺中市,神岡區
205130,華泰路21號,22.667235,120.290844,橋樑,🌉,高雄市,鼓山區
205131,靜洋海洋驛站,22.742421,121.150618,海灘,🏖️,臺東縣,新興里
205132,林口文化路一段,25.085147,121.385813,便利店,🏪,新北市,林口區
205133,水產教父(Seafood Godfather Market),24.144294,120.625859,拉麵店,🍜,臺中市,南屯區
205134,客來吃樂,23.977797,121.590725,餐廳,🍴,花蓮縣,勝安村
205135,新生路及環球路交叉口,22.878705,120.292296,便利店,🏪,高雄市,路竹區
205136,台灣中油股份有限公司竹東服務中心,24.724465,121.099581,電器行,🔌,新竹縣,竹東鎮
205138,永興街265巷15弄,24.113465,120.680418,美容院,💅,臺中市,大里區
205139,嘉義縣健康生活館,23.448429,120.277784,體育館,🏋️,嘉義縣,豊稠村
205140,偏僻小路,23.857316,120.707135,森林,🌲,南投縣,仁和村
205284,中崎路,22.76217,120.32299,餐廳,🍴,高雄市,橋頭區
205286,中民路,22.792637,120.353808,文具店,✏️,高雄市,燕巢區
205298,建工路814巷1弄,22.649059,120.317164,文具店,✏️,高雄市,三民區
205300,桐竹路,22.952766,120.53281,水邊,🌊,高雄市,杉林區
205302,登輝農路,23.240476,120.691201,水邊,🌊,高雄市,那瑪夏區
205303,水邊,22.582016,120.43165,水邊,🌊,高雄市,大寮區
205304,嶺口交流道,22.797069,120.449914,水邊,🌊,高雄市,旗山區
205305,水邊,22.519221,120.372593,水邊,🌊,高雄市,林園區
205306,水邊,22.819196,120.274463,水邊,🌊,高雄市,路竹區
205309,頂濃路,23.087815,120.681097,水邊,🌊,高雄市,六龜區
205310,水邊,22.965056,120.467326,水邊,🌊,高雄市,內門區
205312,中興路,23.109906,120.602783,水邊,🌊,高雄市,甲仙區
205313,南橫公路五段,23.249284,120.817941,水邊,🌊,高雄市,桃源區
205316,麗湖探索教育園區,22.883451,120.444664,主題樂園,🎡,高雄市,田寮區
205318,三桃巷,22.877673,120.474856,主題樂園,🎡,高雄市,旗山區
205321,仁愛路,23.07814,120.582188,自助洗衣店&乾洗店,🧺,高雄市,甲仙區
205324,成功路,22.894371,120.544979,自助洗衣店&乾洗店,🧺,高雄市,美濃區
205326,仕豐路長記巷,22.750156,120.308237,自助洗衣店&乾洗店,🧺,高雄市,橋頭區
205328,翠華路601巷,22.672905,120.28976,超市,🛒,高雄市,舊城
205402,廣西路,22.615758,120.321147,美容院,💅,高雄市,苓雅區
205403,田衙路,22.593995,120.360248,服裝店,👕,高雄市,鳳山區
205410,文中路,22.892324,120.480643,拉麵店,🍜,高雄市,旗山區
205436,林森路107巷,22.593408,120.331769,便利店,🏪,高雄市,鳳山區
205438,長江街,22.610078,120.316017,超市,🛒,高雄市,前鎮區
205444,林森三路60巷,22.611141,120.307912,拉麵店,🍜,高雄市,前鎮區
205465,民生二路,22.625148,120.29558,拉麵店,🍜,高雄市,前金區
205495,必信街,22.622249,120.278857,餐廳,🍴,高雄市,鹽埕區
205511,龍發堂,22.879068,120.254711,車站,🚉,高雄市,路竹區
205512,崙子頂路,22.781552,120.302551,車站,🚉,高雄市,岡山區
205513,二聖路,22.612061,120.32788,車站,🚉,高雄市,前鎮區
205516,大同路428巷,22.85594,120.266097,車站,🚉,高雄市,路竹區
205519,園區南路,22.701385,120.303507,車站,🚉,高雄市,楠梓區
205520,鐵道三街,22.63923,120.292947,車站,🚉,高雄市,三民區
205521,民昌街,22.639786,120.391537,車站,🚉,高雄市,大寮區
205522,九曲路531巷,22.655406,120.42143,車站,🚉,高雄市,大樹區
205523,捷西路,22.622345,120.39132,車站,🚉,高雄市,大寮區
205528,輕軌機廠,22.608255,120.325807,車站,🚉,高雄市,前鎮區
205529,宏毅三路,22.717812,120.30717,車站,🚉,高雄市,楠梓區
205535,鼓山一路,22.629325,120.28,車站,🚉,高雄市,鼓山區
205538,時代大道,22.595,120.303937,車站,🚉,高雄市,前鎮區
205539,武昌路,22.617564,120.327317,車站,🚉,高雄市,苓雅區
205541,裕誠路,22.655154,120.294593,車站,🚉,高雄市,鼓山區
205544,加昌路127巷,22.721901,120.316737,車站,🚉,高雄市,楠梓區
205546,中山東路,22.625528,120.37183,車站,🚉,高雄市,鳳山區
205547,第二月台,22.760875,120.310494,車站,🚉,高雄市,橋頭區
205551,鐵道三街,22.639961,120.298843,服裝店,👕,高雄市,三民區
205584,環西路二段13號,24.962177,121.208354,藥局,💊,桃園市,三民里
205585,大智公園,25.063176,121.493709,公園,🌳,新北市,三重區
205586,泰山路86巷4弄,24.755796,121.744588,動物園,🦒,宜蘭縣,負郭里
205587,同新路68號附近,24.761954,121.731426,飯店,🏨,宜蘭縣,同樂村
205588,三興廟公車站牌,24.708771,121.716328,公車站,🚌,宜蘭縣,深溝村
205589,鰻晏 鰻魚專業料理,24.709911,121.715291,餐廳,🍴,宜蘭縣,深溝村
205590,文具純點,24.088936,120.535597,文具店,✏️,彰化縣,五權里
205591,藝享自然美學苑,23.937086,120.671401,美術館,🖼️,南投縣,永豐里
205592,斯麥爾餐廳附近,24.173865,120.643293,義式餐廳,🍝,臺中市,西屯區
205593,公車亭,24.993493,121.493661,公車站,🚌,新北市,中和區
205594,大水溝,24.995266,121.493264,水邊,🌊,新北市,中和區
205595,博越文理補習班,24.236622,120.561964,飯店,🏨,臺中市,沙鹿區
205598,鼎力路77巷,22.663677,120.321074,便利店,🏪,高雄市,三民區
205599,四維三路,22.618408,120.307083,漢堡,🍔,高雄市,苓雅區
205605,鼎金一巷,22.661266,120.331843,咖啡杯,☕,高雄市,三民區
205607,楠海路,22.688322,120.28678,餐廳,🍴,高雄市,左營區
205608,尚禮街,22.873462,120.19254,咖啡杯,☕,高雄市,茄萣區
205610,咖啡杯,22.748314,120.34666,咖啡杯,☕,高雄市,大社區
205611,50嵐,22.69176,120.42879,咖啡杯,☕,高雄市,大樹區
205612,三藹走廊-手作甜點,22.79882,120.30021,咖啡杯,☕,高雄市,岡山區
205613,茶的魔手,22.84732,120.32404,咖啡杯,☕,高雄市,阿蓮區
205619,高鐵路,22.684221,120.30534,橋樑,🌉,高雄市,左營區
205620,大遼路,22.774984,120.31442,咖啡杯,☕,高雄市,岡山區
205621,民族一路,22.679935,120.31875,咖啡杯,☕,高雄市,左營區
205622,中華路,22.856775,120.256839,咖啡杯,☕,高雄市,路竹區
205625,應安街,22.646316,120.33909,咖啡杯,☕,高雄市,三民區
205626,中山北路122巷58弄,22.79626,120.299974,咖啡杯,☕,高雄市,岡山區
205630,新勝街,22.669564,120.300337,咖啡杯,☕,高雄市,左營區
205631,柳橋西路一段2巷,22.790894,120.282813,咖啡杯,☕,高雄市,岡山區
205634,本華路,22.650715,120.341547,咖啡杯,☕,高雄市,鳥松區
205636,大同路,22.65822,120.387937,咖啡杯,☕,高雄市,鳥松區
205637,後昌路105巷,22.718895,120.31192,咖啡杯,☕,高雄市,楠梓區
205638,力行路,22.603255,120.398323,咖啡杯,☕,高雄市,大寮區
205639,維仁街19巷,22.623036,120.314483,咖啡杯,☕,高雄市,苓雅區
205641,MWD,22.60967,120.30443,飯店,🏨,高雄市,前鎮區
205650,鼎盛街,22.632631,120.290887,咖啡杯,☕,高雄市,前金區
205655,朝明路223巷,22.725621,120.32839,咖啡杯,☕,高雄市,楠梓區
205656,鳥松路,22.661806,120.361533,咖啡杯,☕,高雄市,鳥松區
205659,鳳旗路,22.755535,120.355905,咖啡杯,☕,高雄市,燕巢區
205666,中民路659巷16弄,22.792236,120.35951,咖啡杯,☕,高雄市,燕巢區
205668,正興路,22.64548,120.322243,便利店,🏪,高雄市,三民區
205669,大勇街,22.787192,120.285331,咖啡杯,☕,高雄市,岡山區
205675,新康街151巷,22.609085,120.34426,咖啡杯,☕,高雄市,鳳山區
205679,旗楠路,22.742535,120.339514,咖啡杯,☕,高雄市,楠梓區
205685,九如四路753巷,22.651161,120.278137,咖啡杯,☕,高雄市,鼓山區
205686,自由四路,22.687806,120.318647,咖啡杯,☕,高雄市,左營區
205707,黃興路37巷,22.64583,120.343783,拉麵店,🍜,高雄市,三民區
205713,成功北路,22.763023,120.307974,便利店,🏪,高雄市,橋頭區
205715,中華電信,22.640955,120.332997,咖啡杯,☕,高雄市,三民區
205757,新勝街,22.670091,120.300834,化妝品,💄,高雄市,左營區
205758,鹿鳴橋,22.893993,121.094881,橋樑,🌉,臺東縣,鹿野村
205759,清心福全,24.830721,121.004239,咖啡杯,☕,新竹縣,竹北市
205760,新竹空軍基地,24.821391,120.952048,機場,✈️,新竹市,北區
205761,超市純點,24.802,121.035556,超市,🛒,新竹縣,竹北市
205762,大園菜市場 忠孝三街,25.065344,121.198385,郵局,📮,桃園市,大園里
205763,日光大橋,22.774998,121.125457,橋樑,🌉,臺東縣,南榮里
205764,公車模型,24.239247,120.719427,公車站,🚌,臺中市,豐原區
205765,桃園體育館,24.992927,121.323229,體育館,🏋️,桃園市,三民里
205766,土城NVA排球俱樂部,24.966364,121.445276,水邊,🌊,新北市,土城區
205767,路邊,23.020604,120.218279,路邊,🛣️,臺南市,甲頂里
205768,新劼祥洋傘廠,24.092739,120.554785,服裝店,👕,彰化縣,阿夷里
205769,彰化審計室停車場門口,24.070699,120.550746,體育館,🏋️,彰化縣,介壽里
205772,大學南路,22.728181,120.275632,服裝店,👕,高雄市,楠梓區
205773,民生路,22.899818,120.544196,服裝店,👕,高雄市,美濃區
205774,英義街19巷,22.613422,120.324706,藥局,💊,高雄市,前鎮區
205775,光明路市場巷,22.734338,120.25069,超市,🛒,高雄市,梓官區
205777,建楠新路190巷68弄,22.726098,120.327565,服裝店,👕,高雄市,楠梓區
205779,後昌路,22.717234,120.292323,服裝店,👕,高雄市,楠梓區
206198,屏東市往九如路邊機場純點,22.706348,120.490937,機場,✈️,屏東縣,信和里
206199,龍華路235號-219號之間,22.63427,120.480688,藥局,💊,屏東縣,龍華里
206201,甜點,22.979187,120.216265,甜點店,🍰,臺南市,東區
206202,麻豆公園（公11公園）,23.180289,120.258704,公園,🌳,臺南市,東角里
206203,維新路旁,22.614924,120.363673,水邊,🌊,高雄市,鳳山區
206204,7-11鎮昌門市,22.592146,120.317777,水邊,🌊,高雄市,前鎮區
206205,剪刀純點,22.613014,120.350556,美容院,💅,高雄市,鳳山區
206206,公兒54公園,22.615925,120.351213,公園,🌳,高雄市,鳳山區
206207,Youbike,22.621763,120.352792,公園,🌳,高雄市,鳳山區
206208,九如路二段,22.73031,120.488927,拉麵店,🍜,屏東縣,九清村
206209,釣蝦場附近,23.452357,120.433219,水邊,🌊,嘉義市,西區
206210,雅堂眼鏡,22.679052,120.495063,服裝店,👕,屏東縣,溝美里
206211,中興路,22.691281,120.534884,麵包店,🥐,屏東縣,崙上村
206212,一榀設計,22.624484,120.354813,公園,🌳,高雄市,鳳山區
206213,中華大橋,22.772559,121.16996,橋樑,🌉,臺東縣,中華里
206214,化仁海堤,23.951026,121.605607,海灘,🏖️,花蓮縣,仁安村
206215,車站四葉草,22.792264,121.119926,公園,🌳,臺東縣,南王里
206216,法院郵局純點,24.98417,121.457985,郵局,📮,新北市,土城區
206217,永吉橋上半路,23.980769,121.594793,橋樑,🌉,花蓮縣,國魂里
206218,蕭氏跟忠孝中間路口,23.976607,121.598492,拉麵店,🍜,花蓮縣,主力里
206219,台東高級中學旁的圍牆,22.747898,121.147914,大學&學院,🎓,臺東縣,新興里
206220,南海一街137巷路口,23.957092,121.595278,水邊,🌊,花蓮縣,仁安村
206221,全家旁邊,23.963603,121.595755,餐廳,🍴,花蓮縣,東昌村
206222,三三商行斜對面,23.964656,121.59382,森林,🌲,花蓮縣,東昌村
206223,7-11相鄰全聯旁住家前,23.961974,121.591387,便利店,🏪,花蓮縣,東昌村
206224,檳榔王,23.952354,121.591774,公車站,🚌,花蓮縣,仁安村
206225,金門街151巷17弄,24.990533,121.433766,超市,🛒,新北市,板橋區
206226,宜見川辛,24.655421,121.579658,公園,🌳,宜蘭縣,松羅村
206227,神五洲布袋戲團,23.188138,120.24626,美術館,🖼️,臺南市,大埕里
206228,拉麵,24.335,120.6151,拉麵店,🍜,臺中市,大甲區
206229,崇德十一路,24.189208,120.689687,餐廳,🍴,臺中市,北屯區
206230,北原會館,25.054152,121.594348,圖書館,📚,臺北市,南港區
206231,星巴克 - 南投華陽門市,23.917285,120.684485,咖啡杯,☕,南投縣,漳興里
206232,湖口波羅汶八卦窯,24.884572,121.015346,森林,🌲,新竹縣,新豐鄉
206233,幼獅公園,24.407069,120.647455,公園,🌳,臺中市,大甲區
206234,豪華釣土虱第一格停車格,22.679621,120.489452,拉麵店,🍜,屏東縣,斯文里
206235,愛買,23.034972,120.228335,漢堡,🍔,臺南市,塩洲里
206236,嘉冠喜手工造餅坊,23.448343,120.440532,麵包店,🥐,嘉義市,西區
206237,光裕堂中醫診所舊址,23.470925,120.450757,藥局,💊,嘉義市,西區
206238,崇明十四街與崇德路508巷交會,22.973806,120.225776,餐廳,🍴,臺南市,東區
206239,崇明十三街十巷,22.97375,120.225054,拉麵店,🍜,臺南市,東區
206241,鍬形蟲、橡栗純點,22.709338,120.481933,森林,🌲,屏東縣,玉水村
206242,臺中港務分公司停車場,24.255082,120.52397,郵局,📮,臺中市,梧棲區
206243,自立路山隆通運,24.242747,120.527162,服裝店,👕,臺中市,梧棲區
206244,酒廠前馬路,24.020816,121.633783,森林,🌲,花蓮縣,民心里
206245,軍營往七星潭,24.039701,121.621317,機場,✈️,花蓮縣,大漢村
206246,家樂福gogoro換电站,24.01568,121.610081,超市,🛒,花蓮縣,嘉里村
206247,沙鹿北勢郵局,24.222929,120.570328,郵局,📮,臺中市,沙鹿區
206248,左營文學公園,22.689783,120.31908,公園,🌳,高雄市,左營區
206249,7-11,24.113988,120.505788,便利店,🏪,彰化縣,竹營里
206250,前金國小,22.626544,120.293828,咖哩,🍛,高雄市,前金區
206251,興龍橋,23.452046,120.456774,藥局,💊,嘉義市,東區
206252,唐榮園區側門,24.871359,121.003643,路邊,🛣️,新竹縣,湖口鄉
206253,玉水路68巷前段（超市蘑菇香蕉純點）,22.715899,120.484148,超市,🛒,屏東縣,玉水村
206254,法國麵包純點,24.209364,120.616068,麵包店,🥐,臺中市,西屯區
206255,勞動部勞動及職業衛生研究所,25.051004,121.631263,森林,🌲,新北市,汐止區
206256,郵票純點,23.452687,120.341798,郵局,📮,嘉義縣,後潭里
206257,花蓮煙波飯店,24.115121,121.639985,飯店,🏨,花蓮縣,順安村
206258,約翰先生活力早餐店,24.924874,121.250413,便利店,🏪,桃園市,龍興里
206259,華南高職,23.479106,120.458348,飯店,🏨,嘉義市,東區
206260,新海城釣魚王,25.188862,121.44197,水邊,🌊,新北市,淡水區
206261,淡海郵政總局,25.19706,121.435753,郵局,📮,新北市,淡水區
206262,台積電F25,24.216783,120.614346,森林,🌲,臺中市,大雅區
206263,南簡公園,24.258844,120.543416,公園,🌳,臺中市,梧棲區
206264,虎尾全人關懷中心,23.693647,120.43686,森林,🌲,雲林縣,興南里
206265,85度c中埔店,23.44878,120.458893,咖啡杯,☕,嘉義縣,和睦村
206266,水利閘門,23.453004,120.453373,水邊,🌊,嘉義縣,東區
206267,大智路,22.87986,120.270326,便利店,🏪,高雄市,路竹區
206268,永和街,22.57588,120.421277,便利店,🏪,高雄市,大寮區
206270,OK超商,22.60229,120.40743,便利店,🏪,高雄市,大寮區
206272,陸軍步兵訓練指揮部,22.60959,120.36372,便利店,🏪,高雄市,鳳山區
206273,萊爾富,22.60018,120.42415,便利店,🏪,高雄市,大寮區
206274,松埔北巷,22.666396,120.374337,便利店,🏪,高雄市,鳥松區
206276,大漢路,22.63674,120.382097,便利店,🏪,高雄市,大寮區
206277,便利店,22.684979,120.27538,便利店,🏪,高雄市,左營區
206278,本館路600巷,22.660801,120.334667,便利店,🏪,高雄市,三民區
206280,全家便利商店,22.78898,120.32921,便利店,🏪,高雄市,燕巢區
206281,萊爾富,22.51489,120.40538,便利店,🏪,高雄市,林園區
206282,台灣電力公司高雄區營業處,22.63274,120.281327,便利店,🏪,高雄市,鼓山區
206284,鳳甲一街,22.595462,120.34532,便利店,🏪,高雄市,鳳山區
206285,7-Eleven,22.672775,120.345723,便利店,🏪,高雄市,仁武區
206286,大同二街,22.69221,120.335216,便利店,🏪,高雄市,仁武區
206288,7-Eleven,22.74304,120.29599,便利店,🏪,高雄市,橋頭區
206289,國軍高雄總醫院左營分院,22.701385,120.290783,便利店,🏪,高雄市,左營區
206290,大業北路,22.56085,120.34956,便利店,🏪,高雄市,小港區
206291,和平路,22.758651,120.262263,便利店,🏪,高雄市,梓官區
206292,建國路一段93巷,22.634916,120.37626,便利店,🏪,高雄市,鳳山區
206293,台灣中油,22.72259,120.33074,便利店,🏪,高雄市,楠梓區
206295,埤頂街160巷28弄,22.632541,120.37916,便利店,🏪,高雄市,鳳山區
206298,正義一路,22.872842,120.23685,便利店,🏪,高雄市,湖內區
206299,仕隆南路,22.749745,120.310874,便利店,🏪,高雄市,橋頭區
206300,鳳屏二路,22.640215,120.406083,便利店,🏪,高雄市,大寮區
206302,仁心路,22.695831,120.37364,便利店,🏪,高雄市,仁武區
206303,梓官路177巷,22.758591,120.266863,便利店,🏪,高雄市,梓官區
206305,長泰街,22.5435,120.374447,便利店,🏪,高雄市,小港區
206307,保安路130巷,22.831495,120.235304,便利店,🏪,高雄市,永安區
206308,光明路二段,22.601,120.417557,便利店,🏪,高雄市,大寮區
206309,大舍東路,22.753029,120.266134,便利店,🏪,高雄市,梓官區
206310,海富路,22.6972,120.288753,便利店,🏪,高雄市,左營區
206311,崇明街,22.569051,120.330057,便利店,🏪,高雄市,小港區
206312,新鴻街,22.693049,120.35075,便利店,🏪,高雄市,仁武區
206313,高坪二十二路,22.555995,120.381094,便利店,🏪,高雄市,小港區
206314,會結一路,22.553885,120.42421,便利店,🏪,高雄市,大寮區
206315,神農路,22.658461,120.38151,便利店,🏪,高雄市,鳥松區
206316,松埔路,22.662055,120.36456,便利店,🏪,高雄市,鳥松區
206317,玄中路,22.89497,120.295638,便利店,🏪,高雄市,阿蓮區
206318,清水路,22.96446,120.530934,便利店,🏪,高雄市,杉林區
206319,仕豐路,22.750201,120.306903,便利店,🏪,高雄市,橋頭區
206320,五福路252巷20弄,22.504689,120.401079,便利店,🏪,高雄市,林園區
206322,文安路東段,22.794789,120.241051,便利店,🏪,高雄市,彌陀區
206323,北汕路,22.481205,120.41019,便利店,🏪,高雄市,林園區
206324,鳳林一路300巷,22.54355,120.409137,便利店,🏪,高雄市,大寮區
206325,美山路,22.646035,120.387723,便利店,🏪,高雄市,鳥松區
206326,建成街,22.875338,120.19271,便利店,🏪,高雄市,茄萣區
206327,仁心路,22.685285,120.36341,便利店,🏪,高雄市,仁武區
206329,7-Eleven,22.942699,120.46269,便利店,🏪,高雄市,內門區
206330,鳳仁路,22.713594,120.337793,便利店,🏪,高雄市,仁武區
206331,中正路,22.88161,120.338188,便利店,🏪,高雄市,阿蓮區
206332,7-Eleven,22.89528,120.24012,便利店,🏪,高雄市,湖內區
206334,新生路,22.575265,120.316447,便利店,🏪,高雄市,前鎮區
206338,維新路光明9巷,22.807212,120.24643,便利店,🏪,高雄市,永安區
206339,經武路,22.7393,120.305807,便利店,🏪,高雄市,橋頭區
206340,橋新七路,22.738349,120.316714,便利店,🏪,高雄市,橋頭區
206342,翁園路,22.617681,120.407433,便利店,🏪,高雄市,大寮區
206343,中門路1巷,22.504096,120.371903,便利店,🏪,高雄市,林園區
206346,嘉新東路1巷,22.808615,120.311252,便利店,🏪,高雄市,岡山區
206347,海景路34巷10弄,22.742266,120.263697,便利店,🏪,高雄市,梓官區
206348,光明路二段,22.611185,120.413393,便利店,🏪,高雄市,大寮區
206349,萬丹路,22.614005,120.40362,便利店,🏪,高雄市,大寮區
206350,白砂路181巷,22.911799,120.184352,便利店,🏪,高雄市,茄萣區
206355,中正國防幹部預備學校,22.606702,120.36073,餐廳,🍴,高雄市,鳳山區
206357,高雄市小港區明義國民小學,22.583702,120.36801,便利店,🏪,高雄市,小港區
206359,潮龍路196巷,22.562251,120.42954,便利店,🏪,高雄市,大寮區
206364,中正路,22.87998,120.321296,便利店,🏪,高雄市,阿蓮區
206365,文前路,22.66282,120.358653,便利店,🏪,高雄市,鳥松區
206366,清水路中學巷,22.96903,120.540948,便利店,🏪,高雄市,杉林區
206368,7-Eleven,22.866275,120.536664,便利店,🏪,高雄市,美濃區
206369,萊爾富,22.65083,120.42489,便利店,🏪,高雄市,大樹區
206370,鳳松路41巷,22.634044,120.358587,便利店,🏪,高雄市,鳳山區
206373,高坪六十街,22.557251,120.384244,便利店,🏪,高雄市,小港區
206374,臥牛巷,22.77142,120.387194,便利店,🏪,高雄市,燕巢區
206376,新興路,23.075,120.581376,便利店,🏪,高雄市,甲仙區
206377,松頂街,22.572555,120.37443,便利店,🏪,高雄市,小港區
206384,正大路50巷,22.63305,120.334567,便利店,🏪,高雄市,苓雅區
206385,合興街,22.761515,120.303599,便利店,🏪,高雄市,橋頭區
206388,八德東路,22.68767,120.349287,便利店,🏪,高雄市,仁武區
206389,港埔三路132巷,22.496152,120.38473,便利店,🏪,高雄市,林園區
206392,翁園路,22.61948,120.407977,便利店,🏪,高雄市,大寮區
206393,明誠三路,22.662122,120.30028,便利店,🏪,高雄市,鼓山區
206394,萬金路,22.748605,120.34405,便利店,🏪,高雄市,大社區
206400,中正路,22.897885,120.481589,便利店,🏪,高雄市,旗山區
206401,新開發路,22.723621,120.31043,便利店,🏪,高雄市,楠梓區
206403,五林路惠明巷,22.762051,120.293083,便利店,🏪,高雄市,橋頭區
206404,拕子一街,22.825404,120.32233,便利店,🏪,高雄市,岡山區
206407,鳳仁路,22.68148,120.35587,便利店,🏪,高雄市,仁武區
206409,介壽路,22.78462,120.290103,便利店,🏪,高雄市,岡山區
206410,翠亨南路,22.564831,120.341733,便利店,🏪,高雄市,小港區
206413,仁林路267巷,22.701764,120.391527,便利店,🏪,高雄市,仁武區
206420,神農路,22.649799,120.391293,便利店,🏪,高雄市,鳥松區
206422,高雄市立鼓山高級中學,22.651805,120.275953,便利店,🏪,高雄市,鼓山區
206423,潮安路,22.56591,120.429903,便利店,🏪,高雄市,大寮區
206425,王公路294巷,22.50766,120.387588,便利店,🏪,高雄市,林園區
206430,衆和巷28弄,22.82979,120.314885,便利店,🏪,高雄市,岡山區
206434,國慶六街,22.586635,120.34262,便利店,🏪,高雄市,鳳山區
206435,育才路,22.805874,120.277797,便利店,🏪,高雄市,岡山區
206436,成功一路53巷,22.612796,120.297663,便利店,🏪,高雄市,苓雅區
206438,大學十七街,22.730449,120.281343,便利店,🏪,高雄市,楠梓區
206440,龍德路,22.655574,120.29687,便利店,🏪,高雄市,鼓山區
206441,7-Eleven,22.88307,120.496326,便利店,🏪,高雄市,旗山區
206446,桂陽路257巷,22.581196,120.353257,便利店,🏪,高雄市,小港區
206447,嘉華路,22.82214,120.306651,便利店,🏪,高雄市,岡山區
206448,育德一街,22.667649,120.36058,便利店,🏪,高雄市,鳥松區
206449,中央路,22.718942,120.30514,郵局,📮,高雄市,楠梓區
206452,旗南三路,22.799085,120.458516,便利店,🏪,高雄市,旗山區
206453,石潭北一街1巷,22.775554,120.269417,便利店,🏪,高雄市,岡山區
206454,文昌街,22.634958,120.35365,義式餐廳,🍝,高雄市,鳳山區
206455,光明路121巷,22.732291,120.2495,便利店,🏪,高雄市,梓官區
206459,松興路112巷,22.575035,120.37218,便利店,🏪,高雄市,小港區
206461,協榮路,22.78181,120.282076,便利店,🏪,高雄市,岡山區
206462,紅毛港路,22.592081,120.345034,便利店,🏪,高雄市,鳳山區
206463,7-Eleven,22.85654,120.25333,便利店,🏪,高雄市,路竹區
206467,中興路一段,22.885595,120.535814,便利店,🏪,高雄市,美濃區
206468,便利店,22.723452,120.31463,便利店,🏪,高雄市,楠梓區
206470,7-Eleven,22.57149,120.32207,便利店,🏪,高雄市,前鎮區
206473,高75,22.59101,120.420453,便利店,🏪,高雄市,大寮區
206474,五福二路,22.58782,120.326474,便利店,🏪,高雄市,鳳山區
206475,南正二路64巷,22.599691,120.334707,便利店,🏪,高雄市,鳳山區
206476,松義街,22.56088,120.374913,便利店,🏪,高雄市,小港區
206478,高雄市楠梓區援中國民小學,22.729036,120.277353,便利店,🏪,高雄市,楠梓區
206480,溪埔路,22.719548,120.44372,便利店,🏪,高雄市,大樹區
206481,南屏路,22.918921,120.455579,便利店,🏪,高雄市,內門區
206483,鼎中路762巷,22.674978,120.32354,便利店,🏪,高雄市,三民區
206486,奉化街50巷,22.659188,120.38986,便利店,🏪,高雄市,鳥松區
206487,鳳仁路,22.636425,120.370843,便利店,🏪,高雄市,鳳山區
206488,7-Eleven,22.7774,120.24732,便利店,🏪,高雄市,彌陀區
206499,秀群路499巷,22.71669,120.298954,便利店,🏪,高雄市,楠梓區
206500,學成一街,22.564762,120.36217,便利店,🏪,高雄市,小港區
206502,山明路307巷,22.563051,120.36608,便利店,🏪,高雄市,小港區
206504,東林西路,22.503809,120.387471,便利店,🏪,高雄市,林園區
206514,華泰路,22.667841,120.29136,便利店,🏪,高雄市,鼓山區
206517,富興路,22.92316,120.496515,便利店,🏪,高雄市,旗山區
206522,本館路,22.656379,120.33514,便利店,🏪,高雄市,鳥松區
206523,高雄市左營區左營國民小學,22.691098,120.29412,便利店,🏪,高雄市,左營區
206525,藍昌路163巷,22.717734,120.290033,餐廳,🍴,高雄市,楠梓區
206532,鳳頂路,22.587946,120.358956,便利店,🏪,高雄市,鳳山區
206533,萬丹路,22.613895,120.40702,便利店,🏪,高雄市,大寮區
206537,仁忠路,22.591555,120.396754,便利店,🏪,高雄市,大寮區
206544,新強路235巷,22.612076,120.339053,橋樑,🌉,高雄市,鳳山區
206545,孝先街,22.567944,120.332666,便利店,🏪,高雄市,小港區
206550,鳳旗路,22.756454,120.356866,便利店,🏪,高雄市,燕巢區
206553,林園北路365巷,22.5102,120.393578,餐廳,🍴,高雄市,林園區
206556,大德一路,22.79706,120.305094,便利店,🏪,高雄市,岡山區
206557,保生路,22.90642,120.215178,便利店,🏪,高雄市,湖內區
206559,五和路,22.69336,120.333817,便利店,🏪,高雄市,仁武區
206560,7-Eleven,22.736,120.25563,便利店,🏪,高雄市,梓官區
206563,全家便利商店,22.60777,120.32898,便利店,🏪,高雄市,前鎮區
206565,7-Eleven,22.59611,120.32932,便利店,🏪,高雄市,鳳山區
206567,鎮興路22巷,22.589581,120.31488,便利店,🏪,高雄市,前鎮區
206569,高雄市立鳳西國民中學,22.620024,120.352337,便利店,🏪,高雄市,鳳山區
206583,過埤路84巷8弄,22.590259,120.366,便利店,🏪,高雄市,鳳山區
206589,成功路,22.892791,120.549768,便利店,🏪,高雄市,美濃區
206590,九如一路95巷19弄,22.635804,120.341933,便利店,🏪,高雄市,三民區
206593,民權三街,22.89167,120.484215,便利店,🏪,高雄市,旗山區
206594,楠陽路138巷,22.72343,120.328537,便利店,🏪,高雄市,楠梓區
206595,久昌街,22.710415,120.283687,便利店,🏪,高雄市,楠梓區
206597,安招路,22.791,120.342393,便利店,🏪,高雄市,燕巢區
206603,仁愛街16巷,22.896299,120.223282,便利店,🏪,高雄市,湖內區
206608,美術南三路,22.65286,120.290617,便利店,🏪,高雄市,鼓山區
206612,中正四街,22.72908,120.256837,便利店,🏪,高雄市,梓官區
206615,建國三路,22.638591,120.296847,便利店,🏪,高雄市,三民區
206618,復華路35巷,22.582231,120.363016,便利店,🏪,高雄市,小港區
206626,武昌路70巷,22.619372,120.33418,便利店,🏪,高雄市,苓雅區
206634,美和街13巷,22.786421,120.247427,便利店,🏪,高雄市,彌陀區
206641,赤西一街,22.677694,120.34363,便利店,🏪,高雄市,仁武區
206664,中正路15巷,22.783222,120.2481,藥局,💊,高雄市,彌陀區
206666,中興路197巷,22.857491,120.262891,便利店,🏪,高雄市,路竹區
206676,7-Eleven,22.7977,120.28466,便利店,🏪,高雄市,岡山區
206695,後昌路677巷,22.707931,120.29709,便利店,🏪,高雄市,左營區
206718,林園北路,22.512531,120.394637,便利店,🏪,高雄市,林園區
206864,全家便利商店,22.80315,120.29621,便利店,🏪,高雄市,岡山區
206911,鋼平街,22.562561,120.333649,便利店,🏪,高雄市,小港區
206912,光復路96巷,22.995384,120.634186,便利店,🏪,高雄市,六龜區
206919,霞海路366巷,22.687841,120.323995,便利店,🏪,高雄市,仁武區
206927,堅如路,22.647807,120.34117,便利店,🏪,高雄市,三民區
206979,平豐路101巷13弄,22.987167,120.163771,飯店,🏨,臺南市,安平區
206980,海軍桃園基地(已廢),25.04673,121.24788,機場,✈️,桃園市,宏竹里
206981,文府國小,22.691391,120.315354,路邊,🛣️,高雄市,左營區
206982,重仁公園,22.688422,120.316632,公園,🌳,高雄市,左營區
206983,梧棲運動公園,24.248137,120.528731,公園,🌳,臺中市,梧棲區
206984,雷堡雅魚樂空間,22.669907,120.309117,主題樂園,🎡,高雄市,左營區
206986,饒平郵局,23.775872,120.525345,郵局,📮,雲林縣,四合村
206987,希爾登ONE HOUSE,24.978428,121.526677,公園,🌳,新北市,新店區
206989,髮圈,22.987815,120.165778,服裝店,👕,臺南市,安平區
206990,親子公園,24.782346,121.008963,公園,🌳,新竹市,東區
206991,縣立苑裡高中,24.439312,120.656103,圖書館,📚,苗栗縣,苑南里
206992,光復街巷弄,23.230439,120.347911,電器行,🔌,臺南市,二甲里
206993,友孝路22號,23.48023,120.435391,電器行,🔌,嘉義市,西區
206995,髮圈,23.472466,120.456839,服裝店,👕,嘉義市,東區
206996,披薩義大利麵,23.4933,120.457967,義式餐廳,🍝,嘉義市,東區
206997,山丘,23.476189,120.511508,山丘,⛰️,嘉義縣,江西村
206998,黃梨園點心店,24.844302,121.125092,餐廳,🍴,新竹縣,新埔鎮
206999,建興安泰,23.983658,120.467767,水邊,🌊,彰化縣,角樹村
207000,橋樑,23.465675,120.438076,橋樑,🌉,嘉義市,西區
207001,便利店,23.446754,120.425623,便利店,🏪,嘉義縣,寬士村
207002,公園,23.429922,120.397814,公園,🌳,嘉義縣,水上村
207003,公園,23.429151,120.40574,公園,🌳,嘉義縣,水頭村
207004,斗羅溪,22.465852,120.583835,水邊,🌊,屏東縣,箕湖村
207005,餉潭河流支線,22.469382,120.595926,水邊,🌊,屏東縣,箕湖村
207006,地下一樓 7-11 嘉庚店咖啡機旁,23.463006,120.285511,郵局,📮,嘉義縣,仁和里
207007,居仁國中,24.136961,120.678723,韓國餐廳,🥘,臺中市,西區
207009,澎湖防坡堤,23.583153,119.562439,海灘,🏖️,澎湖縣,重光里
207010,復華八街,24.97121,121.246984,藥局,💊,桃園市,復華里
207011,車又髒了洗車場,23.11823,120.31099,超市,🛒,臺南市,蓮潭里
207012,南三棧,24.093912,121.613737,拉麵店,🍜,花蓮縣,康樂村
207013,龍泉親水公園,24.01729,121.603068,公園,🌳,花蓮縣,佳林村
207014,南三棧公車站,24.095083,121.61374,公車站,🚌,花蓮縣,康樂村
207015,觀海一路,23.453867,120.147192,海灘,🏖️,嘉義縣,東石村
207016,義式,23.46092,120.440517,義式餐廳,🍝,嘉義市,西區
207017,大全聯附近,23.477774,120.436656,超市,🛒,嘉義市,西區
207018,嘉義醫院附近,23.481566,120.428368,便利店,🏪,嘉義市,西區
207019,家樂福後面小路,23.470876,120.43259,超市,🛒,嘉義市,西區
207021,新榮戲院,23.474644,120.445876,電影院,🎬,嘉義市,西區
207022,回歸郵局,23.454273,120.40904,郵局,📮,嘉義縣,三和村
207023,友忠路,23.483006,120.438391,飯店,🏨,嘉義市,西區
207024,自由路,23.485624,120.440721,森林,🌲,嘉義市,西區
207025,玉山飯店附近,23.473381,120.43026,飯店,🏨,嘉義市,西區
207026,髮圈,23.469714,120.428445,服裝店,👕,嘉義市,西區
207027,水上車站,23.435594,120.400144,車站,🚉,嘉義縣,粗溪村
207028,圖書館,23.43466,120.416236,圖書館,📚,嘉義縣,柳林村
207029,賣場,23.43705,120.416603,超市,🛒,嘉義縣,柳鄉村
207030,髮圈,23.445621,120.417298,服裝店,👕,嘉義縣,柳鄉村
207031,U-Power內湖民善站,25.058997,121.57654,餐廳,🍴,臺北市,內湖區
207033,長庚一路與二路交叉路口，偏故宮方向,23.463523,120.289237,大學&學院,🎓,嘉義縣,仁和里
207035,介壽路10巷,22.684291,120.28677,美容院,💅,高雄市,左營區
207038,三姊妹理髮,22.6861,120.28831,美容院,💅,高雄市,左營區
207053,南台橫路,22.634264,120.296587,拉麵店,🍜,高雄市,前金區
207723,華光路,22.868732,120.238437,服裝店,👕,高雄市,路竹區
207729,橋南路,22.744703,120.319144,車站,🚉,高雄市,橋頭區
207775,東昌街,22.719854,120.290614,拉麵店,🍜,高雄市,楠梓區
207819,鳳鼻頭營區,22.508324,120.360406,海灘,🏖️,高雄市,小港區
207821,港嘴二路,22.492847,120.382448,海灘,🏖️,高雄市,林園區
207822,南屏路,22.918824,120.455231,拉麵店,🍜,高雄市,內門區
207825,新鎮超市,22.64274,120.38248,超市,🛒,高雄市,鳥松區
207827,全聯福利中心,22.621845,120.34848,超市,🛒,高雄市,鳳山區
207828,仁愛路69巷,22.868606,120.267277,超市,🛒,高雄市,路竹區
207829,店中路,22.562215,120.351876,超市,🛒,高雄市,小港區
207832,中興南路新立巷,22.687748,120.43358,超市,🛒,高雄市,大樹區
207833,大社果菜市場,22.72977,120.35513,超市,🛒,高雄市,大社區
207834,美廉社,22.56163,120.42869,超市,🛒,高雄市,大寮區
207835,茄萣路一段,22.89726,120.183825,超市,🛒,高雄市,茄萣區
207836,育英路,22.791254,120.283513,超市,🛒,高雄市,岡山區
207839,全聯福利中心,22.741921,120.31648,超市,🛒,高雄市,橋頭區
207840,東林西路436巷,22.504255,120.384821,超市,🛒,高雄市,林園區
207842,慈惠三街,22.675549,120.34946,超市,🛒,高雄市,仁武區
207845,814百貨生鮮超市,22.714435,120.305173,超市,🛒,高雄市,楠梓區
207846,高雄市立小港國民中學,22.566315,120.336646,超市,🛒,高雄市,小港區
207848,松興路,22.57449,120.372714,超市,🛒,高雄市,小港區
207849,進學路129巷,22.60402,120.394667,超市,🛒,高雄市,大寮區
207850,中泰街,22.716596,120.285773,超市,🛒,高雄市,楠梓區
207851,赤西三街,22.677889,120.341657,超市,🛒,高雄市,仁武區
207852,海富路,22.698845,120.288223,超市,🛒,高雄市,左營區
207854,林園高中,22.514641,120.394364,超市,🛒,高雄市,林園區
207856,清水路合興巷,22.962626,120.532258,超市,🛒,高雄市,杉林區
207858,鳳東路,22.624601,120.376703,超市,🛒,高雄市,鳳山區
207864,頂豐街,22.585877,120.356469,超市,🛒,高雄市,鳳山區
207865,清華街本昌巷,22.649161,120.34325,超市,🛒,高雄市,鳥松區
207866,民生街309巷,22.78835,120.246819,超市,🛒,高雄市,彌陀區
207867,金華街29巷,22.659214,120.390893,超市,🛒,高雄市,鳥松區
207870,自由路,22.760042,120.26947,超市,🛒,高雄市,梓官區
207871,保生路,22.59299,120.357457,超市,🛒,高雄市,鳳山區
207872,大仁北路,22.80231,120.301606,超市,🛒,高雄市,岡山區
207874,德民路,22.725052,120.30207,超市,🛒,高雄市,楠梓區
207876,中山路768巷,22.854945,120.259926,超市,🛒,高雄市,路竹區
207877,海平路,22.690481,120.291473,超市,🛒,高雄市,左營區
207879,天倫街,22.572596,120.323046,超市,🛒,高雄市,前鎮區
207884,霞海路,22.682539,120.323093,超市,🛒,高雄市,仁武區
207889,南汕巷,22.587104,120.289206,超市,🛒,高雄市,旗津區
207891,和成路,22.591285,120.33874,超市,🛒,高雄市,鳳山區
207897,文昌一街56巷,22.63312,120.35434,超市,🛒,高雄市,鳳山區
207903,金山路133巷10弄,22.661068,120.32405,超市,🛒,高雄市,三民區
207904,城峰路,22.67307,120.287806,公園,🌳,高雄市,左營區
207908,民揚路,22.637595,120.39009,超市,🛒,高雄市,大寮區
207909,瑞興路369巷,22.630421,120.36716,超市,🛒,高雄市,鳳山區
207910,燕新一街,22.792176,120.35833,超市,🛒,高雄市,燕巢區
207913,立竹街,22.656566,120.417923,超市,🛒,高雄市,大樹區
207915,勵志二路,22.790136,120.294996,超市,🛒,高雄市,岡山區
207927,五權路,22.627375,120.353937,超市,🛒,高雄市,鳳山區
207941,大聖街,22.724825,120.35263,超市,🛒,高雄市,大社區
207942,永新四街,22.684605,120.335143,超市,🛒,高雄市,仁武區
207958,保生路,22.907125,120.219426,超市,🛒,高雄市,湖內區
207961,東門路,22.66876,120.29676,超市,🛒,高雄市,鼓山區
207967,保義街,22.596325,120.349983,超市,🛒,高雄市,鳳山區
207992,花旗二路304巷,22.879171,120.458328,飯店,🏨,高雄市,旗山區
207993,瑞金街,22.597641,120.3204,飯店,🏨,高雄市,前鎮區
207997,漁港南二路,22.565896,120.316016,飯店,🏨,高雄市,前鎮區
208002,文賢南路37巷,22.503015,120.393796,飯店,🏨,高雄市,林園區
208019,林森四路,22.608676,120.301703,飯店,🏨,高雄市,前鎮區
208235,文學路399巷,22.689935,120.314657,餐廳,🍴,高雄市,左營區
208601,竹圍中街,22.8014,120.302751,餐廳,🍴,高雄市,岡山區
208603,富農路,22.656665,120.294777,義式餐廳,🍝,高雄市,鼓山區
208605,榮富街,22.678535,120.320527,義式餐廳,🍝,高雄市,左營區
208608,德維街,22.728457,120.309943,餐廳,🍴,高雄市,楠梓區
208715,鳳加路,22.75221,120.36148,路邊,🛣️,高雄市,燕巢區
208716,高133,23.06721,120.68348,水邊,🌊,高雄市,六龜區
208717,工業二路,22.50371,120.41398,水邊,🌊,高雄市,林園區
208718,華山路,22.92721,120.50148,路邊,🛣️,高雄市,旗山區
208719,中正路二段290巷,22.90971,120.20748,路邊,🛣️,高雄市,湖內區
208720,智崴資訊科技,22.60521,120.29848,公園,🌳,高雄市,前鎮區
208721,民族路,22.88521,120.33698,路邊,🛣️,高雄市,阿蓮區
208722,路邊,22.64021,120.42448,路邊,🛣️,高雄市,大寮區
208723,維新路光明10巷,22.80471,120.24598,路邊,🛣️,高雄市,永安區
208724,聖湖社區活動中心,22.80471,120.45948,路邊,🛣️,高雄市,旗山區
208725,田寮巷,23.06371,120.57148,路邊,🛣️,高雄市,甲仙區
208726,軍工橋,22.70671,120.26348,路邊,🛣️,高雄市,楠梓區
208727,路邊,23.01121,120.49098,路邊,🛣️,高雄市,內門區
208728,路邊,22.52471,120.31948,路邊,🛣️,高雄市,小港區
208729,新發公路,22.99371,120.64498,路邊,🛣️,高雄市,六龜區
208730,仁孝路407巷,22.67521,120.34398,路邊,🛣️,高雄市,仁武區
208731,路邊,22.73121,120.44898,路邊,🛣️,高雄市,大樹區
208732,路邊,22.81171,120.32298,路邊,🛣️,高雄市,岡山區
208733,孔鳳路,22.58071,120.36848,公車站,🚌,高雄市,小港區
208734,仁愛路33巷,22.86771,120.26698,路邊,🛣️,高雄市,路竹區
208735,磚廠巷,22.86771,120.47348,路邊,🛣️,高雄市,旗山區
208736,田單四街,22.57371,120.43148,路邊,🛣️,高雄市,大寮區
208737,興達路,22.85371,120.19698,路邊,🛣️,高雄市,茄萣區
208738,公館一巷,22.71021,120.39648,路邊,🛣️,高雄市,仁武區
208739,中崙路53巷,22.75921,120.27398,路邊,🛣️,高雄市,梓官區
208740,介壽路,22.68449,120.280914,電影院,🎬,高雄市,左營區
208744,民族一路946巷,22.674574,120.319242,水邊,🌊,高雄市,左營區
208746,公園,22.694556,120.290307,公園,🌳,高雄市,左營區
208748,建國一路64巷,22.631569,120.33588,電器行,🔌,高雄市,苓雅區
208749,楠海路,22.684791,120.28645,電器行,🔌,高雄市,左營區
208759,國軍高雄總醫院岡山分院,22.789936,120.287137,電器行,🔌,高雄市,岡山區
208762,瑞興路,22.624068,120.36801,電器行,🔌,高雄市,鳳山區
208763,鳳楠路230巷,22.726241,120.33012,電器行,🔌,高雄市,楠梓區
208764,仁忠五街,22.678705,120.35566,電器行,🔌,高雄市,仁武區
208774,柳橋西路38巷2弄,22.791371,120.287095,電器行,🔌,高雄市,岡山區
209005,中石化大社廠資訊課圖書館,22.72528,120.340447,圖書館,📚,高雄市,大社區
209006,南安國小,22.763954,120.244867,圖書館,📚,高雄市,彌陀區
209007,中華路,22.8553,120.251309,圖書館,📚,高雄市,路竹區
209008,中和街,22.8559,120.258036,圖書館,📚,高雄市,路竹區
209011,海功路,22.692556,120.297,圖書館,📚,高雄市,左營區
209012,溪埔路3巷,22.729679,120.4443,圖書館,📚,高雄市,大樹區
209013,山仙路,22.974201,120.540628,水邊,🌊,高雄市,杉林區
209014,九如一路619巷,22.63829,120.324953,車站,🚉,高雄市,三民區
209017,高雄市三民區河堤國民小學,22.662656,120.31532,圖書館,📚,高雄市,三民區
209018,仁義巷,22.700396,120.347303,圖書館,📚,高雄市,仁武區
209025,四維三路,22.620326,120.313187,圖書館,📚,高雄市,苓雅區
209026,中正路,22.917834,120.455624,圖書館,📚,高雄市,內門區
209348,嶺拔林街,22.847263,120.313098,橋樑,🌉,高雄市,阿蓮區
209349,綠茂橋,23.12603,120.71108,橋樑,🌉,高雄市,桃源區
209350,雙園大橋,22.4978,120.41238,橋樑,🌉,屏東縣,林園區
209351,新威大橋,22.891912,120.630417,橋樑,🌉,高雄市,六龜區
209352,馬卡道路,22.65016,120.28155,車站,🚉,高雄市,鼓山區
209353,溪洲大橋,22.845541,120.481319,橋樑,🌉,高雄市,旗山區
209355,火山橋,23.01277,120.57668,橋樑,🌉,高雄市,杉林區
209357,防汛用路,22.91354,120.22683,橋樑,🌉,高雄市,湖內區
209359,新發公路,23.04943,120.66914,橋樑,🌉,高雄市,六龜區
209360,楠梓仙溪橋,23.09475,120.59145,橋樑,🌉,高雄市,甲仙區
209363,福爾摩沙高速公路,22.83903,120.39289,橋樑,🌉,高雄市,田寮區
209364,高美大橋,22.848688,120.567824,橋樑,🌉,屏東縣,美濃區
209365,月眉橋,22.96118,120.52536,橋樑,🌉,高雄市,杉林區
209366,中山高速公路,22.78767,120.32076,橋樑,🌉,高雄市,燕巢區
209370,萬大大橋,22.59306,120.44222,橋樑,🌉,屏東縣,大寮區
209372,岡山北路,22.81451,120.276745,橋樑,🌉,高雄市,岡山區
209377,援中港大橋,22.717393,120.278183,橋樑,🌉,高雄市,楠梓區
209378,鳳旗路,22.753353,120.353316,橋樑,🌉,高雄市,燕巢區
209380,地景橋,22.884015,120.486495,橋樑,🌉,高雄市,旗山區
209381,廣澤街,22.57372,120.29624,海灘,🏖️,高雄市,旗津區
209384,仁武交流道,22.7077,120.36052,橋樑,🌉,高雄市,仁武區
209392,致遠路,22.793487,120.25841,機場,✈️,高雄市,岡山區
209403,大中一路,22.68055,120.322657,餐廳,🍴,高雄市,左營區
209534,滿金商行客家手工年糕,22.89024,120.54185,麵包店,🥐,高雄市,美濃區
209539,通安路,22.729746,120.251437,麵包店,🥐,高雄市,梓官區
209889,楠海路,22.70589,120.27627,體育館,🏋️,高雄市,楠梓區
209890,清水街,22.865366,120.532893,體育館,🏋️,高雄市,美濃區
209892,國家運動訓練中心,22.697351,120.2954,大學&學院,🎓,高雄市,左營區
209908,海軍大操場,22.69141,120.28766,體育館,🏋️,高雄市,左營區
209913,宏毅二路南十二巷,22.70956,120.306794,體育館,🏋️,高雄市,楠梓區
209917,室內綜合球場,22.64743,120.32658,體育館,🏋️,高雄市,三民區
209920,建國三路,22.638729,120.299093,體育館,🏋️,高雄市,三民區
209921,大榮街,22.653919,120.28074,公車站,🚌,高雄市,鼓山區
209972,瑤族滇緬風味小吃,22.83167,120.53715,餐廳,🍴,高雄市,美濃區
209974,麒麟巷,22.81012,120.40176,拉麵店,🍜,高雄市,燕巢區
209977,林園北路495巷,22.513504,120.391304,餐廳,🍴,高雄市,林園區
209978,林臭豆腐,22.4835,120.39804,餐廳,🍴,高雄市,林園區
209979,興田路,22.750934,120.4487,餐廳,🍴,高雄市,大樹區
209980,大昌街,22.78804,120.282494,拉麵店,🍜,高雄市,岡山區
209981,中華路,22.877125,120.571508,餐廳,🍴,高雄市,美濃區
209982,環館道路,22.756966,120.43973,餐廳,🍴,高雄市,大樹區
209984,田厝路125巷,22.500436,120.389393,餐廳,🍴,高雄市,林園區
209985,中山路二段,22.895721,120.517669,餐廳,🍴,高雄市,美濃區
209987,清豐二路,22.735316,120.32942,餐廳,🍴,高雄市,楠梓區
209988,建德路210巷14弄,22.64425,120.323027,餐廳,🍴,高雄市,三民區
209989,加仁路,22.727949,120.30053,餐廳,🍴,高雄市,楠梓區
209990,水江月藏傳禪茶房,22.89285,120.51261,餐廳,🍴,高雄市,美濃區
209992,小姜冰鎮滷味,22.55486,120.42519,餐廳,🍴,高雄市,大寮區
209995,溪州一路129巷6弄,22.517849,120.405054,餐廳,🍴,高雄市,林園區
209997,王公路216巷13弄,22.508988,120.38854,餐廳,🍴,高雄市,林園區
209998,中西路70巷1弄,22.794518,120.35889,餐廳,🍴,高雄市,燕巢區
209999,港埔三路112巷16弄,22.496901,120.383381,餐廳,🍴,高雄市,林園區
210001,高雄市鼓山區龍華國民小學,22.656321,120.29727,餐廳,🍴,高雄市,鼓山區
210003,仕豐路信義巷,22.750069,120.308983,餐廳,🍴,高雄市,橋頭區
210010,港埔國小,22.50412,120.37867,餐廳,🍴,高雄市,林園區
210014,大智路,22.87493,120.270226,餐廳,🍴,高雄市,路竹區
210024,大學十三街,22.731272,120.28587,餐廳,🍴,高雄市,楠梓區
210026,山仙路152巷,22.975096,120.542964,餐廳,🍴,高雄市,杉林區
210029,中崙二路526巷,22.603098,120.35195,餐廳,🍴,高雄市,鳳山區
210031,建成街,22.874924,120.191666,餐廳,🍴,高雄市,茄萣區
210033,中林路,22.523311,120.349509,餐廳,🍴,高雄市,小港區
210034,佳芬美食飯館,22.48775,120.39433,餐廳,🍴,高雄市,林園區
210039,餐廳,22.885722,120.66715,餐廳,🍴,高雄市,茂林區
210041,右昌街143巷30弄,22.710656,120.287923,餐廳,🍴,高雄市,楠梓區
210042,本館路,22.648011,120.34514,餐廳,🍴,高雄市,鳥松區
210044,烏撒霏荷路,23.239211,120.811621,山丘,⛰️,高雄市,桃源區
210046,大富街,22.806111,120.300559,餐廳,🍴,高雄市,岡山區
210052,中興路一段,22.88448,120.544446,餐廳,🍴,高雄市,美濃區
210053,光明路,22.87945,120.52385,拉麵店,🍜,高雄市,美濃區
210054,阿公店路三段,22.801826,120.27762,餐廳,🍴,高雄市,岡山區
210055,濃公路256巷,22.573166,120.415736,餐廳,🍴,高雄市,大寮區
210056,東林西路500巷,22.50381,120.383223,餐廳,🍴,高雄市,林園區
210057,鳳仁路,22.704672,120.34202,餐廳,🍴,高雄市,仁武區
210060,忠孝西路,22.506835,120.390293,餐廳,🍴,高雄市,林園區
210061,大華路214巷2弄,22.655672,120.33829,咖啡杯,☕,高雄市,鳥松區
210065,仁愛路235巷,22.50966,120.391256,餐廳,🍴,高雄市,林園區
210066,三民路,22.731296,120.341533,餐廳,🍴,高雄市,大社區
210070,檜之湯&檜之宴,22.73075,120.370247,餐廳,🍴,高雄市,大社區
210073,大學東路,22.725709,120.28993,餐廳,🍴,高雄市,楠梓區
210079,濱湖路,22.658994,120.359907,餐廳,🍴,高雄市,鳥松區
210087,港埔三路117巷,22.498189,120.384601,餐廳,🍴,高雄市,林園區
210090,王公國小,22.50494,120.388557,餐廳,🍴,高雄市,林園區
210094,仁雄路475巷,22.672925,120.333613,餐廳,🍴,高雄市,仁武區
210101,文化街,22.502315,120.393767,餐廳,🍴,高雄市,林園區
210108,過昌街38巷,22.585948,120.36181,餐廳,🍴,高雄市,鳳山區
210116,中山東路192巷107弄,22.624345,120.378993,餐廳,🍴,高雄市,鳳山區
210118,翠華路601巷,22.673554,120.291043,餐廳,🍴,高雄市,左營區
210124,中洲三路,22.6025,120.276393,餐廳,🍴,高雄市,旗津區
210140,鳳東二街,22.62779,120.38373,餐廳,🍴,高雄市,鳳山區
210145,廟前路1巷,22.612445,120.266407,餐廳,🍴,高雄市,旗津區
210148,中華路,22.85763,120.259175,餐廳,🍴,高雄市,路竹區
210153,甲仙國小,23.080642,120.58843,餐廳,🍴,高雄市,甲仙區
210162,惠豐街,22.72973,120.316847,餐廳,🍴,高雄市,楠梓區
210167,銘傳路85巷4弄,22.665556,120.282627,餐廳,🍴,高雄市,鼓山區
210173,田厝路100巷,22.50153,120.386967,餐廳,🍴,高雄市,林園區
210177,中山西路,22.659438,120.39176,餐廳,🍴,高雄市,鳥松區
210187,中華街,22.908516,120.226172,餐廳,🍴,高雄市,湖內區
210193,大學六十街,22.731091,120.27571,餐廳,🍴,高雄市,楠梓區
210199,後紅路,22.791262,120.30125,車站,🚉,高雄市,岡山區
210219,旗津二路,22.573501,120.298066,餐廳,🍴,高雄市,旗津區
210220,澄平街2巷,22.64553,120.345527,餐廳,🍴,高雄市,三民區
210236,中興路,22.792236,120.362417,餐廳,🍴,高雄市,燕巢區
210239,通安路181巷,22.730375,120.25272,餐廳,🍴,高雄市,梓官區
210240,智仁街,22.861696,120.262127,餐廳,🍴,高雄市,路竹區
210242,埤仔頭路32巷,22.681765,120.28964,餐廳,🍴,高雄市,左營區
210254,樹和路,22.754976,120.305103,餐廳,🍴,高雄市,橋頭區
210255,大學十九街,22.726506,120.282487,餐廳,🍴,高雄市,楠梓區
210277,陽信商業銀行,22.79643,120.296616,餐廳,🍴,高雄市,岡山區
210278,土庫路118巷30弄,22.738374,120.332057,餐廳,🍴,高雄市,楠梓區
210279,健民街,22.730378,120.32226,車站,🚉,高雄市,楠梓區
210298,忠孝路,22.790145,120.293934,餐廳,🍴,高雄市,岡山區
210325,鳳林路二段125巷,22.509915,120.395489,餐廳,🍴,高雄市,林園區
210344,茶太屋複合式餐廳,22.51207,120.39219,餐廳,🍴,高雄市,林園區
210354,深海釣客海鮮餐廳,22.67144,120.30075,餐廳,🍴,高雄市,左營區
210356,清成街,22.73732,120.336104,便利店,🏪,高雄市,楠梓區
210421,應安街,22.648134,120.340547,餐廳,🍴,高雄市,三民區
210430,四維四路,22.616819,120.30313,餐廳,🍴,高雄市,苓雅區
210434,大昌二路488巷,22.651464,120.331557,餐廳,🍴,高雄市,三民區
210438,美術北三路,22.663525,120.287397,餐廳,🍴,高雄市,鼓山區
210439,朝明路183巷,22.724855,120.328443,餐廳,🍴,高雄市,楠梓區
210443,覺民路64巷,22.6401,120.342623,餐廳,🍴,高雄市,三民區
210467,楠梓西巷27弄,22.729128,120.32851,自助洗衣店&乾洗店,🧺,高雄市,楠梓區
210492,愛國路61巷19弄,22.649688,120.32033,餐廳,🍴,高雄市,三民區
210505,文殿街,22.6385,120.351603,餐廳,🍴,高雄市,鳳山區
210519,鼎強街,22.669455,120.32391,餐廳,🍴,高雄市,三民區
210545,仁愛路,22.506016,120.39233,餐廳,🍴,高雄市,林園區
210560,大昌一路,22.65281,120.32758,餐廳,🍴,高雄市,三民區
210719,長壽路,22.885115,120.242973,餐廳,🍴,高雄市,湖內區
210722,德民路,22.722923,120.29664,餐廳,🍴,高雄市,楠梓區
210727,芎林一街,22.750696,120.330324,餐廳,🍴,高雄市,楠梓區
210741,中昌街,22.71846,120.286336,餐廳,🍴,高雄市,楠梓區
210755,大禹街,22.613001,120.309325,餐廳,🍴,高雄市,前鎮區
211023,和美成功牛排附近,24.109187,120.498308,超市,🛒,彰化縣,和東里
211024,隆鼎實業,24.037831,120.506968,森林,🌲,彰化縣,安東村
211025,進興餅店,24.036218,120.505862,麵包店,🥐,彰化縣,莊雅村
211026,農聯社,24.933081,121.284717,超市,🛒,桃園市,福興里
211027,路易莎,24.927232,121.281413,咖啡杯,☕,桃園市,興中里
211028,成功車站,24.11531,120.589163,車站,🚉,臺中市,烏日區
211030,公車純點,22.823773,120.238119,公車站,🚌,高雄市,永安區
211031,公車純點,22.731995,120.253527,公車站,🚌,高雄市,梓官區
211032,固執廚師甜點,23.326602,120.255074,麵包店,🥐,臺南市,義中里
211034,嘉年華冰果店,24.435782,118.238374,森林,🌲,金門縣,西口村
211035,集山路二段,23.795167,120.71069,餐廳,🍴,南投縣,山崇里
211036,名水路二段,23.82189,120.817772,水邊,🌊,南投縣,富山里
211037,順發3C量販,22.968041,120.28359,電器行,🔌,臺南市,南保里
211038,全聯福利中心文化店,22.970663,120.285369,超市,🛒,臺南市,南保里
211039,力璞當代社區,25.007892,121.296624,義式餐廳,🍝,桃園市,南埔里
211040,國安街巷內,23.019894,120.188217,藥局,💊,臺南市,幸福里
211041,海樂地輕軌,25.200084,121.434057,車站,🚉,新北市,淡水區
211042,光復車站,23.66567,121.420217,車站,🚉,花蓮縣,大華村
211043,祥和三街（偏果菜市場）,23.150924,120.175372,超市,🛒,臺南市,南勢里
211044,在Google Map上有個皓食間的店,23.976682,120.681522,五金行,🔧,南投縣,中山里
211045,戴偉俊皮膚科診所,23.976973,120.681712,美容院,💅,南投縣,中山里
211046,南投縣草屯鎮公所,23.973525,120.680188,圖書館,📚,南投縣,中山里
211047,屏東工業區四號門,22.636341,120.454944,森林,🌲,屏東縣,大洲里
211206,鼎盛街,22.632233,120.289637,甜點店,🍰,高雄市,前金區
211215,臥龍路23巷,22.637824,120.329246,文具店,✏️,高雄市,三民區
211308,大公路,22.793549,120.285547,文具店,✏️,高雄市,岡山區
211375,正義浸信會,25.03995,121.542045,美容院,💅,臺北市,大安區
211488,南園街127巷,23.007097,120.226829,甜點店,🍰,臺南市,北區
211500,延平路,23.173672,120.178532,美術館,🖼️,臺南市,六安里
211502,復華五街,23.01113,120.245411,文具店,✏️,臺南市,復國里
211508,民主街,23.12375,120.463446,文具店,✏️,臺南市,玉田里
211582,忠五路,24.997526,121.300767,美容院,💅,桃園市,中興里
211882,仁德街,25.051808,121.120375,文具店,✏️,桃園市,樹林里
211885,國際路二段273巷,24.99672,121.287368,壽司,🍣,桃園市,文中里
211888,宏昌十三街,24.98424,121.290894,文具店,✏️,桃園市,中山里
211889,潮州街,24.98809,121.299319,文具店,✏️,桃園市,泰山里
211899,豐田二路,24.927645,121.288751,文具店,✏️,桃園市,瑞豐里
212221,境福街,24.817106,120.961108,文具店,✏️,新竹市,北區
212226,南大路550巷,24.79565,120.963658,文具店,✏️,新竹市,東區
212237,公道五路二段,24.803709,120.996749,甜點店,🍰,新竹市,東區
212241,中正西路952巷,24.841547,120.979963,美容院,💅,新竹縣,竹北市
212254,關埔國小,24.788334,121.013462,美容院,💅,新竹市,東區
212255,新竹縣政府稅務局竹東分局,24.735886,121.091727,美容院,💅,新竹縣,竹東鎮
212371,健康路325巷,25.055413,121.566172,壽司,🍣,臺北市,松山區
212375,中山一路120巷,25.082173,121.47846,壽司,🍣,新北市,蘆洲區
212379,漢生東路113巷,25.01553,121.46865,壽司,🍣,新北市,板橋區
212380,建八路130巷,24.997451,121.489041,墨西哥餐廳,🌮,新北市,中和區
212514,三和路四段203巷,25.079787,121.483345,電影院,🎬,新北市,三重區
212517,漳和國中,25.000795,121.504228,電影院,🎬,新北市,中和區
212529,德行東路74巷,25.106165,121.527363,美容院,💅,臺北市,士林區
212573,三德街,25.013004,121.413597,美容院,💅,新北市,樹林區
212602,漢生東路313巷2弄,25.008244,121.473005,美容院,💅,新北市,板橋區
212633,詔安街,25.024928,121.514248,甜點店,🍰,臺北市,中正區
212724,中興里活動中心,23.006636,120.239952,服裝店,👕,臺南市,中興里
212725,綠光幼稚園 公車站,24.944679,121.25723,公車站,🚌,桃園市,仁美里
212726,全聯忠孝北店,22.970124,120.301054,超市,🛒,臺南市,歸仁里
212727,溪湖藝文館後面,23.96225,120.478817,圖書館,📚,彰化縣,太平里
212728,崁頂溪橋,23.026384,121.156899,橋樑,🌉,臺東縣,月眉里
212729,向陽綠大地,25.057232,121.594586,公園,🌳,臺北市,南港區
212730,公23號公園,25.197555,121.429068,公園,🌳,新北市,淡水區
212731,北投好市多,25.127564,121.470015,餐廳,🍴,臺北市,北投區
212732,民權六街37-43號,22.969723,120.286888,服裝店,👕,臺南市,南保里
212733,7-11仁川門市,22.970361,120.290544,便利店,🏪,臺南市,文化里
212734,土地公廟旁,24.791222,121.182917,麵包店,🥐,新竹縣,關西鎮
212735,大德街,24.791472,121.185806,路邊,🛣️,新竹縣,關西鎮
212736,高榮院區內,22.679611,120.323889,餐廳,🍴,高雄市,左營區
212741,成功大學歸仁校區,22.935386,120.273342,大學&學院,🎓,臺南市,六甲里
212744,成功大學安南校區,23.047122,120.15677,大學&學院,🎓,臺南市,媽祖宮里
212745,真理大學台南校區,23.21542,120.223746,大學&學院,🎓,臺南市,北勢里
212746,長榮大學,22.900036,120.272494,大學&學院,🎓,臺南市,大潭里
212749,操場,22.923167,120.230388,大學&學院,🎓,臺南市,保安里
212752,南50,23.216486,120.226811,大學&學院,🎓,臺南市,北勢里
212753,大學&學院,23.238496,120.178628,大學&學院,🎓,臺南市,秀昌里
212755,中華路53巷,23.064715,120.297744,大學&學院,🎓,臺南市,永就里
212756,鹽和街,23.035244,120.234832,大學&學院,🎓,臺南市,塩行里
212757,中信金融管理學院,23.063231,120.164345,大學&學院,🎓,臺南市,佃西里
212760,大橋五街,23.022037,120.227418,大學&學院,🎓,臺南市,大橋里
212761,文華一街,22.962303,120.242702,大學&學院,🎓,臺南市,仁德里
212763,國立臺南大學榮譽教學中心,22.977317,120.217486,大學&學院,🎓,臺南市,東區
212771,康寧大學台南校區,23.057861,120.15637,大學&學院,🎓,臺南市,媽祖宮里
212774,大學路,23.003358,120.216698,大學&學院,🎓,臺南市,東區
212777,自強網球場,22.999838,120.22313,大學&學院,🎓,臺南市,東區
212781,育英街,23.063461,120.159538,大學&學院,🎓,臺南市,公塭里
212782,中正南路242巷,23.026538,120.224732,大學&學院,🎓,臺南市,尚頂里
212784,中正南路一段,22.937888,120.277026,大學&學院,🎓,臺南市,六甲里
212785,嘉南藥理大學,22.920379,120.227153,大學&學院,🎓,臺南市,保安里
212788,171,23.183945,120.373918,大學&學院,🎓,臺南市,大崎里
212791,南寧街,22.984895,120.19919,大學&學院,🎓,臺南市,中西區
212797,航太系館,22.994909,120.22332,大學&學院,🎓,臺南市,東區
212798,新樓街,22.98967,120.214266,大學&學院,🎓,臺南市,東區
212801,台南醫院,22.996397,120.207762,大學&學院,🎓,臺南市,中西區
212805,大學路,22.998596,120.217174,大學&學院,🎓,臺南市,東區
212806,中正南路220巷,23.025015,120.221348,大學&學院,🎓,臺南市,尚頂里
212807,文華一街,22.959694,120.243798,大學&學院,🎓,臺南市,仁德里
212814,山丘,23.406159,120.451096,山丘,⛰️,嘉義縣,南鄉村
212815,下湖二街,22.987355,120.317434,山丘,⛰️,臺南市,下湖里
212816,山丘,23.058054,120.43756,山丘,⛰️,臺南市,中坑里
212817,山丘,23.122235,120.36752,山丘,⛰️,臺南市,內郭里
212818,山丘,22.9817,120.35587,山丘,⛰️,臺南市,新光里
212819,山丘,23.20542,120.33945,山丘,⛰️,臺南市,二鎮里
212820,關新一街135巷,23.00502,120.32091,山丘,⛰️,臺南市,埤頭里
212821,東西向快速公路 北門玉井線,23.140738,120.3566,山丘,⛰️,臺南市,石湖里
212823,山丘,23.294374,120.48333,山丘,⛰️,臺南市,關嶺里
212824,內灣,23.32536,120.52587,山丘,⛰️,臺南市,關嶺里
212825,大凍山步道,23.31966,120.50751,山丘,⛰️,臺南市,關嶺里
212826,山丘,23.25412,120.38321,山丘,⛰️,臺南市,旭山里
212827,山丘,23.17965,120.53081,山丘,⛰️,臺南市,灣丘里
212829,旺萊路636巷,22.96146,120.342746,山丘,⛰️,臺南市,松腳里
212830,山丘,23.16854,120.49749,山丘,⛰️,臺南市,灣丘里
212831,內角營區,23.398485,120.447695,山丘,⛰️,臺南市,內角里
212832,南173,23.03507,120.37319,山丘,⛰️,臺南市,礁坑里
212833,山丘,23.01106,120.47127,山丘,⛰️,臺南市,東和里
212837,山丘,23.39456,120.377881,山丘,⛰️,臺南市,上茄苳里
212838,山丘,23.02265,120.35073,山丘,⛰️,臺南市,知義里
212839,文忠路,22.972981,120.238962,山丘,⛰️,臺南市,仁德里
212840,南屏公路,22.950898,120.38451,山丘,⛰️,臺南市,崎頂里
212848,陽明交通大學台南校區,22.926431,120.299972,大學&學院,🎓,臺南市,沙崙里
212892,復國二路210巷,23.01224,120.24836,五金行,🔧,臺南市,復華里
212901,長安路94巷,23.35396,120.419224,五金行,🔧,臺南市,庄內里
212902,裕永一街,22.990904,120.246226,五金行,🔧,臺南市,東區
212911,金華路二段345巷,22.985745,120.190308,拉麵店,🍜,臺南市,南區
212912,京懋睿和,25.010812,121.220737,便利店,🏪,桃園市,青埔里
212913,進興巷上寮巷,22.676125,120.540749,水邊,🌊,屏東縣,進興村
212914,森林純點,23.02354,120.230521,森林,🌲,臺南市,東橋里
212915,新化19甲,23.024861,120.31291,餐廳,🍴,臺南市,知義里
212916,臺中市北屯區多功能草皮運動場,24.165721,120.73086,公園,🌳,臺中市,北屯區
212918,體育場後,23.324537,120.309305,水邊,🌊,臺南市,護鎮里
212919,台中市立梧棲曲棍球場,24.247507,120.551367,超市,🛒,臺中市,梧棲區
212920,卓蘭獅子館造型步道,24.311322,120.82284,文具店,✏️,苗栗縣,新厝里
212921,忠二路2巷,24.996979,121.304134,咖啡杯,☕,桃園市,中興里
212922,臺灣彰化地方法院彰化簡易庭（側面鐵柵欄旁）,24.108785,120.534865,服裝店,👕,彰化縣,糖友里
212923,平等路152巷,24.217776,120.579054,咖啡杯,☕,臺中市,沙鹿區
212924,誠品生活廣場,22.97232,120.183812,化妝品,💄,臺南市,南區
212931,府城新象,22.992295,120.168465,便利店,🏪,臺南市,安平區
212933,大民街58巷,23.008416,120.267319,餐廳,🍴,臺南市,大灣里
212938,台南高爾夫球場,23.03473,120.338706,文具店,✏️,臺南市,礁坑里
212939,台南高爾夫球場,23.033544,120.34298,文具店,✏️,臺南市,礁坑里
212947,南24,23.190614,120.18808,文具店,✏️,臺南市,佳興里
212957,民權路,23.131012,120.29779,韓國餐廳,🥘,臺南市,光文里
212968,大智街,23.122868,120.464819,文具店,✏️,臺南市,玉田里
212969,老塘湖藝術村,23.216996,120.207179,主題樂園,🎡,臺南市,豐和里
212973,南元休閒農場,23.242739,120.37975,主題樂園,🎡,臺南市,果毅里
212974,福爾摩沙高速公路,23.156822,120.346343,主題樂園,🎡,臺南市,渡拔里
212975,澐密戰備道路,23.18514,120.489897,主題樂園,🎡,臺南市,東勢里
212982,博物館區,23.100242,120.364113,主題樂園,🎡,臺南市,新莊里
212984,水邊,23.330786,120.280919,水邊,🌊,臺南市,汫水里
212985,福爾摩沙高速公路,22.895531,120.357549,水邊,🌊,高雄市,田寮區
212987,水邊,23.095135,120.487506,水邊,🌊,臺南市,三埔里
212989,臺南支線高速公路,23.062704,120.331568,水邊,🌊,臺南市,𦰡拔里
212991,茄拔路,23.179406,120.524886,水邊,🌊,臺南市,灣丘里
212992,水邊,23.254106,120.215846,水邊,🌊,臺南市,平和里
212993,南慶街68巷,23.114856,120.191768,水邊,🌊,臺南市,南海里
212995,南168-3,23.018445,120.377938,水邊,🌊,臺南市,大坑里
212996,水邊,23.080891,120.063806,水邊,🌊,臺南市,十份里
212997,水邊,23.086338,120.525522,水邊,🌊,臺南市,玉山里
212998,水邊,23.202055,120.492827,水邊,🌊,臺南市,照興里
212999,水邊,23.238966,120.323791,水邊,🌊,臺南市,中社里
213003,文平路,22.984035,120.177818,自助洗衣店&乾洗店,🧺,臺南市,安平區
213011,和真街,22.999819,120.190142,自助洗衣店&乾洗店,🧺,臺南市,中西區
213017,中洲五街173巷,22.903955,120.253789,車站,🚉,臺南市,中洲里
213018,果毅後旗站,23.29021,120.30712,車站,🚉,臺南市,人和里
213020,大內旗站,23.27476,120.29356,車站,🚉,臺南市,八翁里
213021,台糖鐵道自行車道,23.322086,120.26282,公園,🌳,臺南市,月港里
213026,中興路,23.193543,120.319923,車站,🚉,臺南市,隆田里
213028,第二月台,23.365531,120.359726,車站,🚉,臺南市,後壁里
213029,車站,23.2426,120.321619,車站,🚉,臺南市,中社里
213032,車站,23.068539,120.288678,車站,🚉,臺南市,新和里
213033,仁德,22.92358,120.240714,車站,🚉,臺南市,保安里
213034,第二月台,23.307483,120.324043,車站,🚉,臺南市,中營里
213035,建國路62巷,23.278428,120.3227,車站,🚉,臺南市,東昇里
213039,光明街,23.074794,120.288682,咖哩,🍛,臺南市,新和里
213040,光復路,23.127746,120.290972,餐廳,🍴,臺南市,文昌里
213044,龍城鵝肉海鮮餐廳,23.21524,120.27062,拉麵店,🍜,臺南市,開化里
213045,拉麵店,23.121211,120.18582,拉麵店,🍜,臺南市,竹林里
213047,餐廳,23.142192,120.38189,餐廳,🍴,臺南市,頭社里
213052,中正路33巷,23.312385,120.31547,拉麵店,🍜,臺南市,忠政里
213053,永成路二段,22.939789,120.195604,餐廳,🍴,臺南市,南區
213055,進學路250巷,23.16425,120.175917,拉麵店,🍜,臺南市,六安里
213056,中山路,23.12051,120.463158,拉麵店,🍜,臺南市,玉田里
213059,開元寺,23.01106,120.221416,拉麵店,🍜,臺南市,北區
213065,德光街,22.980214,120.221966,餐廳,🍴,臺南市,東區
213067,裕英街,22.986605,120.242632,超市,🛒,臺南市,東區
213069,建平十四街,22.996166,120.18195,拉麵店,🍜,臺南市,安平區
213071,老王麵店,23.00139,120.20432,拉麵店,🍜,臺南市,北區
213076,超盛號烘培手作早食,22.98739,120.18096,拉麵店,🍜,臺南市,安平區
213077,惠南街,22.980634,120.187874,拉麵店,🍜,臺南市,南區
213085,中正路155巷8弄,23.02974,120.250684,餐廳,🍴,臺南市,正強里
213091,崇德二十街,22.96783,120.228616,便利店,🏪,臺南市,東區
213093,大灣三街,23.00643,120.26281,拉麵店,🍜,臺南市,西灣里
213113,滿足花園,22.978635,120.30112,咖啡杯,☕,臺南市,八甲里
213114,虎山一街,22.944185,120.230112,咖啡杯,☕,臺南市,成功里
213115,南雄路二段705巷,22.970015,120.325198,咖啡杯,☕,臺南市,山西里
213117,茶的魔手,23.04738,120.19868,咖啡杯,☕,臺南市,原佃里
213118,咖啡杯,23.364701,120.431124,咖啡杯,☕,臺南市,昇安里
213119,森甜秘境,23.1351,120.438656,咖啡杯,☕,臺南市,豐里里
213120,本田路三段,23.04637,120.167672,咖啡杯,☕,臺南市,淵中里
213121,中山路414巷2弄,23.234268,120.34166,咖啡杯,☕,臺南市,水林里
213122,中山路383巷2弄,23.03672,120.253936,咖啡杯,☕,臺南市,埔園里
213125,開元路71巷,23.007534,120.217276,咖啡杯,☕,臺南市,北區
213126,周武街,23.313801,120.308299,咖啡杯,☕,臺南市,新北里
213129,咖啡杯,23.106229,120.350202,咖啡杯,☕,臺南市,明和里
213130,咖啡杯,23.135101,120.135013,咖啡杯,☕,臺南市,玉成里
213131,中正南路349巷,23.030044,120.223966,咖啡杯,☕,臺南市,尚頂里
213132,大同路二段61巷,22.98019,120.214306,咖啡杯,☕,臺南市,東區
213133,仁愛街,23.232735,120.35403,藥局,💊,臺南市,甲東里
213139,文賢路313巷34弄,23.00772,120.192554,咖啡杯,☕,臺南市,北區
213141,中山路,23.346375,120.412845,咖啡杯,☕,臺南市,永安里
213144,咖啡杯,23.278386,120.325479,咖啡杯,☕,臺南市,東昇里
213147,萬皇路,22.94065,120.182585,咖啡杯,☕,臺南市,南區
213148,佳西路,23.168821,120.169677,咖啡杯,☕,臺南市,安西里
213150,咖啡杯,22.986475,120.224988,咖啡杯,☕,臺南市,東區
213153,永成路一段646巷132弄,22.938451,120.195096,咖啡杯,☕,臺南市,南區
213158,中正三街56巷,22.964071,120.295098,咖啡杯,☕,臺南市,新厝里
213160,頂安街,23.04342,120.215738,咖啡杯,☕,臺南市,新順里
213161,鹽田路,23.033651,120.146762,咖啡杯,☕,臺南市,塩田里
213163,萬年路126巷19弄,22.933472,120.18557,咖啡杯,☕,臺南市,南區
213166,忠孝路137巷,23.310915,120.272321,咖啡杯,☕,臺南市,橋南里
213168,中華二路206巷,23.009069,120.234928,咖啡杯,☕,臺南市,五王里
213171,長和路二段,23.06349,120.219766,超市,🛒,臺南市,州南里
213175,安中路六段500巷,23.061719,120.132318,咖啡杯,☕,臺南市,城北里
213177,民權十街,22.966461,120.287436,咖啡杯,☕,臺南市,南保里
213190,國安街236巷,23.022504,120.185878,咖啡杯,☕,臺南市,國安里
213197,太子路172巷,22.99144,120.26248,便利店,🏪,臺南市,太子里
213212,海佃路二段102巷,23.031555,120.19113,咖啡杯,☕,臺南市,理想里
213216,進學街49巷,23.12199,120.202113,咖啡杯,☕,臺南市,慶安里
213238,仁愛路,23.182946,120.244,餐廳,🍴,臺南市,新興里
213314,中山路,23.354163,120.417509,咖啡杯,☕,臺南市,永安里
213364,黃記石頭火鍋,22.61227,120.332422,公車站,🚌,高雄市,前鎮區
213365,印度香料 馬薩拉餐廳 – Masala Indian Restaurant,24.86055,121.205123,義式餐廳,🍝,桃園市,上林里
213366,嘉義東石網寮村鹽田寮,23.436834,120.166377,水邊,🌊,嘉義縣,網寮村
213367,金衛亭浮誇壽司,24.142784,120.698397,公車站,🚌,臺中市,東區
213368,高鐵站前西路一段,25.010967,121.215559,車站,🚉,桃園市,青航里
213369,和陽行館,25.019753,121.223901,飯店,🏨,桃園市,青峰里
213370,餉潭支線,22.467187,120.59824,水邊,🌊,屏東縣,箕湖村
213371,國一橋,25.077502,121.517078,橋樑,🌉,臺北市,大同區
213372,光復路一段108巷,25.050963,121.470981,漢堡,🍔,新北市,三重區
213373,正義車站,22.632276,120.342189,車站,🚉,高雄市,苓雅區
213374,後潭夜市東山鴨頭,23.454254,120.345048,水邊,🌊,嘉義縣,後潭里
213375,牙刷純點,23.498701,120.383492,藥局,💊,嘉義縣,南新里
213376,有富養生素食館,22.648824,120.342084,餐廳,🍴,高雄市,鳥松區
213377,佳帥投幣式洗車,22.968413,120.280475,自助洗衣店&乾洗店,🧺,臺南市,南興里
213378,地下道,23.044628,121.164073,車站,🚉,臺東縣,里壠里
213379,白河全聯,23.345109,120.41418,超市,🛒,臺南市,白河里
213380,那一間咖啡,24.384321,120.678675,咖啡杯,☕,苗栗縣,玉田里
213381,裕芳食品田心店,24.41105,120.659395,麵包店,🥐,苗栗縣,田心里
213382,新竹市北區武陵路250巷42號,24.821603,120.97141,美容院,💅,新竹市,北區
213383,文化中心附近零食（嚼嚼嚼）,23.992644,121.62925,便利店,🏪,花蓮縣,民立里
213384,琉球海鮮城,22.969445,120.290389,服裝店,👕,臺南市,後市里
213385,東興派出所,24.206866,120.821081,公車站,🚌,臺中市,新社區
213386,超商,24.219603,120.701563,便利店,🏪,臺中市,潭子區
213387,詠宸手工銀絲卷專賣店,25.042588,121.243556,甜點店,🍰,桃園市,宏竹里
213388,田間小路無地標,24.680125,121.819461,飯店,🏨,宜蘭縣,協和村
213389,壽司郎台南永康店,23.042443,120.24337,壽司,🍣,臺南市,塩興里
213390,民雄慢靈魂咖啡,23.557841,120.42847,咖啡杯,☕,嘉義縣,中樂村
213391,交叉口,25.034819,121.212517,公車站,🚌,桃園市,橫峰里
213392,尚頂公園,23.02361,120.220845,公園,🌳,臺南市,尚頂里
213393,慶益企業社,23.724332,120.453843,甜點店,🍰,雲林縣,中溪里
255760,平鎮南勢郵局,24.91721,121.20925,郵局,📮,桃園市,平安里
255761,板橋區忠孝路48巷9弄17號、19號,25.000457,121.461926,漢堡,🍔,新北市,板橋區
255762,SHL Medical,25.057954,121.292453,公園,🌳,桃園市,瓦窯里
255763,美聯社超市,25.040666,121.457566,超市,🛒,新北市,新莊區
255764,藥局,24.405538,120.653113,郵局,📮,臺中市,大甲區
255765,全美皮鞋行,24.996569,121.308173,服裝店,👕,桃園市,永興里
255766,髮圈純點,23.493339,120.385236,服裝店,👕,嘉義縣,南新里
255767,賀采宴會廳門口前,23.467799,120.293843,飯店,🏨,嘉義縣,東勢里
255768,田園牛肉麵,24.907596,121.109873,拉麵店,🍜,桃園市,三湖里
255769,中山路125巷8號,24.906455,121.145944,公園,🌳,桃園市,紅梅里
255770,中山路105號,24.907241,121.146759,電器行,🔌,桃園市,梅新里
255771,校前路84號,24.90452,121.146776,山丘,⛰️,桃園市,梅新里
255772,鹿港頂番郵局,24.088081,120.482554,郵局,📮,彰化縣,頂番里
255773,全聯高樹信義店,22.823142,120.600466,超市,🛒,屏東縣,長榮村
255774,和緯路三段及文賢三街路口,23.011044,120.198411,水邊,🌊,臺南市,北區
255775,茶の魔手門口,22.785271,120.303777,咖啡杯,☕,高雄市,岡山區
255776,十字路口,25.089797,121.461947,水邊,🌊,新北市,蘆洲區
255777,大湖路與282巷交界,25.052942,121.352899,服裝店,👕,桃園市,大崗里
255778,隆億服裝材料廠,24.987885,121.329333,服裝店,👕,桃園市,山頂里
255780,仁美織造,24.987057,121.324355,服裝店,👕,桃園市,山頂里
255781,SOSL COFFEE,25.023536,121.292946,咖啡杯,☕,桃園市,北埔里
255782,迷你書,24.685841,120.912631,圖書館,📚,苗栗縣,仁愛里
255783,電器行,24.682882,120.908645,電器行,🔌,苗栗縣,仁愛里
255784,清水里97號,24.878843,121.153882,公園,🌳,新竹縣,新埔鎮
255785,揚昇路256號,24.880442,121.157225,餐廳,🍴,桃園市,永寧里
255786,東森路16號,24.887592,121.16139,飯店,🏨,桃園市,永寧里
255787,寶德里廣場,22.641418,120.335332,服裝店,👕,高雄市,三民區
255788,台鐵科工館車站,22.637372,120.325105,車站,🚉,高雄市,三民區
255789,秀才路207巷55-83號,24.899983,121.141912,公園,🌳,桃園市,大平里
255790,柑園郵局,24.954161,121.388113,郵局,📮,新北市,樹林區
255794,高原路,24.836533,121.178408,主題樂園,🎡,桃園市,高源
255796,橫豐產業道路,24.702902,121.131843,主題樂園,🎡,新竹縣,橫山鄉
255797,德昌街,24.868005,120.981996,主題樂園,🎡,新竹縣,新豐鄉
255798,六福村停車場,24.821094,121.185555,主題樂園,🎡,桃園市,高源
255801,主題樂園,24.652706,120.790251,主題樂園,🎡,苗栗縣,大山里
255802,火炎山遊樂區,24.41186,120.702576,主題樂園,🎡,苗栗縣,蕉埔里
255803,香格里拉樂園,24.623346,120.839899,主題樂園,🎡,苗栗縣,豐湖村
255804,飛牛牧場,24.435762,120.746386,主題樂園,🎡,苗栗縣,城南里
255805,三榮十六路1巷,24.110536,120.589706,公園,🌳,臺中市,烏日區
255814,南村路,23.964523,120.943353,山丘,⛰️,南投縣,南村里
255820,主題樂園,23.44749,120.538356,主題樂園,🎡,嘉義縣,社口村
255821,咩咩上樹萌寵樂園,23.470167,120.297239,主題樂園,🎡,嘉義縣,東勢里
255822,故宮北路,23.477961,120.301785,主題樂園,🎡,嘉義縣,東勢里
255823,中埔穀倉農創園區,23.448047,120.494349,主題樂園,🎡,嘉義縣,金蘭村
255824,長春產業道路,24.470022,121.78943,主題樂園,🎡,宜蘭縣,碧候村
255825,五濱路二段,24.688183,121.824,餐廳,🍴,宜蘭縣,季新村
255829,新生路,23.569119,119.57895,體育館,🏋️,澎湖縣,西文里
255833,中山路,24.001192,120.624442,主題樂園,🎡,彰化縣,同安村
255839,遠雄海洋公園,23.898791,121.600955,主題樂園,🎡,花蓮縣,鹽寮村
255841,富愛街,23.65336,121.452839,五金行,🔧,花蓮縣,南富村
255846,大埔鹽五金百貨賣場,23.99938,120.47801,餐廳,🍴,彰化縣,埔鹽村
255847,天掌五金,23.92962,120.47903,五金行,🔧,彰化縣,西勢里
255848,金馬路三段,24.080614,120.53009,五金行,🔧,彰化縣,西勢里
255851,旺客隆,23.96738,120.56766,五金行,🔧,彰化縣,南平里
255852,彰頂路208巷,24.085344,120.485282,五金行,🔧,彰化縣,頂番里
255853,員集路二段420巷,23.901689,120.587361,五金行,🔧,彰化縣,社頭村
255856,彰頂路326巷,24.086474,120.48265,五金行,🔧,彰化縣,頂番里
255868,牛埔東路,24.7969,120.94647,五金行,🔧,新竹市,香山區
255870,新奇五金量販百貨店,23.567655,119.584422,五金行,🔧,澎湖縣,西文里
255871,振宇五金 羅東店,24.676278,121.7754,五金行,🔧,宜蘭縣,東安里
255875,大學路三段,23.555346,120.437325,五金行,🔧,嘉義縣,東榮村
255878,水源路46巷,23.603534,120.46203,五金行,🔧,嘉義縣,平林里
255879,復興路,23.558501,120.425925,韓國餐廳,🥘,嘉義縣,西安村
255882,大同國小,23.460727,120.240468,五金行,🔧,嘉義縣,竹圍里
255884,忠孝路798巷15弄,23.517345,120.442396,五金行,🔧,嘉義市,東區
255885,一六旺大賣場,23.540305,120.18946,五金行,🔧,雲林縣,梧南村
255886,西平路,23.64762,120.559161,五金行,🔧,雲林縣,西平村
255887,文進街,23.6497,120.312539,餐廳,🍴,雲林縣,長南村
255888,延平路,23.799683,120.449107,服裝店,👕,雲林縣,中興里
255890,大雲林保齡球館,23.711171,120.534969,五金行,🔧,雲林縣,三平里
255891,中山路庄尾巷,23.760971,120.349011,五金行,🔧,雲林縣,南陽村
255893,國棟五金,23.95569,120.96597,五金行,🔧,南投縣,水頭里
255894,中正三路,23.973264,120.965443,餐廳,🍴,南投縣,西門里
255895,新嘉昌五金超市,23.98481,120.68176,五金行,🔧,南投縣,明正里
255896,百盛鐵氟龍股份有限公司,23.928336,120.667809,五金行,🔧,南投縣,新興里
255900,二崁一路276巷,24.32244,120.64733,五金行,🔧,臺中市,外埔區
255901,港富五金,24.23322,120.63375,五金行,🔧,臺中市,大雅區
255903,經貿十街,24.197236,120.655022,五金行,🔧,臺中市,西屯區
255904,軍福十八路,24.17876,120.718511,五金行,🔧,臺中市,北屯區
255907,新美街73巷,24.342519,120.618749,拉麵店,🍜,臺中市,大甲區
255908,美群路176巷,24.083235,120.708072,五金行,🔧,臺中市,大里區
255916,和祥七街,24.175756,120.72852,五金行,🔧,臺中市,北屯區
255917,遊園南路143巷,24.182718,120.58576,五金行,🔧,臺中市,龍井區
255918,東關路五段,24.206835,120.838501,五金行,🔧,臺中市,東勢區
255920,豐勢路,24.277394,120.774824,五金行,🔧,臺中市,石岡區
255921,錦州路461巷,24.079306,120.708728,五金行,🔧,臺中市,霧峰區
255924,中山路三段25巷,24.147992,120.71974,五金行,🔧,臺中市,太平區
255926,文化路一段,24.250631,120.528927,五金行,🔧,臺中市,梧棲區
255927,育英路,24.241245,120.71544,五金行,🔧,臺中市,豐原區
255928,鰲西路,24.25989,120.531265,五金行,🔧,臺中市,梧棲區
255932,永興順配管五金材料行,24.67269,120.87463,五金行,🔧,苗栗縣,大厝里
255936,南華路,24.47906,120.674683,五金行,🔧,苗栗縣,通南里
255937,忠孝路,24.504845,120.828367,五金行,🔧,苗栗縣,館東村
255938,中華路190巷,24.576055,120.825947,五金行,🔧,苗栗縣,福星里
255939,嘉豐二街一段,24.81722,121.030035,五金行,🔧,新竹縣,竹北市
255940,翔盛五金行,24.90196,121.04989,五金行,🔧,新竹縣,湖口鄉
255945,中和街201巷22弄,24.848021,121.006137,五金行,🔧,新竹縣,竹北市
255949,仁德一街,24.915831,121.281885,五金行,🔧,桃園市,仁善里
255951,信義路102巷2弄,24.884102,121.29151,拉麵店,🍜,桃園市,田心里
255952,神龍路,24.870036,121.218102,拉麵店,🍜,桃園市,中山里
255953,永豐南路,24.95925,121.278379,五金行,🔧,桃園市,白鷺里
255957,豐田路,24.935845,121.289203,五金行,🔧,桃園市,瑞興里
255960,大竹路649巷1弄,25.025695,121.256366,五金行,🔧,桃園市,大竹里
255961,文化路150巷,24.878355,121.290582,五金行,🔧,桃園市,一心里
255962,新埔七街118巷,25.02147,121.301551,五金行,🔧,桃園市,自強里
255964,和平街,24.972372,121.09968,便利店,🏪,桃園市,新生里
255965,豐德路,24.924546,121.285615,五金行,🔧,桃園市,瑞德里
255966,普光三街,24.947298,121.24657,五金行,🔧,桃園市,普慶里
255967,興福街,25.019642,121.25741,五金行,🔧,桃園市,中興里
255968,莊二街,25.022895,121.291251,五金行,🔧,桃園市,北埔里
255972,永義房屋新市行政中心店,25.191215,121.444798,五金行,🔧,新北市,淡水區
255980,二橋街,24.938986,121.336625,五金行,🔧,新北市,鶯歌區
255982,復興路497巷,24.983795,121.413537,五金行,🔧,新北市,樹林區
255998,光復路,24.031811,121.606276,自助洗衣店&乾洗店,🧺,花蓮縣,北埔村
256000,三民路16巷,24.490134,118.414594,拉麵店,🍜,金門縣,汶沙里
256006,民生路,25.011021,121.307517,自助洗衣店&乾洗店,🧺,桃園市,信光里
256007,僑愛巷,24.922564,121.292492,自助洗衣店&乾洗店,🧺,桃園市,仁義里
256012,順和路,24.858715,121.296945,飯店,🏨,桃園市,福安里
256020,興一街65巷5弄,25.015479,121.315527,甜點店,🍰,桃園市,會稽里
256029,游泳池,24.985395,121.508683,自助洗衣店&乾洗店,🧺,新北市,中和區
256041,關埔國小,24.789425,121.015293,自助洗衣店&乾洗店,🧺,新竹市,東區
256042,永安街,23.47013,120.441531,自助洗衣店&乾洗店,🧺,嘉義市,西區
256043,湖子內路,23.453521,120.44275,自助洗衣店&乾洗店,🧺,嘉義市,西區
256050,民生北路,23.602659,120.448105,自助洗衣店&乾洗店,🧺,嘉義縣,明華里
256054,建國東路312巷,24.096739,120.554692,自助洗衣店&乾洗店,🧺,彰化縣,阿夷里
256078,景仁街77巷3弄,24.998021,121.53829,自助洗衣店&乾洗店,🧺,臺北市,文山區
256079,中華路二段416巷,25.026784,121.504392,自助洗衣店&乾洗店,🧺,臺北市,萬華區
256084,更生路173巷,22.759175,121.146343,自助洗衣店&乾洗店,🧺,臺東縣,民族里
256096,珠浦西路50巷,24.437563,118.317105,電器行,🔌,金門縣,西門里
256097,順發3C,23.90559,120.69312,電器行,🔌,南投縣,振興里
256099,燦坤3C,23.98582,120.68315,電器行,🔌,南投縣,明正里
256101,大成一巷,23.971728,120.95053,電器行,🔌,南投縣,大城里
256102,新生路293巷,23.750965,120.675654,電器行,🔌,南投縣,中山里
256113,福德路,24.48787,120.677103,電器行,🔌,苗栗縣,通西里
256114,大智路,24.97865,121.325827,電器行,🔌,桃園市,大樹里
256115,新科光電,24.92055,121.28498,電器行,🔌,桃園市,仁善里
256118,增益電子,24.86455,121.29453,電器行,🔌,桃園市,美華里
256119,國際路二段,25.008421,121.285487,電器行,🔌,桃園市,中埔里
256120,大昌路一段,24.869704,121.21471,電器行,🔌,桃園市,中山里
256121,龍城新村,24.93321,121.257081,電器行,🔌,桃園市,龍安里
256126,龍祥路,24.86162,121.21667,美容院,💅,桃園市,龍星里
256127,天祥街32巷12弄,24.877521,121.288833,電器行,🔌,桃園市,一德里
256128,豐田三路,24.928452,121.28887,電器行,🔌,桃園市,興仁里
256131,春日路1629巷,25.02546,121.305306,電器行,🔌,桃園市,汴洲里
256135,桃鶯路,24.980594,121.321036,電器行,🔌,桃園市,大樹里
256138,西平路,23.711069,120.536999,電器行,🔌,雲林縣,三平里
256139,順發3C,23.7965,120.46694,電器行,🔌,雲林縣,廣福里
256141,明德北路二段,23.714574,120.534175,電器行,🔌,雲林縣,三平里
256142,工專路,23.704969,120.423124,電器行,🔌,雲林縣,新吉里
256146,林森路二段492巷,23.69844,120.422969,電器行,🔌,雲林縣,穎川里
256149,大學路二段,23.69901,120.543001,電器行,🔌,雲林縣,社口里
256150,學府路一段126巷,24.988519,121.452523,電器行,🔌,新北市,土城區
256153,林口夜市,25.08074,121.387152,電器行,🔌,新北市,林口區
256154,互助街,25.02752,121.462482,電器行,🔌,新北市,板橋區
256156,行政路,24.955345,121.351307,電器行,🔌,新北市,鶯歌區
256158,民生街1巷,24.936026,121.376925,電器行,🔌,新北市,三峽區
256160,民安路,25.02236,121.430086,電器行,🔌,新北市,新莊區
256164,南大路808巷,24.78855,120.965721,電器行,🔌,新竹市,東區
256165,NOVA,24.795174,121.00059,電器行,🔌,新竹市,東區
256168,環北路二段123巷,24.84777,121.017683,電器行,🔌,新竹縣,竹北市
256169,中華路,24.832895,121.003965,電器行,🔌,新竹縣,竹北市
256170,美森堡幼兒園,24.844331,120.995072,電器行,🔌,新竹縣,竹北市
256175,松延護理之家,23.47693,120.426799,電器行,🔌,嘉義市,西區
256178,昌哲空調科技有限公司,23.45416,120.44384,電器行,🔌,嘉義市,西區
256181,燦坤3C,23.45872,120.24155,電器行,🔌,嘉義縣,竹圍里
256183,蒜頭活動中心,23.493925,120.29101,電器行,🔌,嘉義縣,蒜頭村
256187,順發3C,24.04541,120.45821,電器行,🔌,彰化縣,番婆村
256192,和卿路,24.110064,120.494572,電器行,🔌,彰化縣,仁愛里
256193,金馬路三段539巷,24.077961,120.531028,電器行,🔌,彰化縣,西興里
256195,圳仔巷,23.900365,120.586423,電器行,🔌,彰化縣,社頭村
256199,電器行,23.973485,120.569963,電器行,🔌,彰化縣,南平里
256200,統合電器,24.33675,120.61932,電器行,🔌,臺中市,大甲區
256203,豐勢路458巷,24.269644,120.800196,電器行,🔌,臺中市,石岡區
256204,全國電子,24.23827,120.70365,電器行,🔌,臺中市,豐原區
256205,寺前巷,24.268978,120.80332,電器行,🔌,臺中市,石岡區
256208,得天街,24.196191,120.701741,電器行,🔌,臺中市,潭子區
256212,新政路,24.35103,120.619473,服裝店,👕,臺中市,大甲區
256214,建興北路17巷19弄,24.131745,120.721658,電器行,🔌,臺中市,太平區
256215,新平路一段,24.133729,120.71632,電器行,🔌,臺中市,太平區
256218,中山北路252巷,24.220561,120.646697,電器行,🔌,臺中市,大雅區
256222,三民路,23.048829,121.162228,電器行,🔌,臺東縣,中福里
256231,南澳鄉綜合運動場,24.46599,121.79948,圖書館,📚,宜蘭縣,南澳村
256243,四維高中,24.000892,121.592886,體育館,🏋️,花蓮縣,國慶里
256249,民權路,23.98593,121.624987,體育館,🏋️,花蓮縣,民立里
256251,花崗國中籃排運動場,23.97729,121.61251,拉麵店,🍜,花蓮縣,民族里
256256,浯江北堤路,24.4299,118.313503,體育館,🏋️,金門縣,南門里
256258,體育館,24.430208,118.242899,體育館,🏋️,金門縣,林湖村
256259,山丘,23.55474,120.9263,山丘,⛰️,南投縣,東埔村
256263,中正路,23.979509,120.693572,體育館,🏋️,南投縣,富寮里
256264,中興游泳池,23.941666,120.699196,體育館,🏋️,南投縣,光明里
256268,經國路四段,24.57723,120.84152,體育館,🏋️,苗栗縣,嘉盛里
256269,後龍國中,24.617794,120.785463,車站,🚉,苗栗縣,南龍里
256272,體育館,24.562806,120.814306,體育館,🏋️,苗栗縣,福麗里
256278,tasi taco's,25.115596,121.75579,墨西哥餐廳,🌮,基隆市,信義區
256281,摩天鎮E棟,25.075429,121.682266,餐廳,🍴,新北市,汐止區
256283,中興路二段671巷14弄,24.116785,120.688622,餐廳,🍴,臺中市,大里區
256287,青年街34巷15弄,23.469545,120.436484,五金行,🔧,嘉義市,西區
256289,達樂獅,22.79314,120.28602,美容院,💅,高雄市,岡山區
256290,蝦皮智取斗南延平店,23.690357,120.480307,甜點店,🍰,雲林縣,新光里
256291,路邊,22.694482,120.546757,餐廳,🍴,屏東縣,德成村
256292,三山國王廟,24.552842,120.814327,圖書館,📚,苗栗縣,高苗里
256294,25~23弄之間,25.083818,121.467378,路邊,🛣️,新北市,蘆洲區
256295,全國加油站後巷子,23.23413,120.175062,森林,🌲,臺南市,明宜里
256300,田心國小,24.880545,121.292465,主題樂園,🎡,桃園市,一心里
256306,中平路26巷,25.04314,121.445872,咖啡杯,☕,新北市,新莊區
256314,成功十一街,23.831085,120.781116,化妝品,💄,南投縣,和平里
256319,中正南路一段,22.963571,120.292282,化妝品,💄,臺南市,辜厝里
256320,化妝品,22.876495,121.228326,化妝品,💄,臺東縣,都蘭村
256321,化妝品,22.730828,120.40415,化妝品,💄,高雄市,大樹區
256326,ViVi PARK《昆陽街停車場》,25.05164,121.592498,車站,🚉,臺北市,南港區
256330,龍平八街,24.931715,121.256227,超市,🛒,桃園市,龍安里
256332,長興街二段,24.903976,121.283215,咖哩,🍛,桃園市,仁武里
256334,嘉豐五路一段,24.81313,121.02956,公園,🌳,新竹縣,竹北市
256382,同心街,23.704852,120.53579,電影院,🎬,雲林縣,鎮西里
256387,電影院,24.478949,118.427874,電影院,🎬,金門縣,光前里
256398,竹北外勞管理中心,24.852471,120.982858,動物園,🦒,新竹縣,竹北市
256407,科加六路,23.744273,120.546514,動物園,🦒,雲林縣,溪洲里
256413,雲70,23.750637,120.54732,動物園,🦒,雲林縣,埔尾村
256417,南6,23.2802,120.209244,動物園,🦒,臺南市,三慶里
256418,下湖路,24.646179,121.744527,動物園,🦒,宜蘭縣,得安村
256420,木柵動物園區,23.11202,121.19462,動物園,🦒,臺東縣,新興村
256440,明峰街2巷,25.071824,121.636038,餐廳,🍴,新北市,汐止區
256447,福德一路300巷,25.064204,121.630718,餐廳,🍴,新北市,汐止區
256449,東興街,25.017299,121.947233,餐廳,🍴,新北市,貢寮區
256460,中興街,24.997885,121.317217,餐廳,🍴,桃園市,成功里
256612,早餐店,24.76022,121.79247,餐廳,🍴,宜蘭縣,功勞村
256622,漢陽南路65巷,22.743272,121.1383,漢堡,🍔,臺東縣,豐盛里
256658,惠崙路,22.585096,120.486323,餐廳,🍴,屏東縣,萬惠村
256678,南華街,24.99455,121.306711,文具店,✏️,桃園市,西門里
256687,正氣路,22.758088,121.14548,拉麵店,🍜,臺東縣,民族里
256696,壽司郎,25.07512,121.370838,壽司,🍣,新北市,林口區
256698,榮華路二段,25.055604,121.444822,壽司,🍣,新北市,新莊區
256700,博客停車場,25.013805,121.221012,壽司,🍣,桃園市,青園里
256702,仁愛市民活動中心,24.902029,121.2754,壽司,🍣,桃園市,仁愛里
256710,藏壽司,24.15537,120.644082,壽司,🍣,臺中市,西屯區
256715,十甲路,24.14423,120.710386,壽司,🍣,臺中市,東區
256716,中山路金星一巷,24.24851,120.565609,壽司,🍣,臺中市,沙鹿區
256717,東明路175巷,24.111378,120.68502,壽司,🍣,臺中市,大里區
256718,爭鮮,23.96053,120.48306,餐廳,🍴,彰化縣,湖東里
256719,三多五街,23.972954,120.57359,壽司,🍣,彰化縣,三多里
256720,彰泰三街,24.095142,120.54716,咖啡杯,☕,彰化縣,茄南里
256723,雲林福順興,23.708359,120.429391,餐廳,🍴,雲林縣,立仁里
256725,餐廳,23.695656,120.422345,餐廳,🍴,雲林縣,穎川里
256733,裕農路446巷52弄,22.986542,120.23083,壽司,🍣,臺南市,東區
256743,美術東四路,22.664586,120.29074,壽司,🍣,高雄市,鼓山區
256750,壽司,22.54869,120.54376,壽司,🍣,屏東縣,光華里
256754,餐廳,24.930041,121.256361,餐廳,🍴,桃園市,龍平里
256757,社子街63巷,25.088732,121.50684,餐廳,🍴,臺北市,士林區
256759,文化北路一段542巷55弄,25.079291,121.369674,餐廳,🍴,新北市,林口區
256763,新光一街,24.837785,120.997653,餐廳,🍴,新竹縣,竹北市
256767,學府路,23.461301,120.48663,餐廳,🍴,嘉義市,東區
256770,山聆山依韓式料理餐廳,23.13121,121.18278,餐廳,🍴,臺東縣,大埔村
256773,公園路,22.6567,120.359517,餐廳,🍴,高雄市,鳥松區
256776,民雄工業區污水處理廠,23.519699,120.449266,橋樑,🌉,嘉義縣,福樂村
256777,豐華生物科技,23.525611,120.459897,藥局,💊,嘉義縣,北斗村
256778,旺萊山民雄工業店,23.518609,120.452245,麵包店,🥐,嘉義縣,北斗村
256789,大明高中大里舊校區（已遷校）,24.116298,120.68629,餐廳,🍴,臺中市,大里區
256792,上海路,23.7123,120.538155,餐廳,🍴,雲林縣,三平里
256794,保生街,23.552744,120.42905,餐廳,🍴,嘉義縣,中樂村
256796,東興路,22.994014,120.229414,餐廳,🍴,臺南市,東區
256799,裕興路129巷,22.671329,120.29331,餐廳,🍴,高雄市,鼓山區
256801,菸廠路,22.661836,120.505973,餐廳,🍴,屏東縣,瑞光里
256802,莊敬街一段106巷,22.684215,120.50287,餐廳,🍴,屏東縣,華山里
256804,光復南路46巷,25.04603,121.555796,餐廳,🍴,臺北市,松山區
256808,永春國小,24.13553,120.648716,餐廳,🍴,臺中市,南屯區
257249,國立嘉義大學民雄校區,23.541968,120.423609,大學&學院,🎓,嘉義縣,文隆村
257250,頭份麥當勞附近,24.694324,120.893451,餐廳,🍴,苗栗縣,合興里
257251,鄉下小徑,23.315346,120.263672,公園,🌳,臺南市,橋南里
257252,台南安平工業區大岳,22.967269,120.177877,水邊,🌊,臺南市,南區
257253,轉角遇見你 霧峰店,24.057619,120.709064,森林,🌲,臺中市,霧峰區
257254,全家福客家菜館,25.008266,121.301259,拉麵店,🍜,桃園市,慈文里
257255,台東大學知本校區,22.737445,121.069035,大學&學院,🎓,臺東縣,建農里
257256,蘆洲國中旁小巷,25.087509,121.465182,公園,🌳,新北市,蘆洲區
257257,沙鹿土地銀行迴轉道,24.241618,120.559604,美術館,🖼️,臺中市,沙鹿區
257258,民權路三段75巷,24.972,121.214222,路邊,🛣️,桃園市,三民里
257259,半導體封測大廠,24.870282,120.999444,水邊,🌊,新竹縣,湖口鄉
257260,楊新北路188巷16號,24.912053,121.153793,超市,🛒,桃園市,大同里
257261,鎮南國小旁,23.699912,120.540388,餐廳,🍴,雲林縣,社口里
257262,啟新橋12號,24.912318,121.153028,便利店,🏪,桃園市,大同里
257263,龍門土地公廟,23.559239,119.692681,海灘,🏖️,澎湖縣,龍門村
257264,穿龍生態工程實記,24.471038,120.830755,水邊,🌊,苗栗縣,福基村
257265,鄉間路邊,24.469889,120.826422,路邊,🛣️,苗栗縣,石墻村
257266,拉麵,23.468744,120.428366,拉麵店,🍜,嘉義市,西區
257267,無,24.987158,121.468901,電器行,🔌,新北市,土城區
257268,牙刷,24.26824,120.82687,藥局,💊,臺中市,東勢區
257269,兩棟之間,25.047143,121.585641,路邊,🛣️,臺北市,南港區
257270,圖書館,23.901951,120.691499,圖書館,📚,南投縣,三和里
257271,三鶯二橋,24.954252,121.374216,橋樑,🌉,新北市,樹林區
257272,全國電子南崁館,25.049574,121.290798,電器行,🔌,桃園市,錦興里
257273,美廉社,25.004801,121.303219,超市,🛒,桃園市,長安里
257274,泰山路上🎣擬餌純點,25.066359,121.425596,水邊,🌊,新北市,泰山區
257275,益豐路四段,24.147126,120.629371,美術館,🖼️,臺中市,南屯區
257276,桃園大圳,24.982277,121.292746,水邊,🌊,桃園市,中德里
257277,南陽街46巷,24.125393,120.661982,美容院,💅,臺中市,南區
257278,義豐蔥油派,24.621857,121.815472,甜點店,🍰,宜蘭縣,新城里
257279,國立中興大學,24.12099,120.676724,大學&學院,🎓,臺中市,南區
257280,桃園機場,25.085595,121.243784,機場,✈️,桃園市,埔心里
257281,南港車站,25.053771,121.609742,韓國餐廳,🥘,臺北市,南港區
257282,法服中心門口,22.696684,120.292507,公園,🌳,高雄市,左營區
257283,三芝南勢崗,25.261069,121.477866,海灘,🏖️,新北市,三芝區
257284,四維國小,22.59507,120.488966,拉麵店,🍜,屏東縣,四維村
257285,安平遊艇碼頭,22.993859,120.148653,海灘,🏖️,臺南市,安平區
257286,小品雅集,25.031536,121.541196,文具店,✏️,臺北市,大安區
257287,台中大遠百,24.163677,120.645821,化妝品,💄,臺中市,西屯區
257288,調查局,25.004048,121.497614,五金行,🔧,新北市,中和區
257289,特力屋,22.675507,120.319978,五金行,🔧,高雄市,左營區
257290,IKEA,24.148705,120.642907,咖啡杯,☕,臺中市,南屯區
257291,大慶車站,24.120505,120.647935,車站,🚉,臺中市,南區
257292,嘉市北港路博愛路口,23.477325,120.436066,郵局,📮,嘉義市,西區
257293,嘉市四維路全聯,23.487512,120.42774,超市,🛒,嘉義市,西區
257294,嘉市北社尾全家,23.493669,120.422739,便利店,🏪,嘉義市,西區
257295,嘉市北社尾擬餌,23.493099,120.428863,水邊,🌊,嘉義市,西區
257296,國華國中,24.678009,121.761125,咖哩,🍛,宜蘭縣,漢民里
257297,張國強診所,23.495194,121.380266,藥局,💊,花蓮縣,瑞美村
257298,台中西區,24.152065,120.65673,墨西哥餐廳,🌮,臺中市,西區
257299,仁和棒球場,24.91266,121.283832,體育館,🏋️,桃園市,仁善里
257300,三代冰店,23.959664,120.477249,餐廳,🍴,彰化縣,光華里
257301,羊腸小徑,22.741617,120.295481,路邊,🛣️,高雄市,橋頭區
257302,河濱步道,25.070586,121.659387,水邊,🌊,新北市,汐止區
257303,服裝店,23.046868,120.21335,服裝店,👕,臺南市,新順里
257304,貿七公園,24.924334,121.251828,公園,🌳,桃園市,貿易里
257305,森林,24.934636,121.25418,森林,🌲,桃園市,龍東里
257306,公園,24.933384,121.245675,公園,🌳,桃園市,龍昌里
257307,水邊,24.938185,121.245967,水邊,🌊,桃園市,龍慈里
257308,凱兒堡幼兒園 公園純點,24.926561,121.285809,公園,🌳,桃園市,興仁里
257309,屏東加工區一號門路邊,22.642437,120.452947,森林,🌲,屏東縣,前進里
257310,泉裕織造,25.036885,121.252786,服裝店,👕,桃園市,宏竹里
257311,東勢許良宇圖書館,24.249964,120.834869,圖書館,📚,臺中市,東勢區
257312,興安路全家,23.460763,120.450311,便利店,🏪,嘉義市,東區
257314,文賢街38號,23.01207,120.268616,義式餐廳,🍝,臺南市,北灣里
257315,后湖風獅爺,24.420309,118.342364,山丘,⛰️,金門縣,榜林村
257316,光州七街82號,22.992852,120.161511,服裝店,👕,臺南市,安平區
257317,Home炸雞,24.988133,121.305654,漢堡,🍔,桃園市,南門里
257318,十字路口,25.08693,121.464318,路邊,🛣️,新北市,蘆洲區
257319,昌平東二路住宅區,24.183875,120.688282,藥局,💊,臺中市,北屯區
257320,台1線（林西路附近）,22.773393,120.302248,森林,🌲,高雄市,橋頭區
257321,泰飛園 Thai Flight,23.704181,120.547102,電器行,🔌,雲林縣,公正里
257322,崇德十路二段74下,24.200549,120.67616,橋樑,🌉,臺中市,北屯區
257323,永義房屋,24.188106,120.682387,餐廳,🍴,臺中市,北屯區
257324,娘娘抖團購（河堤鼎中店）,22.666019,120.317491,超市,🛒,高雄市,三民區
257325,錢都專用停車場,24.998776,121.305414,麵包店,🥐,桃園市,永安里
257326,南投服務區,23.899099,120.711258,餐廳,🍴,南投縣,振興里
257327,橋頭金玉堂,22.750612,120.309239,文具店,✏️,高雄市,橋頭區
257328,和懿堂中醫診所,24.102864,120.697125,便利店,🏪,臺中市,大里區
257329,品皇咖啡轉彎處（成功路上）,22.673356,120.48185,拉麵店,🍜,屏東縣,維新里
257330,新竹市咖啡店,24.801785,120.95768,咖啡杯,☕,新竹市,北區
257331,竹東麵包店,24.748315,121.07929,麵包店,🥐,新竹縣,竹東鎮
257332,永華十一街141巷,22.993139,120.160528,飯店,🏨,臺南市,安平區
257333,光州七街111-135,22.992877,120.160522,咖啡杯,☕,臺南市,安平區
257334,灶咖茶弄便利店,23.711852,120.437708,便利店,🏪,雲林縣,東仁里
257335,男女快剪100店門口牙刷純點,23.712149,120.437362,藥局,💊,雲林縣,東仁里
257336,燒便當,24.988923,121.302369,便利店,🏪,桃園市,玉山里
257337,西溪202路段,23.584187,119.635551,機場,✈️,澎湖縣,西溪村
257338,五金行路邊純點,24.957244,121.236548,路邊,🛣️,桃園市,普仁里
257339,停車場路邊純點,24.955308,121.231293,路邊,🛣️,桃園市,正義里
257340,東興森林純點,24.950242,121.228852,森林,🌲,桃園市,健行里
257341,頂埔火車站,24.843626,121.808305,車站,🚉,宜蘭縣,頂埔里
257342,公牛隊,23.027686,120.261503,餐廳,🍴,臺南市,龍潭里
257343,新化髮圈,23.034315,120.307205,服裝店,👕,臺南市,武安里
257344,安平韓國餐廳,22.991564,120.178461,韓國餐廳,🥘,臺南市,安平區
257345,BURNing美式碳烤牛排,24.785701,121.034215,橋樑,🌉,新竹縣,竹東鎮
257346,肆食早午餐,22.556092,120.542871,服裝店,👕,屏東縣,三共里
257347,三叉路口,23.430531,120.398681,公園,🌳,嘉義縣,水頭村
257348,路中間,23.466146,120.426242,路邊,🛣️,嘉義市,西區
257349,六甲區甲東北極殿,23.228246,120.354629,公車站,🚌,臺南市,甲南里
257350,潭子區農會,24.216093,120.687393,動物園,🦒,臺中市,潭子區
257351,民生路222巷29號(髮藝美髮工作坊),24.812631,120.976783,服裝店,👕,新竹市,東區
257352,光華街,23.960138,120.965658,餐廳,🍴,南投縣,同聲里
257353,7-11吉江門市,22.648508,120.307786,路邊,🛣️,高雄市,三民區
257354,拉拉山遊客中心,24.680086,121.384509,森林,🌲,桃園市,華陵里
257355,夯臭豆腐,24.809643,120.955038,韓國餐廳,🥘,新竹市,北區
257356,上安國小後門,24.173253,120.639054,公園,🌳,臺中市,西屯區
257357,隘界路,24.61941,121.83676,藥局,💊,宜蘭縣,永榮里
257358,鼎金國小裡面（操場到玄關中間）,22.656106,120.321846,郵局,📮,高雄市,三民區
257359,全家民雄正大店,23.546316,120.458897,便利店,🏪,嘉義縣,新山村
257360,長虹雲端科技大樓,25.061516,121.600292,森林,🌲,臺北市,內湖區
257361,鳳鳴車站,24.971514,121.338356,車站,🚉,新北市,鶯歌區
257362,大腳Ffoots義大利麵,25.05388,121.274656,餐廳,🍴,桃園市,蘆竹里
257363,博愛路到自強街口一帶 (莎凡思髮型屋前方附近),23.56668,120.30334,拉麵店,🍜,雲林縣,中和里
257364,廷宜有限公司,24.026855,120.50565,水邊,🌊,彰化縣,莊雅村
257365,秀中街無名早餐店,24.02283,120.506236,橋樑,🌉,彰化縣,曾厝村
257366,興家利傢俱,24.019257,120.537776,森林,🌲,彰化縣,花壇村
257367,永鈦鋼鐵工業股份有限公司,24.024055,120.536165,車站,🚉,彰化縣,花壇村
257368,北港武德宮後方停車場對面紅綠燈下方,23.580554,120.300725,服裝店,👕,雲林縣,新街里
257369,邦尼熊汽車旅館巷口,23.582976,120.301398,飯店,🏨,雲林縣,新街里
257370,派出所,23.941292,120.678194,公車站,🚌,南投縣,營南里
257371,牙刷,23.605919,120.397785,藥局,💊,嘉義縣,溪東村
257372,愛菲爾股份有限公司,24.180462,120.493748,文具店,✏️,彰化縣,全興村
257373,米塔手感 中央廚房,25.057649,121.628051,餐廳,🍴,新北市,汐止區
257374,橫圳街熊寶寶幼兒園三岔路口,24.356747,120.614909,服裝店,👕,臺中市,大甲區
257375,嘉義市忠孝路森林,23.503635,120.448689,森林,🌲,嘉義市,東區
257376,民雄頂崙村崙仔頂柑仔店,23.566848,120.437106,文具店,✏️,嘉義縣,頂崙村
257377,大林陳井寮滯洪池,23.609205,120.407615,水邊,🌊,嘉義縣,西結里
257378,溪口橋,23.605691,120.405185,橋樑,🌉,嘉義縣,坪頂村
257379,溪口玉津咖啡,23.604215,120.401374,咖啡杯,☕,嘉義縣,坪頂村
257380,溪口國小藝耀圖書館,23.604122,120.394157,圖書館,📚,嘉義縣,溪西村
257381,美廉社溪口店,23.602965,120.397235,超市,🛒,嘉義縣,溪東村
257382,桃機一航廈一號停車場,25.083131,121.238149,機場,✈️,桃園市,埔心里
257383,蜉蝣咖啡,24.438074,118.320828,咖啡杯,☕,金門縣,西門里
257384,喜福萊餐廳,24.902319,121.032584,拉麵店,🍜,新竹縣,湖口鄉
257385,南投縣政府後廣場,23.902419,120.689396,公園,🌳,南投縣,三和里
257386,髮飾,22.656184,120.49698,服裝店,👕,屏東縣,橋南里
257387,玉慶飼料行,22.595703,120.401343,藥局,💊,高雄市,大寮區
257388,忠義國小後門生態池,25.089987,121.46302,水邊,🌊,新北市,蘆洲區
257389,李將軍古宅-入口,25.086063,121.466665,水邊,🌊,新北市,蘆洲區
257390,旗美廣告,25.087253,121.463878,公園,🌳,新北市,蘆洲區
257391,台中搬家公司,24.179952,120.721733,美術館,🖼️,臺中市,北屯區
257392,星際遊戲場,25.079021,121.66521,公園,🌳,新北市,汐止區
257393,帆風公證入口處,22.662284,120.315046,咖啡杯,☕,高雄市,三民區
257394,路邊,22.661379,120.315496,公車站,🚌,高雄市,三民區
257395,後庄公車路,24.699,120.890144,公車站,🚌,苗栗縣,後庄里
257397,中壢,24.96631,121.21147,水邊,🌊,桃園市,三民里
257398,西螺休息站,23.789012,120.479877,拉麵店,🍜,雲林縣,振興里
257399,住家,24.139379,120.464667,森林,🌲,彰化縣,頂庄村
257400,欣園汽車旅館旁,23.307726,120.285745,藥局,💊,臺南市,嘉芳里
257401,雄獅文具,24.841572,121.19548,山丘,⛰️,桃園市,高原里
257402,田中,23.867542,120.56483,橋樑,🌉,彰化縣,三民里
257403,雜貨店,24.793036,121.179546,山丘,⛰️,新竹縣,關西鎮
257404,路邊,23.870729,120.538774,路邊,🛣️,彰化縣,東光里
257405,斗苑,23.876008,120.513122,餐廳,🍴,彰化縣,中寮里
257406,休息區,23.339438,120.313176,拉麵店,🍜,臺南市,竹新里
257407,崇學國小後面操場旁馬路,22.978673,120.225239,麵包店,🥐,臺南市,東區
257408,富野渡假酒店旁邊停車場🅿️,22.749983,121.153596,拉麵店,🍜,臺東縣,成功里
257409,服飾店髮圈,23.605047,120.397005,服裝店,👕,嘉義縣,溪東村
257410,公車站,23.60567,120.403319,公車站,🚌,嘉義縣,坪頂村
257411,中央公園,24.182816,120.656862,公園,🌳,臺中市,西屯區
257412,櫻花青上森,24.15597,120.715262,公園,🌳,臺中市,太平區
257413,草民早午餐,22.762096,121.156407,咖啡杯,☕,臺東縣,中華里
257414,苗栗大口壽司,24.568143,120.815706,壽司,🍣,苗栗縣,文山里
257415,十字路口,24.32874,120.656369,餐廳,🍴,臺中市,外埔區
257416,楠梓監理站,22.732019,120.318471,公園,🌳,高雄市,楠梓區
257417,忠勇街424巷,24.96956,121.305078,服裝店,👕,桃園市,大勇里
257418,和仁國小旁,24.103402,120.496278,公園,🌳,彰化縣,山犁里
257419,布袋海灘,23.384419,120.143502,海灘,🏖️,嘉義縣,岑海里
257420,大園橋,23.972783,120.489045,水邊,🌊,彰化縣,湖東里
257421,NDHU學人宿舍,23.891649,121.539527,公園,🌳,花蓮縣,平和村
257422,行善路高架,25.065619,121.586146,橋樑,🌉,臺北市,內湖區
257423,崇德三十二街與長東街口,22.959979,120.229917,服裝店,👕,臺南市,東區
257424,開元路71巷,23.007639,120.216356,公園,🌳,臺南市,北區
257425,過埤路112巷21號,22.590949,120.364496,郵局,📮,高雄市,鳳山區
257426,山外兵棋室,24.445603,118.41501,麵包店,🥐,金門縣,山外里
257427,台中市立圖書館溪東分館,24.169736,120.721782,圖書館,📚,臺中市,北屯區
257428,過勇路277巷口,22.593475,120.362697,水邊,🌊,高雄市,鳳山區
257429,什麼路標都沒有的重劃區,24.120991,120.647279,水邊,🌊,臺中市,南區
257430,安南土城,23.056838,120.131248,公園,🌳,臺南市,城中里
257431,中華路二段國宅,25.027067,121.503737,森林,🌲,臺北市,萬華區
257432,中油,22.699799,120.302931,公車站,🚌,高雄市,楠梓區
257433,元龍宮,24.010513,120.815675,水邊,🌊,南投縣,福龜村
257434,莉髮造型沙龍,23.07283,120.29012,公園,🌳,臺南市,新和里
257435,青山街78號,24.793259,121.18503,森林,🌲,新竹縣,關西鎮
257436,彰北國民運動中心,24.092774,120.550662,橋樑,🌉,彰化縣,阿夷里
257437,番婆坑口公車站站牌,24.685991,121.053488,公車站,🚌,新竹縣,北埔鄉
257438,自由聯盟,24.702582,121.054407,超市,🛒,新竹縣,北埔鄉
257439,麵包純點,24.809236,120.956544,麵包店,🥐,新竹市,北區
257440,畫框純點-永安國小圍牆,24.184464,120.623349,美術館,🖼️,臺中市,西屯區
257441,廣慈圖書館,25.03832,121.582283,圖書館,📚,臺北市,信義區
257442,北埔麥客田園,24.697508,121.043196,主題樂園,🎡,新竹縣,北埔鄉
257443,第一航廈A5登記門,25.083588,121.237727,機場,✈️,桃園市,埔心里
257444,瑜珍髮型&蝦皮勝利店,24.861022,121.023504,服裝店,👕,新竹縣,湖口鄉